2025-11-05 10:19:19,969 - storage.local_storage - INFO - ✓ Banco de dados inicializado
2025-11-05 10:19:20,138 - backend.routes - INFO - ✓ Rotas registradas
2025-11-05 10:19:20,173 - backend.websocket_handlers - INFO - ✓ Handlers WebSocket registrados
2025-11-05 10:19:20,179 - backend.app - INFO - ✓ Backend Flask inicializado
2025-11-05 10:19:20,203 - __main__ - INFO - 
============================================================
2025-11-05 10:19:20,203 - __main__ - INFO -     PROCESS MONITOR DASHBOARD
2025-11-05 10:19:20,205 - __main__ - INFO -     Versão 1.0.0
2025-11-05 10:19:20,205 - __main__ - INFO - ============================================================

2025-11-05 10:19:20,211 - __main__ - INFO - ✓ Estrutura de diretórios verificada
2025-11-05 10:19:20,217 - __main__ - INFO - 🔧 Iniciando componentes...
2025-11-05 10:19:20,677 - __main__ - ERROR - Erro no orquestrador: Unexpected UTF-8 BOM (decode using utf-8-sig): line 1 column 1 (char 0)
2025-11-05 10:19:23,297 - __main__ - INFO - 
============================================================
2025-11-05 10:19:23,298 - __main__ - INFO - ✓ Dashboard disponível em: http://localhost:5000
2025-11-05 10:19:23,300 - __main__ - INFO - ✓ Versão TV disponível em: http://localhost:5000/tv
2025-11-05 10:19:23,301 - __main__ - INFO - ============================================================

2025-11-05 10:19:23,301 - __main__ - INFO - 🌐 Iniciando servidor web...
2025-11-05 10:19:26,078 - werkzeug - INFO - [31m[1mWARNING: This is a development server. Do not use it in a production deployment. Use a production WSGI server instead.[0m
 * Running on all addresses (0.0.0.0)
 * Running on http://127.0.0.1:5000
 * Running on http://192.168.0.39:5000
2025-11-05 10:19:26,079 - werkzeug - INFO - [33mPress CTRL+C to quit[0m
2025-11-05 10:19:49,573 - werkzeug - INFO - 127.0.0.1 - - [05/Nov/2025 10:19:49] "[33mGET /storage/screenshots/peoplesoft/screenshot_20251104_152434.png?t=1762348789511 HTTP/1.1[0m" 404 -
2025-11-05 10:19:51,273 - werkzeug - INFO - 127.0.0.1 - - [05/Nov/2025 10:19:51] "GET / HTTP/1.1" 200 -
2025-11-05 10:19:51,293 - werkzeug - INFO - 127.0.0.1 - - [05/Nov/2025 10:19:51] "[33mGET /api/screenshot/peoplesoft HTTP/1.1[0m" 404 -
2025-11-05 10:19:51,542 - werkzeug - INFO - 127.0.0.1 - - [05/Nov/2025 10:19:51] "GET /storage/logs/google_home.png?t=1762348791296 HTTP/1.1" 200 -
2025-11-05 10:20:06,611 - werkzeug - INFO - 127.0.0.1 - - [05/Nov/2025 10:20:06] "[33mGET /api/screenshot/peoplesoft HTTP/1.1[0m" 404 -
2025-11-05 10:20:06,910 - werkzeug - INFO - 127.0.0.1 - - [05/Nov/2025 10:20:06] "GET /storage/logs/google_home.png?t=1762348806613 HTTP/1.1" 200 -
2025-11-05 10:20:21,604 - werkzeug - INFO - 127.0.0.1 - - [05/Nov/2025 10:20:21] "[33mGET /api/screenshot/peoplesoft HTTP/1.1[0m" 404 -
2025-11-05 10:20:21,867 - werkzeug - INFO - 127.0.0.1 - - [05/Nov/2025 10:20:21] "GET /storage/logs/google_home.png?t=1762348821605 HTTP/1.1" 200 -
2025-11-05 10:20:36,606 - werkzeug - INFO - 127.0.0.1 - - [05/Nov/2025 10:20:36] "[33mGET /api/screenshot/peoplesoft HTTP/1.1[0m" 404 -
2025-11-05 10:20:36,866 - werkzeug - INFO - 127.0.0.1 - - [05/Nov/2025 10:20:36] "GET /storage/logs/google_home.png?t=1762348836608 HTTP/1.1" 200 -
2025-11-05 10:20:51,619 - werkzeug - INFO - 127.0.0.1 - - [05/Nov/2025 10:20:51] "[33mGET /api/screenshot/peoplesoft HTTP/1.1[0m" 404 -
2025-11-05 10:20:51,880 - werkzeug - INFO - 127.0.0.1 - - [05/Nov/2025 10:20:51] "GET /storage/logs/google_home.png?t=1762348851626 HTTP/1.1" 200 -
2025-11-05 10:21:06,611 - werkzeug - INFO - 127.0.0.1 - - [05/Nov/2025 10:21:06] "[33mGET /api/screenshot/peoplesoft HTTP/1.1[0m" 404 -
2025-11-05 10:21:06,873 - werkzeug - INFO - 127.0.0.1 - - [05/Nov/2025 10:21:06] "GET /storage/logs/google_home.png?t=1762348866613 HTTP/1.1" 200 -
2025-11-05 10:21:21,607 - werkzeug - INFO - 127.0.0.1 - - [05/Nov/2025 10:21:21] "[33mGET /api/screenshot/peoplesoft HTTP/1.1[0m" 404 -
2025-11-05 10:21:21,862 - werkzeug - INFO - 127.0.0.1 - - [05/Nov/2025 10:21:21] "GET /storage/logs/google_home.png?t=1762348881609 HTTP/1.1" 200 -
2025-11-05 10:21:36,600 - werkzeug - INFO - 127.0.0.1 - - [05/Nov/2025 10:21:36] "[33mGET /api/screenshot/peoplesoft HTTP/1.1[0m" 404 -
2025-11-05 10:21:36,872 - werkzeug - INFO - 127.0.0.1 - - [05/Nov/2025 10:21:36] "GET /storage/logs/google_home.png?t=1762348896602 HTTP/1.1" 200 -
2025-11-05 10:21:50,021 - werkzeug - INFO - 127.0.0.1 - - [05/Nov/2025 10:21:50] "GET / HTTP/1.1" 200 -
2025-11-05 10:21:50,040 - werkzeug - INFO - 127.0.0.1 - - [05/Nov/2025 10:21:50] "[33mGET /api/screenshot/peoplesoft HTTP/1.1[0m" 404 -
2025-11-05 10:21:50,286 - werkzeug - INFO - 127.0.0.1 - - [05/Nov/2025 10:21:50] "GET /storage/logs/google_home.png?t=1762348910043 HTTP/1.1" 200 -
2025-11-05 10:22:05,352 - werkzeug - INFO - 127.0.0.1 - - [05/Nov/2025 10:22:05] "[33mGET /api/screenshot/peoplesoft HTTP/1.1[0m" 404 -
2025-11-05 10:22:05,614 - werkzeug - INFO - 127.0.0.1 - - [05/Nov/2025 10:22:05] "GET /storage/logs/google_home.png?t=1762348925354 HTTP/1.1" 200 -
2025-11-05 10:22:20,356 - werkzeug - INFO - 127.0.0.1 - - [05/Nov/2025 10:22:20] "[33mGET /api/screenshot/peoplesoft HTTP/1.1[0m" 404 -
2025-11-05 10:22:20,597 - werkzeug - INFO - 127.0.0.1 - - [05/Nov/2025 10:22:20] "GET /storage/logs/google_home.png?t=1762348940361 HTTP/1.1" 200 -
2025-11-05 10:22:35,352 - werkzeug - INFO - 127.0.0.1 - - [05/Nov/2025 10:22:35] "[33mGET /api/screenshot/peoplesoft HTTP/1.1[0m" 404 -
2025-11-05 10:22:35,617 - werkzeug - INFO - 127.0.0.1 - - [05/Nov/2025 10:22:35] "GET /storage/logs/google_home.png?t=1762348955354 HTTP/1.1" 200 -
2025-11-05 10:22:39,264 - __main__ - INFO - 

🛑 Recebido sinal de interrupção...
2025-11-05 10:22:39,265 - __main__ - INFO - 👋 Encerrando aplicação...
2025-11-05 10:22:49,823 - storage.local_storage - INFO - ✓ Banco de dados inicializado
2025-11-05 10:22:49,833 - backend.routes - INFO - ✓ Rotas registradas
2025-11-05 10:22:49,834 - backend.websocket_handlers - INFO - ✓ Handlers WebSocket registrados
2025-11-05 10:22:49,834 - backend.app - INFO - ✓ Backend Flask inicializado
2025-11-05 10:22:49,834 - __main__ - INFO - 
============================================================
2025-11-05 10:22:49,835 - __main__ - INFO -     PROCESS MONITOR DASHBOARD
2025-11-05 10:22:49,835 - __main__ - INFO -     Versão 1.0.0
2025-11-05 10:22:49,835 - __main__ - INFO - ============================================================

2025-11-05 10:22:49,837 - __main__ - INFO - ✓ Estrutura de diretórios verificada
2025-11-05 10:22:49,838 - __main__ - INFO - 🔧 Iniciando componentes...
2025-11-05 10:22:49,840 - __main__ - ERROR - Erro no orquestrador: Unexpected UTF-8 BOM (decode using utf-8-sig): line 1 column 1 (char 0)
2025-11-05 10:22:52,840 - __main__ - INFO - 
============================================================
2025-11-05 10:22:52,840 - __main__ - INFO - ✓ Dashboard disponível em: http://localhost:5000
2025-11-05 10:22:52,840 - __main__ - INFO - ✓ Versão TV disponível em: http://localhost:5000/tv
2025-11-05 10:22:52,840 - __main__ - INFO - ============================================================

2025-11-05 10:22:52,841 - __main__ - INFO - 🌐 Iniciando servidor web...
2025-11-05 10:22:54,185 - werkzeug - INFO - [31m[1mWARNING: This is a development server. Do not use it in a production deployment. Use a production WSGI server instead.[0m
 * Running on all addresses (0.0.0.0)
 * Running on http://127.0.0.1:5000
 * Running on http://192.168.0.39:5000
2025-11-05 10:22:54,185 - werkzeug - INFO - [33mPress CTRL+C to quit[0m
2025-11-05 10:23:05,363 - werkzeug - INFO - 127.0.0.1 - - [05/Nov/2025 10:23:05] "[33mGET /api/screenshot/peoplesoft HTTP/1.1[0m" 404 -
2025-11-05 10:23:05,707 - werkzeug - INFO - 127.0.0.1 - - [05/Nov/2025 10:23:05] "GET /storage/logs/google_home.png?t=1762348985365 HTTP/1.1" 200 -
2025-11-05 10:23:20,360 - werkzeug - INFO - 127.0.0.1 - - [05/Nov/2025 10:23:20] "[33mGET /api/screenshot/peoplesoft HTTP/1.1[0m" 404 -
2025-11-05 10:23:20,626 - werkzeug - INFO - 127.0.0.1 - - [05/Nov/2025 10:23:20] "GET /storage/logs/google_home.png?t=1762349000364 HTTP/1.1" 200 -
2025-11-05 10:23:35,362 - werkzeug - INFO - 127.0.0.1 - - [05/Nov/2025 10:23:35] "[33mGET /api/screenshot/peoplesoft HTTP/1.1[0m" 404 -
2025-11-05 10:23:35,621 - werkzeug - INFO - 127.0.0.1 - - [05/Nov/2025 10:23:35] "GET /storage/logs/google_home.png?t=1762349015363 HTTP/1.1" 200 -
2025-11-05 10:23:50,356 - werkzeug - INFO - 127.0.0.1 - - [05/Nov/2025 10:23:50] "[33mGET /api/screenshot/peoplesoft HTTP/1.1[0m" 404 -
2025-11-05 10:23:50,618 - werkzeug - INFO - 127.0.0.1 - - [05/Nov/2025 10:23:50] "GET /storage/logs/google_home.png?t=1762349030357 HTTP/1.1" 200 -
2025-11-05 10:24:05,356 - werkzeug - INFO - 127.0.0.1 - - [05/Nov/2025 10:24:05] "[33mGET /api/screenshot/peoplesoft HTTP/1.1[0m" 404 -
2025-11-05 10:24:05,618 - werkzeug - INFO - 127.0.0.1 - - [05/Nov/2025 10:24:05] "GET /storage/logs/google_home.png?t=1762349045361 HTTP/1.1" 200 -
2025-11-05 10:24:20,356 - werkzeug - INFO - 127.0.0.1 - - [05/Nov/2025 10:24:20] "[33mGET /api/screenshot/peoplesoft HTTP/1.1[0m" 404 -
2025-11-05 10:24:20,617 - werkzeug - INFO - 127.0.0.1 - - [05/Nov/2025 10:24:20] "GET /storage/logs/google_home.png?t=1762349060359 HTTP/1.1" 200 -
2025-11-05 10:24:35,363 - werkzeug - INFO - 127.0.0.1 - - [05/Nov/2025 10:24:35] "[33mGET /api/screenshot/peoplesoft HTTP/1.1[0m" 404 -
2025-11-05 10:24:35,623 - werkzeug - INFO - 127.0.0.1 - - [05/Nov/2025 10:24:35] "GET /storage/logs/google_home.png?t=1762349075364 HTTP/1.1" 200 -
2025-11-05 10:24:50,357 - werkzeug - INFO - 127.0.0.1 - - [05/Nov/2025 10:24:50] "[33mGET /api/screenshot/peoplesoft HTTP/1.1[0m" 404 -
2025-11-05 10:24:50,618 - werkzeug - INFO - 127.0.0.1 - - [05/Nov/2025 10:24:50] "GET /storage/logs/google_home.png?t=1762349090359 HTTP/1.1" 200 -
2025-11-05 10:25:05,359 - werkzeug - INFO - 127.0.0.1 - - [05/Nov/2025 10:25:05] "[33mGET /api/screenshot/peoplesoft HTTP/1.1[0m" 404 -
2025-11-05 10:25:05,622 - werkzeug - INFO - 127.0.0.1 - - [05/Nov/2025 10:25:05] "GET /storage/logs/google_home.png?t=1762349105361 HTTP/1.1" 200 -
2025-11-05 10:25:20,375 - werkzeug - INFO - 127.0.0.1 - - [05/Nov/2025 10:25:20] "[33mGET /api/screenshot/peoplesoft HTTP/1.1[0m" 404 -
2025-11-05 10:25:20,617 - werkzeug - INFO - 127.0.0.1 - - [05/Nov/2025 10:25:20] "GET /storage/logs/google_home.png?t=1762349120377 HTTP/1.1" 200 -
2025-11-05 10:25:34,876 - __main__ - INFO - 

🛑 Recebido sinal de interrupção...
2025-11-05 10:25:34,876 - __main__ - INFO - 👋 Encerrando aplicação...
2025-11-05 10:29:32,408 - storage.local_storage - INFO - ✓ Banco de dados inicializado
2025-11-05 10:29:32,425 - backend.routes - INFO - ✓ Rotas registradas
2025-11-05 10:29:32,425 - backend.websocket_handlers - INFO - ✓ Handlers WebSocket registrados
2025-11-05 10:29:32,426 - backend.app - INFO - ✓ Backend Flask inicializado
2025-11-05 10:29:32,427 - __main__ - INFO - 
============================================================
2025-11-05 10:29:32,429 - __main__ - INFO -     PROCESS MONITOR DASHBOARD
2025-11-05 10:29:32,429 - __main__ - INFO -     Versão 1.0.0
2025-11-05 10:29:32,430 - __main__ - INFO - ============================================================

2025-11-05 10:29:32,434 - __main__ - INFO - ✓ Estrutura de diretórios verificada
2025-11-05 10:29:32,434 - __main__ - INFO - 🔧 Iniciando componentes...
2025-11-05 10:29:32,465 - storage.local_storage - INFO - ✓ Banco de dados inicializado
2025-11-05 10:29:32,479 - orchestrator.orchestrator - INFO - 📋 Orquestrador criado
2025-11-05 10:29:32,483 - orchestrator.orchestrator - INFO - ✓ SocketIO configurado no orquestrador
2025-11-05 10:29:32,486 - orchestrator.orchestrator - INFO - ============================================================
2025-11-05 10:29:32,494 - orchestrator.orchestrator - INFO - 🚀 INICIANDO ORQUESTRADOR
2025-11-05 10:29:32,497 - orchestrator.orchestrator - INFO - ============================================================
2025-11-05 10:29:32,498 - orchestrator.orchestrator - INFO - 🔧 Inicializando coletores...
2025-11-05 10:29:32,501 - collectors.base_collector - INFO - ✓ Coletor PeopleSoft inicializado
2025-11-05 10:29:32,502 - collectors.peoplesoft_collector - INFO - 🔍 DEBUG __init__: Filtros carregados do config:
2025-11-05 10:29:32,504 - collectors.peoplesoft_collector - INFO -    - Total de chaves: 9
2025-11-05 10:29:32,505 - collectors.peoplesoft_collector - INFO -    - Conteúdo: {'user_id': 'MBENITEZ', 'process_name': 'AJ_BU_PS_CLI', 'server': None, 'run_status': None, 'type': None, 'dist_status': None, 'instance_from': None, 'instance_to': None, 'time_filter': {'type': '0', 'value': '70', 'unit': '1'}}
2025-11-05 10:29:32,511 - orchestrator.orchestrator - INFO - ✓ Coletor peoplesoft inicializado
2025-11-05 10:29:32,513 - orchestrator.orchestrator - INFO - ⏭ Sistema oracle_fusion desabilitado, pulando...
2025-11-05 10:29:32,514 - orchestrator.orchestrator - INFO - ⏭ Sistema bonita desabilitado, pulando...
2025-11-05 10:29:32,516 - orchestrator.orchestrator - INFO - ⏭ Sistema n8n desabilitado, pulando...
2025-11-05 10:29:32,518 - orchestrator.orchestrator - INFO - ✓ 1 coletores inicializados
2025-11-05 10:29:32,519 - orchestrator.orchestrator - INFO - 📅 Agendando jobs de coleta...
2025-11-05 10:29:35,437 - __main__ - INFO - 
============================================================
2025-11-05 10:29:35,437 - __main__ - INFO - ✓ Dashboard disponível em: http://localhost:5000
2025-11-05 10:29:35,438 - __main__ - INFO - ✓ Versão TV disponível em: http://localhost:5000/tv
2025-11-05 10:29:35,438 - __main__ - INFO - ============================================================

2025-11-05 10:29:35,438 - __main__ - INFO - 🌐 Iniciando servidor web...
2025-11-05 10:29:37,012 - werkzeug - INFO - [31m[1mWARNING: This is a development server. Do not use it in a production deployment. Use a production WSGI server instead.[0m
 * Running on all addresses (0.0.0.0)
 * Running on http://127.0.0.1:5000
 * Running on http://192.168.0.39:5000
2025-11-05 10:29:37,015 - werkzeug - INFO - [33mPress CTRL+C to quit[0m
2025-11-05 10:29:37,136 - werkzeug - INFO - 127.0.0.1 - - [05/Nov/2025 10:29:37] "[33mGET /api/screenshot/peoplesoft HTTP/1.1[0m" 404 -
2025-11-05 10:29:37,509 - werkzeug - INFO - 127.0.0.1 - - [05/Nov/2025 10:29:37] "GET /storage/logs/google_home.png?t=1762349377138 HTTP/1.1" 200 -
2025-11-05 10:29:39,398 - apscheduler.scheduler - INFO - Adding job tentatively -- it will be properly scheduled when the scheduler starts
2025-11-05 10:29:39,399 - orchestrator.orchestrator - INFO - ✓ Job agendado: peoplesoft a cada 180s
2025-11-05 10:29:39,412 - apscheduler.scheduler - INFO - Adding job tentatively -- it will be properly scheduled when the scheduler starts
2025-11-05 10:29:39,412 - orchestrator.orchestrator - INFO - ✓ Jobs agendados
2025-11-05 10:29:39,480 - apscheduler.scheduler - INFO - Added job "Coleta peoplesoft" to job store "default"
2025-11-05 10:29:39,482 - apscheduler.scheduler - INFO - Added job "Limpeza diária" to job store "default"
2025-11-05 10:29:39,485 - apscheduler.scheduler - INFO - Scheduler started
2025-11-05 10:29:39,504 - orchestrator.orchestrator - INFO - ✓ Orquestrador ativo!
2025-11-05 10:29:39,542 - apscheduler.executors.default - INFO - Running job "Coleta peoplesoft (trigger: interval[0:03:00], next run at: 2025-11-05 10:29:39 -03)" (scheduled at 2025-11-05 10:29:39.398188-03:00)
2025-11-05 10:29:39,543 - orchestrator.orchestrator - INFO - 
📋 Jobs agendados (2):
2025-11-05 10:29:39,543 - orchestrator.orchestrator - INFO - 🔄 Coletando: peoplesoft
2025-11-05 10:29:39,544 - orchestrator.orchestrator - INFO -   • Coleta peoplesoft | próxima execução: 2025-11-05 10:32:39.398188-03:00
2025-11-05 10:29:39,544 - collectors.peoplesoft_collector - INFO - 📸 Coletando dados: PeopleSoft
2025-11-05 10:29:39,544 - orchestrator.orchestrator - INFO -   • Limpeza diária | próxima execução: 2025-11-06 02:00:00-03:00
2025-11-05 10:29:39,545 - collectors.peoplesoft_collector - INFO - 👀 Modo VISUAL ativado (com interface)
2025-11-05 10:29:50,354 - werkzeug - INFO - 127.0.0.1 - - [05/Nov/2025 10:29:50] "[33mGET /api/screenshot/peoplesoft HTTP/1.1[0m" 404 -
2025-11-05 10:29:50,614 - werkzeug - INFO - 127.0.0.1 - - [05/Nov/2025 10:29:50] "GET /storage/logs/google_home.png?t=1762349390356 HTTP/1.1" 200 -
2025-11-05 10:30:05,362 - werkzeug - INFO - 127.0.0.1 - - [05/Nov/2025 10:30:05] "[33mGET /api/screenshot/peoplesoft HTTP/1.1[0m" 404 -
2025-11-05 10:30:05,616 - werkzeug - INFO - 127.0.0.1 - - [05/Nov/2025 10:30:05] "GET /storage/logs/google_home.png?t=1762349405364 HTTP/1.1" 200 -
2025-11-05 10:30:10,383 - collectors.peoplesoft_collector - INFO - ✓ WebDriver inicializado
2025-11-05 10:30:10,383 - collectors.peoplesoft_collector - INFO - 🔐 Fazendo login...
2025-11-05 10:30:20,355 - werkzeug - INFO - 127.0.0.1 - - [05/Nov/2025 10:30:20] "[33mGET /api/screenshot/peoplesoft HTTP/1.1[0m" 404 -
2025-11-05 10:30:20,577 - collectors.peoplesoft_collector - ERROR - ❌ Erro ao capturar: Message: unknown error: net::ERR_CONNECTION_REFUSED
  (Session info: chrome=141.0.7390.125)
Stacktrace:
	GetHandleVerifier [0x0x7ff621d9e8e5+80021]
	GetHandleVerifier [0x0x7ff621d9e940+80112]
	(No symbol) [0x0x7ff621b2060f]
	(No symbol) [0x0x7ff621b1d0bf]
	(No symbol) [0x0x7ff621b0dae9]
	(No symbol) [0x0x7ff621b0f94e]
	(No symbol) [0x0x7ff621b0e0d2]
	(No symbol) [0x0x7ff621b0d859]
	(No symbol) [0x0x7ff621b0d51d]
	(No symbol) [0x0x7ff621b0b08c]
	(No symbol) [0x0x7ff621b0b91c]
	(No symbol) [0x0x7ff621b246da]
	(No symbol) [0x0x7ff621bca47e]
	(No symbol) [0x0x7ff621ba122a]
	(No symbol) [0x0x7ff621bc968a]
	(No symbol) [0x0x7ff621ba1003]
	(No symbol) [0x0x7ff621b695d1]
	(No symbol) [0x0x7ff621b6a3f3]
	GetHandleVerifier [0x0x7ff62205dc7d+2960429]
	GetHandleVerifier [0x0x7ff622057f3a+2936554]
	GetHandleVerifier [0x0x7ff622078977+3070247]
	GetHandleVerifier [0x0x7ff621db83ce+185214]
	GetHandleVerifier [0x0x7ff621dbfe1f+216527]
	GetHandleVerifier [0x0x7ff621da7b24+117460]
	GetHandleVerifier [0x0x7ff621da7cdf+117903]
	GetHandleVerifier [0x0x7ff621d8dbb8+11112]
	BaseThreadInitThunk [0x0x7fff592de8d7+23]
	RtlUserThreadStart [0x0x7fff5a568d9c+44]

Traceback (most recent call last):
  File "C:\Users\lymte\Documents\monitor_scheduler\collectors\peoplesoft_collector.py", line 150, in _capture_and_extract
    self.driver.get(self.base_url)
    ~~~~~~~~~~~~~~~^^^^^^^^^^^^^^^
  File "C:\Users\lymte\AppData\Roaming\Python\Python313\site-packages\selenium\webdriver\remote\webdriver.py", line 356, in get
    self.execute(Command.GET, {"url": url})
    ~~~~~~~~~~~~^^^^^^^^^^^^^^^^^^^^^^^^^^^
  File "C:\Users\lymte\AppData\Roaming\Python\Python313\site-packages\selenium\webdriver\remote\webdriver.py", line 347, in execute
    self.error_handler.check_response(response)
    ~~~~~~~~~~~~~~~~~~~~~~~~~~~~~~~~~^^^^^^^^^^
  File "C:\Users\lymte\AppData\Roaming\Python\Python313\site-packages\selenium\webdriver\remote\errorhandler.py", line 229, in check_response
    raise exception_class(message, screen, stacktrace)
selenium.common.exceptions.WebDriverException: Message: unknown error: net::ERR_CONNECTION_REFUSED
  (Session info: chrome=141.0.7390.125)
Stacktrace:
	GetHandleVerifier [0x0x7ff621d9e8e5+80021]
	GetHandleVerifier [0x0x7ff621d9e940+80112]
	(No symbol) [0x0x7ff621b2060f]
	(No symbol) [0x0x7ff621b1d0bf]
	(No symbol) [0x0x7ff621b0dae9]
	(No symbol) [0x0x7ff621b0f94e]
	(No symbol) [0x0x7ff621b0e0d2]
	(No symbol) [0x0x7ff621b0d859]
	(No symbol) [0x0x7ff621b0d51d]
	(No symbol) [0x0x7ff621b0b08c]
	(No symbol) [0x0x7ff621b0b91c]
	(No symbol) [0x0x7ff621b246da]
	(No symbol) [0x0x7ff621bca47e]
	(No symbol) [0x0x7ff621ba122a]
	(No symbol) [0x0x7ff621bc968a]
	(No symbol) [0x0x7ff621ba1003]
	(No symbol) [0x0x7ff621b695d1]
	(No symbol) [0x0x7ff621b6a3f3]
	GetHandleVerifier [0x0x7ff62205dc7d+2960429]
	GetHandleVerifier [0x0x7ff622057f3a+2936554]
	GetHandleVerifier [0x0x7ff622078977+3070247]
	GetHandleVerifier [0x0x7ff621db83ce+185214]
	GetHandleVerifier [0x0x7ff621dbfe1f+216527]
	GetHandleVerifier [0x0x7ff621da7b24+117460]
	GetHandleVerifier [0x0x7ff621da7cdf+117903]
	GetHandleVerifier [0x0x7ff621d8dbb8+11112]
	BaseThreadInitThunk [0x0x7fff592de8d7+23]
	RtlUserThreadStart [0x0x7fff5a568d9c+44]


2025-11-05 10:30:20,620 - werkzeug - INFO - 127.0.0.1 - - [05/Nov/2025 10:30:20] "GET /storage/logs/google_home.png?t=1762349420357 HTTP/1.1" 200 -
2025-11-05 10:30:27,480 - collectors.base_collector - ERROR - ❌ Erro em PeopleSoft: Falha ao capturar dados
2025-11-05 10:30:27,481 - processors.data_processors - INFO - ✓ Dados de peoplesoft processados
2025-11-05 10:30:27,497 - backend.websocket_handlers - INFO - 📡 Broadcasting update: peoplesoft
2025-11-05 10:30:27,499 - orchestrator.orchestrator - INFO - ✓ Coleta concluída: peoplesoft
2025-11-05 10:30:27,500 - apscheduler.executors.default - INFO - Job "Coleta peoplesoft (trigger: interval[0:03:00], next run at: 2025-11-05 10:32:39 -03)" executed successfully
2025-11-05 10:30:35,360 - werkzeug - INFO - 127.0.0.1 - - [05/Nov/2025 10:30:35] "[33mGET /api/screenshot/peoplesoft HTTP/1.1[0m" 404 -
2025-11-05 10:30:35,641 - werkzeug - INFO - 127.0.0.1 - - [05/Nov/2025 10:30:35] "GET /storage/logs/google_home.png?t=1762349435361 HTTP/1.1" 200 -
2025-11-05 10:30:50,774 - werkzeug - INFO - 127.0.0.1 - - [05/Nov/2025 10:30:50] "[33mGET /api/screenshot/peoplesoft HTTP/1.1[0m" 404 -
2025-11-05 10:30:51,036 - werkzeug - INFO - 127.0.0.1 - - [05/Nov/2025 10:30:51] "GET /storage/logs/google_home.png?t=1762349450778 HTTP/1.1" 200 -
2025-11-05 10:31:05,786 - werkzeug - INFO - 127.0.0.1 - - [05/Nov/2025 10:31:05] "[33mGET /api/screenshot/peoplesoft HTTP/1.1[0m" 404 -
2025-11-05 10:31:06,032 - werkzeug - INFO - 127.0.0.1 - - [05/Nov/2025 10:31:06] "GET /storage/logs/google_home.png?t=1762349465788 HTTP/1.1" 200 -
2025-11-05 10:31:20,781 - werkzeug - INFO - 127.0.0.1 - - [05/Nov/2025 10:31:20] "[33mGET /api/screenshot/peoplesoft HTTP/1.1[0m" 404 -
2025-11-05 10:31:21,045 - werkzeug - INFO - 127.0.0.1 - - [05/Nov/2025 10:31:21] "GET /storage/logs/google_home.png?t=1762349480783 HTTP/1.1" 200 -
2025-11-05 10:31:35,777 - werkzeug - INFO - 127.0.0.1 - - [05/Nov/2025 10:31:35] "[33mGET /api/screenshot/peoplesoft HTTP/1.1[0m" 404 -
2025-11-05 10:31:36,121 - werkzeug - INFO - 127.0.0.1 - - [05/Nov/2025 10:31:36] "GET /storage/logs/google_home.png?t=1762349495790 HTTP/1.1" 200 -
2025-11-05 10:32:02,775 - werkzeug - INFO - 127.0.0.1 - - [05/Nov/2025 10:32:02] "[33mGET /api/screenshot/peoplesoft HTTP/1.1[0m" 404 -
2025-11-05 10:32:03,043 - werkzeug - INFO - 127.0.0.1 - - [05/Nov/2025 10:32:03] "GET /storage/logs/google_home.png?t=1762349522778 HTTP/1.1" 200 -
2025-11-05 10:32:39,418 - apscheduler.executors.default - INFO - Running job "Coleta peoplesoft (trigger: interval[0:03:00], next run at: 2025-11-05 10:35:39 -03)" (scheduled at 2025-11-05 10:32:39.398188-03:00)
2025-11-05 10:32:39,422 - orchestrator.orchestrator - INFO - 🔄 Coletando: peoplesoft
2025-11-05 10:32:39,424 - collectors.peoplesoft_collector - INFO - 📸 Coletando dados: PeopleSoft
2025-11-05 10:32:39,426 - collectors.peoplesoft_collector - INFO - 👀 Modo VISUAL ativado (com interface)
2025-11-05 10:32:43,996 - collectors.peoplesoft_collector - INFO - ✓ WebDriver inicializado
2025-11-05 10:32:43,997 - collectors.peoplesoft_collector - INFO - 🔐 Fazendo login...
2025-11-05 10:32:55,108 - collectors.peoplesoft_collector - ERROR - ❌ Erro ao capturar: Message: unknown error: net::ERR_CONNECTION_REFUSED
  (Session info: chrome=141.0.7390.125)
Stacktrace:
	GetHandleVerifier [0x0x7ff6d012e8e5+80021]
	GetHandleVerifier [0x0x7ff6d012e940+80112]
	(No symbol) [0x0x7ff6cfeb060f]
	(No symbol) [0x0x7ff6cfead0bf]
	(No symbol) [0x0x7ff6cfe9dae9]
	(No symbol) [0x0x7ff6cfe9f94e]
	(No symbol) [0x0x7ff6cfe9e0d2]
	(No symbol) [0x0x7ff6cfe9d859]
	(No symbol) [0x0x7ff6cfe9d51d]
	(No symbol) [0x0x7ff6cfe9b08c]
	(No symbol) [0x0x7ff6cfe9b91c]
	(No symbol) [0x0x7ff6cfeb46da]
	(No symbol) [0x0x7ff6cff5a47e]
	(No symbol) [0x0x7ff6cff3122a]
	(No symbol) [0x0x7ff6cff5968a]
	(No symbol) [0x0x7ff6cff31003]
	(No symbol) [0x0x7ff6cfef95d1]
	(No symbol) [0x0x7ff6cfefa3f3]
	GetHandleVerifier [0x0x7ff6d03edc7d+2960429]
	GetHandleVerifier [0x0x7ff6d03e7f3a+2936554]
	GetHandleVerifier [0x0x7ff6d0408977+3070247]
	GetHandleVerifier [0x0x7ff6d01483ce+185214]
	GetHandleVerifier [0x0x7ff6d014fe1f+216527]
	GetHandleVerifier [0x0x7ff6d0137b24+117460]
	GetHandleVerifier [0x0x7ff6d0137cdf+117903]
	GetHandleVerifier [0x0x7ff6d011dbb8+11112]
	BaseThreadInitThunk [0x0x7fff592de8d7+23]
	RtlUserThreadStart [0x0x7fff5a568d9c+44]

Traceback (most recent call last):
  File "C:\Users\lymte\Documents\monitor_scheduler\collectors\peoplesoft_collector.py", line 150, in _capture_and_extract
    self.driver.get(self.base_url)
    ~~~~~~~~~~~~~~~^^^^^^^^^^^^^^^
  File "C:\Users\lymte\AppData\Roaming\Python\Python313\site-packages\selenium\webdriver\remote\webdriver.py", line 356, in get
    self.execute(Command.GET, {"url": url})
    ~~~~~~~~~~~~^^^^^^^^^^^^^^^^^^^^^^^^^^^
  File "C:\Users\lymte\AppData\Roaming\Python\Python313\site-packages\selenium\webdriver\remote\webdriver.py", line 347, in execute
    self.error_handler.check_response(response)
    ~~~~~~~~~~~~~~~~~~~~~~~~~~~~~~~~~^^^^^^^^^^
  File "C:\Users\lymte\AppData\Roaming\Python\Python313\site-packages\selenium\webdriver\remote\errorhandler.py", line 229, in check_response
    raise exception_class(message, screen, stacktrace)
selenium.common.exceptions.WebDriverException: Message: unknown error: net::ERR_CONNECTION_REFUSED
  (Session info: chrome=141.0.7390.125)
Stacktrace:
	GetHandleVerifier [0x0x7ff6d012e8e5+80021]
	GetHandleVerifier [0x0x7ff6d012e940+80112]
	(No symbol) [0x0x7ff6cfeb060f]
	(No symbol) [0x0x7ff6cfead0bf]
	(No symbol) [0x0x7ff6cfe9dae9]
	(No symbol) [0x0x7ff6cfe9f94e]
	(No symbol) [0x0x7ff6cfe9e0d2]
	(No symbol) [0x0x7ff6cfe9d859]
	(No symbol) [0x0x7ff6cfe9d51d]
	(No symbol) [0x0x7ff6cfe9b08c]
	(No symbol) [0x0x7ff6cfe9b91c]
	(No symbol) [0x0x7ff6cfeb46da]
	(No symbol) [0x0x7ff6cff5a47e]
	(No symbol) [0x0x7ff6cff3122a]
	(No symbol) [0x0x7ff6cff5968a]
	(No symbol) [0x0x7ff6cff31003]
	(No symbol) [0x0x7ff6cfef95d1]
	(No symbol) [0x0x7ff6cfefa3f3]
	GetHandleVerifier [0x0x7ff6d03edc7d+2960429]
	GetHandleVerifier [0x0x7ff6d03e7f3a+2936554]
	GetHandleVerifier [0x0x7ff6d0408977+3070247]
	GetHandleVerifier [0x0x7ff6d01483ce+185214]
	GetHandleVerifier [0x0x7ff6d014fe1f+216527]
	GetHandleVerifier [0x0x7ff6d0137b24+117460]
	GetHandleVerifier [0x0x7ff6d0137cdf+117903]
	GetHandleVerifier [0x0x7ff6d011dbb8+11112]
	BaseThreadInitThunk [0x0x7fff592de8d7+23]
	RtlUserThreadStart [0x0x7fff5a568d9c+44]


2025-11-05 10:33:02,784 - werkzeug - INFO - 127.0.0.1 - - [05/Nov/2025 10:33:02] "[33mGET /api/screenshot/peoplesoft HTTP/1.1[0m" 404 -
2025-11-05 10:33:03,044 - werkzeug - INFO - 127.0.0.1 - - [05/Nov/2025 10:33:03] "GET /storage/logs/google_home.png?t=1762349582786 HTTP/1.1" 200 -
2025-11-05 10:33:03,563 - collectors.base_collector - ERROR - ❌ Erro em PeopleSoft: Falha ao capturar dados
2025-11-05 10:33:03,564 - processors.data_processors - INFO - ✓ Dados de peoplesoft processados
2025-11-05 10:33:03,591 - backend.websocket_handlers - INFO - 📡 Broadcasting update: peoplesoft
2025-11-05 10:33:03,591 - orchestrator.orchestrator - INFO - ✓ Coleta concluída: peoplesoft
2025-11-05 10:33:03,593 - apscheduler.executors.default - INFO - Job "Coleta peoplesoft (trigger: interval[0:03:00], next run at: 2025-11-05 10:35:39 -03)" executed successfully
2025-11-05 10:34:02,781 - werkzeug - INFO - 127.0.0.1 - - [05/Nov/2025 10:34:02] "[33mGET /api/screenshot/peoplesoft HTTP/1.1[0m" 404 -
2025-11-05 10:34:03,040 - werkzeug - INFO - 127.0.0.1 - - [05/Nov/2025 10:34:03] "GET /storage/logs/google_home.png?t=1762349642800 HTTP/1.1" 200 -
2025-11-05 10:35:02,772 - werkzeug - INFO - 127.0.0.1 - - [05/Nov/2025 10:35:02] "[33mGET /api/screenshot/peoplesoft HTTP/1.1[0m" 404 -
2025-11-05 10:35:03,033 - werkzeug - INFO - 127.0.0.1 - - [05/Nov/2025 10:35:03] "GET /storage/logs/google_home.png?t=1762349702774 HTTP/1.1" 200 -
2025-11-05 10:35:39,413 - apscheduler.executors.default - INFO - Running job "Coleta peoplesoft (trigger: interval[0:03:00], next run at: 2025-11-05 10:38:39 -03)" (scheduled at 2025-11-05 10:35:39.398188-03:00)
2025-11-05 10:35:39,416 - orchestrator.orchestrator - INFO - 🔄 Coletando: peoplesoft
2025-11-05 10:35:39,417 - collectors.peoplesoft_collector - INFO - 📸 Coletando dados: PeopleSoft
2025-11-05 10:35:39,419 - collectors.peoplesoft_collector - INFO - 👀 Modo VISUAL ativado (com interface)
2025-11-05 10:35:43,901 - collectors.peoplesoft_collector - INFO - ✓ WebDriver inicializado
2025-11-05 10:35:43,905 - collectors.peoplesoft_collector - INFO - 🔐 Fazendo login...
2025-11-05 10:35:50,604 - collectors.peoplesoft_collector - ERROR - ❌ Erro ao capturar: Message: unknown error: net::ERR_CONNECTION_REFUSED
  (Session info: chrome=141.0.7390.125)
Stacktrace:
	GetHandleVerifier [0x0x7ff62c25e8e5+80021]
	GetHandleVerifier [0x0x7ff62c25e940+80112]
	(No symbol) [0x0x7ff62bfe060f]
	(No symbol) [0x0x7ff62bfdd0bf]
	(No symbol) [0x0x7ff62bfcdae9]
	(No symbol) [0x0x7ff62bfcf94e]
	(No symbol) [0x0x7ff62bfce0d2]
	(No symbol) [0x0x7ff62bfcd859]
	(No symbol) [0x0x7ff62bfcd51d]
	(No symbol) [0x0x7ff62bfcb08c]
	(No symbol) [0x0x7ff62bfcb91c]
	(No symbol) [0x0x7ff62bfe46da]
	(No symbol) [0x0x7ff62c08a47e]
	(No symbol) [0x0x7ff62c06122a]
	(No symbol) [0x0x7ff62c08968a]
	(No symbol) [0x0x7ff62c061003]
	(No symbol) [0x0x7ff62c0295d1]
	(No symbol) [0x0x7ff62c02a3f3]
	GetHandleVerifier [0x0x7ff62c51dc7d+2960429]
	GetHandleVerifier [0x0x7ff62c517f3a+2936554]
	GetHandleVerifier [0x0x7ff62c538977+3070247]
	GetHandleVerifier [0x0x7ff62c2783ce+185214]
	GetHandleVerifier [0x0x7ff62c27fe1f+216527]
	GetHandleVerifier [0x0x7ff62c267b24+117460]
	GetHandleVerifier [0x0x7ff62c267cdf+117903]
	GetHandleVerifier [0x0x7ff62c24dbb8+11112]
	BaseThreadInitThunk [0x0x7fff592de8d7+23]
	RtlUserThreadStart [0x0x7fff5a568d9c+44]

Traceback (most recent call last):
  File "C:\Users\lymte\Documents\monitor_scheduler\collectors\peoplesoft_collector.py", line 150, in _capture_and_extract
    self.driver.get(self.base_url)
    ~~~~~~~~~~~~~~~^^^^^^^^^^^^^^^
  File "C:\Users\lymte\AppData\Roaming\Python\Python313\site-packages\selenium\webdriver\remote\webdriver.py", line 356, in get
    self.execute(Command.GET, {"url": url})
    ~~~~~~~~~~~~^^^^^^^^^^^^^^^^^^^^^^^^^^^
  File "C:\Users\lymte\AppData\Roaming\Python\Python313\site-packages\selenium\webdriver\remote\webdriver.py", line 347, in execute
    self.error_handler.check_response(response)
    ~~~~~~~~~~~~~~~~~~~~~~~~~~~~~~~~~^^^^^^^^^^
  File "C:\Users\lymte\AppData\Roaming\Python\Python313\site-packages\selenium\webdriver\remote\errorhandler.py", line 229, in check_response
    raise exception_class(message, screen, stacktrace)
selenium.common.exceptions.WebDriverException: Message: unknown error: net::ERR_CONNECTION_REFUSED
  (Session info: chrome=141.0.7390.125)
Stacktrace:
	GetHandleVerifier [0x0x7ff62c25e8e5+80021]
	GetHandleVerifier [0x0x7ff62c25e940+80112]
	(No symbol) [0x0x7ff62bfe060f]
	(No symbol) [0x0x7ff62bfdd0bf]
	(No symbol) [0x0x7ff62bfcdae9]
	(No symbol) [0x0x7ff62bfcf94e]
	(No symbol) [0x0x7ff62bfce0d2]
	(No symbol) [0x0x7ff62bfcd859]
	(No symbol) [0x0x7ff62bfcd51d]
	(No symbol) [0x0x7ff62bfcb08c]
	(No symbol) [0x0x7ff62bfcb91c]
	(No symbol) [0x0x7ff62bfe46da]
	(No symbol) [0x0x7ff62c08a47e]
	(No symbol) [0x0x7ff62c06122a]
	(No symbol) [0x0x7ff62c08968a]
	(No symbol) [0x0x7ff62c061003]
	(No symbol) [0x0x7ff62c0295d1]
	(No symbol) [0x0x7ff62c02a3f3]
	GetHandleVerifier [0x0x7ff62c51dc7d+2960429]
	GetHandleVerifier [0x0x7ff62c517f3a+2936554]
	GetHandleVerifier [0x0x7ff62c538977+3070247]
	GetHandleVerifier [0x0x7ff62c2783ce+185214]
	GetHandleVerifier [0x0x7ff62c27fe1f+216527]
	GetHandleVerifier [0x0x7ff62c267b24+117460]
	GetHandleVerifier [0x0x7ff62c267cdf+117903]
	GetHandleVerifier [0x0x7ff62c24dbb8+11112]
	BaseThreadInitThunk [0x0x7fff592de8d7+23]
	RtlUserThreadStart [0x0x7fff5a568d9c+44]


2025-11-05 10:35:57,071 - collectors.base_collector - ERROR - ❌ Erro em PeopleSoft: Falha ao capturar dados
2025-11-05 10:35:57,078 - processors.data_processors - INFO - ✓ Dados de peoplesoft processados
2025-11-05 10:35:57,115 - backend.websocket_handlers - INFO - 📡 Broadcasting update: peoplesoft
2025-11-05 10:35:57,157 - orchestrator.orchestrator - INFO - ✓ Coleta concluída: peoplesoft
2025-11-05 10:35:57,195 - apscheduler.executors.default - INFO - Job "Coleta peoplesoft (trigger: interval[0:03:00], next run at: 2025-11-05 10:38:39 -03)" executed successfully
2025-11-05 10:36:04,745 - werkzeug - INFO - 127.0.0.1 - - [05/Nov/2025 10:36:04] "[33mGET /api/screenshot/peoplesoft HTTP/1.1[0m" 404 -
2025-11-05 10:36:04,961 - werkzeug - INFO - 127.0.0.1 - - [05/Nov/2025 10:36:04] "GET /storage/logs/google_home.png?t=1762349764780 HTTP/1.1" 200 -
2025-11-05 10:37:03,091 - werkzeug - INFO - 127.0.0.1 - - [05/Nov/2025 10:37:03] "[33mGET /api/screenshot/peoplesoft HTTP/1.1[0m" 404 -
2025-11-05 10:37:03,282 - werkzeug - INFO - 127.0.0.1 - - [05/Nov/2025 10:37:03] "GET /storage/logs/google_home.png?t=1762349823141 HTTP/1.1" 200 -
2025-11-05 10:37:23,215 - __main__ - INFO - 

🛑 Recebido sinal de interrupção...
2025-11-05 10:37:23,223 - orchestrator.orchestrator - INFO - 🛑 Parando orquestrador...
2025-11-05 10:37:23,247 - apscheduler.scheduler - INFO - Scheduler has been shut down
2025-11-05 10:37:23,259 - orchestrator.orchestrator - INFO - ✓ Orquestrador parado
2025-11-05 10:37:23,291 - __main__ - INFO - 

🛑 Recebido sinal de interrupção...
2025-11-05 10:37:23,458 - __main__ - INFO - 

🛑 Recebido sinal de interrupção...
2025-11-05 10:37:24,085 - orchestrator.orchestrator - INFO - 🛑 Parando orquestrador...
2025-11-05 10:37:24,252 - __main__ - INFO - 👋 Encerrando aplicação...
2025-11-05 12:36:14,483 - storage.local_storage - INFO - ✓ Banco de dados inicializado
2025-11-05 12:36:14,496 - backend.routes - INFO - ✓ Rotas registradas
2025-11-05 12:36:14,497 - backend.websocket_handlers - INFO - ✓ Handlers WebSocket registrados
2025-11-05 12:36:14,497 - backend.app - INFO - ✓ Backend Flask inicializado
2025-11-05 12:36:14,497 - __main__ - INFO - 
============================================================
2025-11-05 12:36:14,498 - __main__ - INFO -     PROCESS MONITOR DASHBOARD
2025-11-05 12:36:14,498 - __main__ - INFO -     Versão 1.0.0
2025-11-05 12:36:14,499 - __main__ - INFO - ============================================================

2025-11-05 12:36:14,501 - __main__ - INFO - ✓ Estrutura de diretórios verificada
2025-11-05 12:36:14,501 - __main__ - INFO - 🔧 Iniciando componentes...
2025-11-05 12:36:14,504 - storage.local_storage - INFO - ✓ Banco de dados inicializado
2025-11-05 12:36:14,505 - orchestrator.orchestrator - INFO - 📋 Orquestrador criado
2025-11-05 12:36:14,505 - orchestrator.orchestrator - INFO - ✓ SocketIO configurado no orquestrador
2025-11-05 12:36:14,506 - orchestrator.orchestrator - INFO - ============================================================
2025-11-05 12:36:14,506 - orchestrator.orchestrator - INFO - 🚀 INICIANDO ORQUESTRADOR
2025-11-05 12:36:14,506 - orchestrator.orchestrator - INFO - ============================================================
2025-11-05 12:36:14,506 - orchestrator.orchestrator - INFO - 🔧 Inicializando coletores...
2025-11-05 12:36:14,507 - orchestrator.orchestrator - INFO - ⏭ Sistema peoplesoft desabilitado, pulando...
2025-11-05 12:36:14,507 - orchestrator.orchestrator - INFO - ⏭ Sistema google desabilitado, pulando...
2025-11-05 12:36:14,507 - orchestrator.orchestrator - INFO - ⏭ Sistema oracle_fusion desabilitado, pulando...
2025-11-05 12:36:14,507 - orchestrator.orchestrator - INFO - ⏭ Sistema bonita desabilitado, pulando...
2025-11-05 12:36:14,508 - orchestrator.orchestrator - INFO - ⏭ Sistema n8n desabilitado, pulando...
2025-11-05 12:36:14,508 - orchestrator.orchestrator - INFO - ✓ 0 coletores inicializados
2025-11-05 12:36:14,508 - orchestrator.orchestrator - INFO - 📅 Agendando jobs de coleta...
2025-11-05 12:36:14,861 - apscheduler.scheduler - INFO - Adding job tentatively -- it will be properly scheduled when the scheduler starts
2025-11-05 12:36:14,861 - orchestrator.orchestrator - INFO - ✓ Jobs agendados
2025-11-05 12:36:14,868 - apscheduler.scheduler - INFO - Added job "Limpeza diária" to job store "default"
2025-11-05 12:36:14,868 - apscheduler.scheduler - INFO - Scheduler started
2025-11-05 12:36:14,869 - orchestrator.orchestrator - INFO - ✓ Orquestrador ativo!
2025-11-05 12:36:14,872 - orchestrator.orchestrator - INFO - 
📋 Jobs agendados (1):
2025-11-05 12:36:14,873 - orchestrator.orchestrator - INFO -   • Limpeza diária | próxima execução: 2025-11-06 02:00:00-03:00
2025-11-05 12:36:17,503 - __main__ - INFO - 
============================================================
2025-11-05 12:36:17,504 - __main__ - INFO - ✓ Dashboard disponível em: http://localhost:5000
2025-11-05 12:36:17,505 - __main__ - INFO - ✓ Versão TV disponível em: http://localhost:5000/tv
2025-11-05 12:36:17,506 - __main__ - INFO - ============================================================

2025-11-05 12:36:17,506 - __main__ - INFO - 🌐 Iniciando servidor web...
2025-11-05 12:36:17,573 - werkzeug - INFO - [31m[1mWARNING: This is a development server. Do not use it in a production deployment. Use a production WSGI server instead.[0m
 * Running on all addresses (0.0.0.0)
 * Running on http://127.0.0.1:5000
 * Running on http://192.168.0.39:5000
2025-11-05 12:36:17,574 - werkzeug - INFO - [33mPress CTRL+C to quit[0m
2025-11-05 12:36:22,647 - werkzeug - INFO - 127.0.0.1 - - [05/Nov/2025 12:36:22] "[33mGET /storage/screenshots/peoplesoft/screenshot_20251104_152434.png?t=1762356982541 HTTP/1.1[0m" 404 -
2025-11-05 12:36:24,607 - werkzeug - INFO - 127.0.0.1 - - [05/Nov/2025 12:36:24] "GET / HTTP/1.1" 200 -
2025-11-05 12:36:24,753 - werkzeug - INFO - 127.0.0.1 - - [05/Nov/2025 12:36:24] "GET /storage/logs/google_home.png HTTP/1.1" 200 -
2025-11-05 12:36:24,947 - werkzeug - INFO - 127.0.0.1 - - [05/Nov/2025 12:36:24] "GET /api/systems/all HTTP/1.1" 200 -
2025-11-05 12:36:25,087 - werkzeug - INFO - 127.0.0.1 - - [05/Nov/2025 12:36:25] "[33mGET /favicon.ico HTTP/1.1[0m" 404 -
2025-11-05 12:36:39,947 - werkzeug - INFO - 127.0.0.1 - - [05/Nov/2025 12:36:39] "GET /api/systems/all HTTP/1.1" 200 -
2025-11-05 12:36:48,673 - orchestrator.orchestrator - ERROR - ❌ Erro ao iniciar sistema google: Can't instantiate abstract class GoogleCollector without an implementation for abstract method 'test_connection'
2025-11-05 12:36:48,675 - werkzeug - INFO - 127.0.0.1 - - [05/Nov/2025 12:36:48] "[31m[1mPOST /api/systems/google/start HTTP/1.1[0m" 400 -
2025-11-05 12:36:54,633 - werkzeug - INFO - 127.0.0.1 - - [05/Nov/2025 12:36:54] "GET /api/systems/all HTTP/1.1" 200 -
2025-11-05 12:36:59,512 - werkzeug - INFO - 127.0.0.1 - - [05/Nov/2025 12:36:59] "[33mGET /api/screenshot/google HTTP/1.1[0m" 404 -
2025-11-05 12:36:59,774 - werkzeug - INFO - 127.0.0.1 - - [05/Nov/2025 12:36:59] "GET /storage/logs/google_home.png?t=1762357019513 HTTP/1.1" 200 -
2025-11-05 12:37:03,526 - orchestrator.orchestrator - ERROR - ❌ Erro ao iniciar sistema google: Can't instantiate abstract class GoogleCollector without an implementation for abstract method 'test_connection'
2025-11-05 12:37:03,528 - werkzeug - INFO - 127.0.0.1 - - [05/Nov/2025 12:37:03] "[31m[1mPOST /api/systems/google/start HTTP/1.1[0m" 400 -
2025-11-05 12:37:47,555 - __main__ - INFO - 

🛑 Recebido sinal de interrupção...
2025-11-05 12:37:47,556 - orchestrator.orchestrator - INFO - 🛑 Parando orquestrador...
2025-11-05 12:37:47,556 - apscheduler.scheduler - INFO - Scheduler has been shut down
2025-11-05 12:37:47,557 - orchestrator.orchestrator - INFO - ✓ Orquestrador parado
2025-11-05 12:37:47,557 - __main__ - INFO - 👋 Encerrando aplicação...
2025-11-05 12:42:50,274 - storage.local_storage - INFO - ✓ Banco de dados inicializado
2025-11-05 12:42:50,284 - backend.routes - INFO - ✓ Rotas registradas
2025-11-05 12:42:50,284 - backend.websocket_handlers - INFO - ✓ Handlers WebSocket registrados
2025-11-05 12:42:50,285 - backend.app - INFO - ✓ Backend Flask inicializado
2025-11-05 12:42:50,286 - __main__ - INFO - 
============================================================
2025-11-05 12:42:50,286 - __main__ - INFO -     PROCESS MONITOR DASHBOARD
2025-11-05 12:42:50,286 - __main__ - INFO -     Versão 1.0.0
2025-11-05 12:42:50,287 - __main__ - INFO - ============================================================

2025-11-05 12:42:50,288 - __main__ - INFO - ✓ Estrutura de diretórios verificada
2025-11-05 12:42:50,289 - __main__ - INFO - 🔧 Iniciando componentes...
2025-11-05 12:42:50,292 - storage.local_storage - INFO - ✓ Banco de dados inicializado
2025-11-05 12:42:50,293 - orchestrator.orchestrator - INFO - 📋 Orquestrador criado
2025-11-05 12:42:50,293 - orchestrator.orchestrator - INFO - ✓ SocketIO configurado no orquestrador
2025-11-05 12:42:50,294 - orchestrator.orchestrator - INFO - ============================================================
2025-11-05 12:42:50,294 - orchestrator.orchestrator - INFO - 🚀 INICIANDO ORQUESTRADOR
2025-11-05 12:42:50,294 - orchestrator.orchestrator - INFO - ============================================================
2025-11-05 12:42:50,295 - orchestrator.orchestrator - INFO - 🔧 Inicializando coletores...
2025-11-05 12:42:50,295 - collectors.base_collector - INFO - ✓ Coletor PeopleSoft inicializado
2025-11-05 12:42:50,296 - collectors.peoplesoft_collector - INFO - 🔍 DEBUG __init__: Filtros carregados do config:
2025-11-05 12:42:50,296 - collectors.peoplesoft_collector - INFO -    - Total de chaves: 9
2025-11-05 12:42:50,297 - collectors.peoplesoft_collector - INFO -    - Conteúdo: {'user_id': 'MBENITEZ', 'process_name': 'AJ_BU_PS_CLI', 'server': None, 'run_status': None, 'type': None, 'dist_status': None, 'instance_from': None, 'instance_to': None, 'time_filter': {'type': '0', 'value': '70', 'unit': '1'}}
2025-11-05 12:42:50,297 - orchestrator.orchestrator - INFO - ✓ Coletor peoplesoft inicializado
2025-11-05 12:42:50,298 - collectors.base_collector - INFO - ✓ Coletor Google inicializado
2025-11-05 12:42:50,298 - collectors.google_collector - INFO - 🔍 GoogleCollector inicializado: Google
2025-11-05 12:42:50,299 - orchestrator.orchestrator - INFO - ✓ Coletor google inicializado
2025-11-05 12:42:50,299 - orchestrator.orchestrator - INFO - ⏭ Sistema oracle_fusion desabilitado, pulando...
2025-11-05 12:42:50,300 - orchestrator.orchestrator - INFO - ⏭ Sistema bonita desabilitado, pulando...
2025-11-05 12:42:50,300 - orchestrator.orchestrator - INFO - ⏭ Sistema n8n desabilitado, pulando...
2025-11-05 12:42:50,301 - orchestrator.orchestrator - INFO - ✓ 2 coletores inicializados
2025-11-05 12:42:50,302 - orchestrator.orchestrator - INFO - 📅 Agendando jobs de coleta...
2025-11-05 12:42:50,617 - apscheduler.scheduler - INFO - Adding job tentatively -- it will be properly scheduled when the scheduler starts
2025-11-05 12:42:50,617 - orchestrator.orchestrator - INFO - ✓ Job agendado: peoplesoft a cada 180s
2025-11-05 12:42:50,619 - apscheduler.scheduler - INFO - Adding job tentatively -- it will be properly scheduled when the scheduler starts
2025-11-05 12:42:50,619 - orchestrator.orchestrator - INFO - ✓ Job agendado: google a cada 60s
2025-11-05 12:42:50,629 - apscheduler.scheduler - INFO - Adding job tentatively -- it will be properly scheduled when the scheduler starts
2025-11-05 12:42:50,629 - orchestrator.orchestrator - INFO - ✓ Jobs agendados
2025-11-05 12:42:50,636 - apscheduler.scheduler - INFO - Added job "Coleta peoplesoft" to job store "default"
2025-11-05 12:42:50,636 - apscheduler.scheduler - INFO - Added job "Coleta google" to job store "default"
2025-11-05 12:42:50,637 - apscheduler.scheduler - INFO - Added job "Limpeza diária" to job store "default"
2025-11-05 12:42:50,638 - apscheduler.scheduler - INFO - Scheduler started
2025-11-05 12:42:50,639 - orchestrator.orchestrator - INFO - ✓ Orquestrador ativo!
2025-11-05 12:42:50,640 - apscheduler.executors.default - INFO - Running job "Coleta peoplesoft (trigger: interval[0:03:00], next run at: 2025-11-05 12:45:50 -03)" (scheduled at 2025-11-05 12:42:50.616636-03:00)
2025-11-05 12:42:50,640 - apscheduler.executors.default - INFO - Running job "Coleta google (trigger: interval[0:01:00], next run at: 2025-11-05 12:43:50 -03)" (scheduled at 2025-11-05 12:42:50.619278-03:00)
2025-11-05 12:42:50,641 - orchestrator.orchestrator - INFO - 🔄 Coletando: peoplesoft
2025-11-05 12:42:50,641 - orchestrator.orchestrator - INFO - 
📋 Jobs agendados (3):
2025-11-05 12:42:50,641 - orchestrator.orchestrator - INFO - 🔄 Coletando: google
2025-11-05 12:42:50,642 - collectors.peoplesoft_collector - INFO - 📸 Coletando dados: PeopleSoft
2025-11-05 12:42:50,642 - orchestrator.orchestrator - INFO -   • Coleta google | próxima execução: 2025-11-05 12:43:50.619278-03:00
2025-11-05 12:42:50,642 - collectors.google_collector - INFO - 📸 Coletando dados: Google
2025-11-05 12:42:50,643 - collectors.peoplesoft_collector - INFO - 🎭 Modo HEADLESS ativado (sem interface visual)
2025-11-05 12:42:50,643 - orchestrator.orchestrator - INFO -   • Coleta peoplesoft | próxima execução: 2025-11-05 12:45:50.616636-03:00
2025-11-05 12:42:50,643 - collectors.google_collector - INFO - 🎭 Modo HEADLESS ativado
2025-11-05 12:42:50,644 - orchestrator.orchestrator - INFO -   • Limpeza diária | próxima execução: 2025-11-06 02:00:00-03:00
2025-11-05 12:42:53,290 - __main__ - INFO - 
============================================================
2025-11-05 12:42:53,291 - __main__ - INFO - ✓ Dashboard disponível em: http://localhost:5000
2025-11-05 12:42:53,291 - __main__ - INFO - ✓ Versão TV disponível em: http://localhost:5000/tv
2025-11-05 12:42:53,292 - __main__ - INFO - ============================================================

2025-11-05 12:42:53,292 - __main__ - INFO - 🌐 Iniciando servidor web...
2025-11-05 12:42:53,527 - werkzeug - INFO - [31m[1mWARNING: This is a development server. Do not use it in a production deployment. Use a production WSGI server instead.[0m
 * Running on all addresses (0.0.0.0)
 * Running on http://127.0.0.1:5000
 * Running on http://192.168.0.39:5000
2025-11-05 12:42:53,528 - werkzeug - INFO - [33mPress CTRL+C to quit[0m
2025-11-05 12:42:54,965 - werkzeug - INFO - 127.0.0.1 - - [05/Nov/2025 12:42:54] "[33mGET /api/screenshot/google HTTP/1.1[0m" 404 -
2025-11-05 12:42:54,966 - werkzeug - INFO - 127.0.0.1 - - [05/Nov/2025 12:42:54] "GET /api/systems/all HTTP/1.1" 200 -
2025-11-05 12:42:55,314 - werkzeug - INFO - 127.0.0.1 - - [05/Nov/2025 12:42:55] "GET /storage/logs/google_home.png?t=1762357374968 HTTP/1.1" 200 -
2025-11-05 12:42:59,664 - collectors.peoplesoft_collector - INFO - ✓ WebDriver inicializado
2025-11-05 12:42:59,665 - collectors.google_collector - INFO - ✓ WebDriver inicializado
2025-11-05 12:42:59,665 - collectors.peoplesoft_collector - INFO - 🔐 Fazendo login...
2025-11-05 12:42:59,665 - collectors.google_collector - INFO - Navegando para: https://www.google.com
2025-11-05 12:43:00,414 - collectors.peoplesoft_collector - ERROR - ❌ Erro ao capturar: Message: unknown error: net::ERR_NAME_NOT_RESOLVED
  (Session info: chrome=141.0.7390.125)
Stacktrace:
	GetHandleVerifier [0x0x7ff617c4e8e5+80021]
	GetHandleVerifier [0x0x7ff617c4e940+80112]
	(No symbol) [0x0x7ff6179d060f]
	(No symbol) [0x0x7ff6179cd0bf]
	(No symbol) [0x0x7ff6179bdae9]
	(No symbol) [0x0x7ff6179bf94e]
	(No symbol) [0x0x7ff6179be0d2]
	(No symbol) [0x0x7ff6179bd859]
	(No symbol) [0x0x7ff6179bd51d]
	(No symbol) [0x0x7ff6179bb08c]
	(No symbol) [0x0x7ff6179bb91c]
	(No symbol) [0x0x7ff6179d46da]
	(No symbol) [0x0x7ff617a7a47e]
	(No symbol) [0x0x7ff617a5122a]
	(No symbol) [0x0x7ff617a7968a]
	(No symbol) [0x0x7ff617a51003]
	(No symbol) [0x0x7ff617a195d1]
	(No symbol) [0x0x7ff617a1a3f3]
	GetHandleVerifier [0x0x7ff617f0dc7d+2960429]
	GetHandleVerifier [0x0x7ff617f07f3a+2936554]
	GetHandleVerifier [0x0x7ff617f28977+3070247]
	GetHandleVerifier [0x0x7ff617c683ce+185214]
	GetHandleVerifier [0x0x7ff617c6fe1f+216527]
	GetHandleVerifier [0x0x7ff617c57b24+117460]
	GetHandleVerifier [0x0x7ff617c57cdf+117903]
	GetHandleVerifier [0x0x7ff617c3dbb8+11112]
	BaseThreadInitThunk [0x0x7fff592de8d7+23]
	RtlUserThreadStart [0x0x7fff5a568d9c+44]

Traceback (most recent call last):
  File "C:\Users\lymte\Documents\monitor_scheduler\collectors\peoplesoft_collector.py", line 150, in _capture_and_extract
    self.driver.get(self.base_url)
    ~~~~~~~~~~~~~~~^^^^^^^^^^^^^^^
  File "C:\Users\lymte\AppData\Roaming\Python\Python313\site-packages\selenium\webdriver\remote\webdriver.py", line 356, in get
    self.execute(Command.GET, {"url": url})
    ~~~~~~~~~~~~^^^^^^^^^^^^^^^^^^^^^^^^^^^
  File "C:\Users\lymte\AppData\Roaming\Python\Python313\site-packages\selenium\webdriver\remote\webdriver.py", line 347, in execute
    self.error_handler.check_response(response)
    ~~~~~~~~~~~~~~~~~~~~~~~~~~~~~~~~~^^^^^^^^^^
  File "C:\Users\lymte\AppData\Roaming\Python\Python313\site-packages\selenium\webdriver\remote\errorhandler.py", line 229, in check_response
    raise exception_class(message, screen, stacktrace)
selenium.common.exceptions.WebDriverException: Message: unknown error: net::ERR_NAME_NOT_RESOLVED
  (Session info: chrome=141.0.7390.125)
Stacktrace:
	GetHandleVerifier [0x0x7ff617c4e8e5+80021]
	GetHandleVerifier [0x0x7ff617c4e940+80112]
	(No symbol) [0x0x7ff6179d060f]
	(No symbol) [0x0x7ff6179cd0bf]
	(No symbol) [0x0x7ff6179bdae9]
	(No symbol) [0x0x7ff6179bf94e]
	(No symbol) [0x0x7ff6179be0d2]
	(No symbol) [0x0x7ff6179bd859]
	(No symbol) [0x0x7ff6179bd51d]
	(No symbol) [0x0x7ff6179bb08c]
	(No symbol) [0x0x7ff6179bb91c]
	(No symbol) [0x0x7ff6179d46da]
	(No symbol) [0x0x7ff617a7a47e]
	(No symbol) [0x0x7ff617a5122a]
	(No symbol) [0x0x7ff617a7968a]
	(No symbol) [0x0x7ff617a51003]
	(No symbol) [0x0x7ff617a195d1]
	(No symbol) [0x0x7ff617a1a3f3]
	GetHandleVerifier [0x0x7ff617f0dc7d+2960429]
	GetHandleVerifier [0x0x7ff617f07f3a+2936554]
	GetHandleVerifier [0x0x7ff617f28977+3070247]
	GetHandleVerifier [0x0x7ff617c683ce+185214]
	GetHandleVerifier [0x0x7ff617c6fe1f+216527]
	GetHandleVerifier [0x0x7ff617c57b24+117460]
	GetHandleVerifier [0x0x7ff617c57cdf+117903]
	GetHandleVerifier [0x0x7ff617c3dbb8+11112]
	BaseThreadInitThunk [0x0x7fff592de8d7+23]
	RtlUserThreadStart [0x0x7fff5a568d9c+44]


2025-11-05 12:43:06,953 - collectors.base_collector - ERROR - ❌ Erro em PeopleSoft: Falha ao capturar dados
2025-11-05 12:43:06,954 - processors.data_processors - INFO - ✓ Dados de peoplesoft processados
2025-11-05 12:43:06,965 - backend.websocket_handlers - INFO - 📡 Broadcasting update: peoplesoft
2025-11-05 12:43:06,965 - orchestrator.orchestrator - INFO - ✓ Coleta concluída: peoplesoft
2025-11-05 12:43:06,966 - apscheduler.executors.default - INFO - Job "Coleta peoplesoft (trigger: interval[0:03:00], next run at: 2025-11-05 12:45:50 -03)" executed successfully
2025-11-05 12:43:09,939 - werkzeug - INFO - 127.0.0.1 - - [05/Nov/2025 12:43:09] "[33mGET /api/screenshot/google HTTP/1.1[0m" 404 -
2025-11-05 12:43:09,943 - werkzeug - INFO - 127.0.0.1 - - [05/Nov/2025 12:43:09] "GET /api/systems/all HTTP/1.1" 200 -
2025-11-05 12:43:10,206 - werkzeug - INFO - 127.0.0.1 - - [05/Nov/2025 12:43:10] "GET /storage/logs/google_home.png?t=1762357389941 HTTP/1.1" 200 -
2025-11-05 12:43:12,303 - collectors.google_collector - WARNING - ⚠ Logo do Google não encontrado
2025-11-05 12:43:12,468 - collectors.google_collector - INFO - ✓ Screenshot salvo: storage/screenshots/selenium/screenshot_20251105_124312.png
2025-11-05 12:43:18,763 - werkzeug - INFO - 127.0.0.1 - - [05/Nov/2025 12:43:18] "GET /tv HTTP/1.1" 200 -
2025-11-05 12:43:18,942 - werkzeug - INFO - 127.0.0.1 - - [05/Nov/2025 12:43:18] "GET /api/systems/all HTTP/1.1" 200 -
2025-11-05 12:43:19,016 - werkzeug - INFO - 127.0.0.1 - - [05/Nov/2025 12:43:19] "[33mGET /api/screenshot/google HTTP/1.1[0m" 404 -
2025-11-05 12:43:19,265 - werkzeug - INFO - 127.0.0.1 - - [05/Nov/2025 12:43:19] "[33mGET /api/screenshot/peoplesoft HTTP/1.1[0m" 404 -
2025-11-05 12:43:20,501 - processors.data_processors - INFO - ✓ Dados de google processados
2025-11-05 12:43:20,507 - storage.local_storage - ERROR - Erro ao salvar métricas: Object of type datetime is not JSON serializable
2025-11-05 12:43:20,507 - backend.websocket_handlers - INFO - 📡 Broadcasting update: google
2025-11-05 12:43:20,508 - orchestrator.orchestrator - INFO - ✓ Coleta concluída: google
2025-11-05 12:43:20,508 - apscheduler.executors.default - INFO - Job "Coleta google (trigger: interval[0:01:00], next run at: 2025-11-05 12:43:50 -03)" executed successfully
2025-11-05 12:43:29,158 - werkzeug - INFO - 127.0.0.1 - - [05/Nov/2025 12:43:29] "GET /api/systems/all HTTP/1.1" 200 -
2025-11-05 12:43:29,421 - werkzeug - INFO - 127.0.0.1 - - [05/Nov/2025 12:43:29] "[33mGET /api/screenshot/google HTTP/1.1[0m" 404 -
2025-11-05 12:43:29,491 - werkzeug - INFO - 127.0.0.1 - - [05/Nov/2025 12:43:29] "[33mGET /api/screenshot/peoplesoft HTTP/1.1[0m" 404 -
2025-11-05 12:43:34,157 - werkzeug - INFO - 127.0.0.1 - - [05/Nov/2025 12:43:34] "[33mGET /api/screenshot/google HTTP/1.1[0m" 404 -
2025-11-05 12:43:34,159 - werkzeug - INFO - 127.0.0.1 - - [05/Nov/2025 12:43:34] "[33mGET /api/screenshot/peoplesoft HTTP/1.1[0m" 404 -
2025-11-05 12:43:39,159 - werkzeug - INFO - 127.0.0.1 - - [05/Nov/2025 12:43:39] "GET /api/systems/all HTTP/1.1" 200 -
2025-11-05 12:43:39,421 - werkzeug - INFO - 127.0.0.1 - - [05/Nov/2025 12:43:39] "[33mGET /api/screenshot/google HTTP/1.1[0m" 404 -
2025-11-05 12:43:39,482 - werkzeug - INFO - 127.0.0.1 - - [05/Nov/2025 12:43:39] "[33mGET /api/screenshot/peoplesoft HTTP/1.1[0m" 404 -
2025-11-05 12:43:49,160 - werkzeug - INFO - 127.0.0.1 - - [05/Nov/2025 12:43:49] "[33mGET /api/screenshot/google HTTP/1.1[0m" 404 -
2025-11-05 12:43:49,161 - werkzeug - INFO - 127.0.0.1 - - [05/Nov/2025 12:43:49] "GET /api/systems/all HTTP/1.1" 200 -
2025-11-05 12:43:49,163 - werkzeug - INFO - 127.0.0.1 - - [05/Nov/2025 12:43:49] "[33mGET /api/screenshot/peoplesoft HTTP/1.1[0m" 404 -
2025-11-05 12:43:49,416 - werkzeug - INFO - 127.0.0.1 - - [05/Nov/2025 12:43:49] "[33mGET /api/screenshot/google HTTP/1.1[0m" 404 -
2025-11-05 12:43:49,478 - werkzeug - INFO - 127.0.0.1 - - [05/Nov/2025 12:43:49] "[33mGET /api/screenshot/peoplesoft HTTP/1.1[0m" 404 -
2025-11-05 12:43:50,624 - apscheduler.executors.default - INFO - Running job "Coleta google (trigger: interval[0:01:00], next run at: 2025-11-05 12:44:50 -03)" (scheduled at 2025-11-05 12:43:50.619278-03:00)
2025-11-05 12:43:50,624 - orchestrator.orchestrator - INFO - 🔄 Coletando: google
2025-11-05 12:43:50,624 - collectors.google_collector - INFO - 📸 Coletando dados: Google
2025-11-05 12:43:50,625 - collectors.google_collector - INFO - 🎭 Modo HEADLESS ativado
2025-11-05 12:43:53,366 - collectors.google_collector - INFO - ✓ WebDriver inicializado
2025-11-05 12:43:53,366 - collectors.google_collector - INFO - Navegando para: https://www.google.com
2025-11-05 12:43:59,149 - werkzeug - INFO - 127.0.0.1 - - [05/Nov/2025 12:43:59] "GET /api/systems/all HTTP/1.1" 200 -
2025-11-05 12:43:59,416 - werkzeug - INFO - 127.0.0.1 - - [05/Nov/2025 12:43:59] "[33mGET /api/screenshot/google HTTP/1.1[0m" 404 -
2025-11-05 12:43:59,463 - werkzeug - INFO - 127.0.0.1 - - [05/Nov/2025 12:43:59] "[33mGET /api/screenshot/peoplesoft HTTP/1.1[0m" 404 -
2025-11-05 12:44:04,157 - werkzeug - INFO - 127.0.0.1 - - [05/Nov/2025 12:44:04] "[33mGET /api/screenshot/google HTTP/1.1[0m" 404 -
2025-11-05 12:44:04,159 - werkzeug - INFO - 127.0.0.1 - - [05/Nov/2025 12:44:04] "[33mGET /api/screenshot/peoplesoft HTTP/1.1[0m" 404 -
2025-11-05 12:44:07,907 - collectors.google_collector - WARNING - ⚠ Logo do Google não encontrado
2025-11-05 12:44:07,947 - collectors.google_collector - INFO - ✓ Screenshot salvo: storage/screenshots/selenium/screenshot_20251105_124407.png
2025-11-05 12:44:09,152 - werkzeug - INFO - 127.0.0.1 - - [05/Nov/2025 12:44:09] "GET /api/systems/all HTTP/1.1" 200 -
2025-11-05 12:44:09,413 - werkzeug - INFO - 127.0.0.1 - - [05/Nov/2025 12:44:09] "[33mGET /api/screenshot/google HTTP/1.1[0m" 404 -
2025-11-05 12:44:09,474 - werkzeug - INFO - 127.0.0.1 - - [05/Nov/2025 12:44:09] "[33mGET /api/screenshot/peoplesoft HTTP/1.1[0m" 404 -
2025-11-05 12:44:14,317 - processors.data_processors - INFO - ✓ Dados de google processados
2025-11-05 12:44:14,318 - storage.local_storage - ERROR - Erro ao salvar métricas: Object of type datetime is not JSON serializable
2025-11-05 12:44:14,318 - backend.websocket_handlers - INFO - 📡 Broadcasting update: google
2025-11-05 12:44:14,319 - orchestrator.orchestrator - INFO - ✓ Coleta concluída: google
2025-11-05 12:44:14,319 - apscheduler.executors.default - INFO - Job "Coleta google (trigger: interval[0:01:00], next run at: 2025-11-05 12:44:50 -03)" executed successfully
2025-11-05 12:44:19,154 - werkzeug - INFO - 127.0.0.1 - - [05/Nov/2025 12:44:19] "[33mGET /api/screenshot/google HTTP/1.1[0m" 404 -
2025-11-05 12:44:19,155 - werkzeug - INFO - 127.0.0.1 - - [05/Nov/2025 12:44:19] "GET /api/systems/all HTTP/1.1" 200 -
2025-11-05 12:44:19,157 - werkzeug - INFO - 127.0.0.1 - - [05/Nov/2025 12:44:19] "[33mGET /api/screenshot/peoplesoft HTTP/1.1[0m" 404 -
2025-11-05 12:44:19,414 - werkzeug - INFO - 127.0.0.1 - - [05/Nov/2025 12:44:19] "[33mGET /api/screenshot/google HTTP/1.1[0m" 404 -
2025-11-05 12:44:19,480 - werkzeug - INFO - 127.0.0.1 - - [05/Nov/2025 12:44:19] "[33mGET /api/screenshot/peoplesoft HTTP/1.1[0m" 404 -
2025-11-05 12:44:29,159 - werkzeug - INFO - 127.0.0.1 - - [05/Nov/2025 12:44:29] "GET /api/systems/all HTTP/1.1" 200 -
2025-11-05 12:44:29,421 - werkzeug - INFO - 127.0.0.1 - - [05/Nov/2025 12:44:29] "[33mGET /api/screenshot/google HTTP/1.1[0m" 404 -
2025-11-05 12:44:29,469 - werkzeug - INFO - 127.0.0.1 - - [05/Nov/2025 12:44:29] "[33mGET /api/screenshot/peoplesoft HTTP/1.1[0m" 404 -
2025-11-05 12:44:34,162 - werkzeug - INFO - 127.0.0.1 - - [05/Nov/2025 12:44:34] "[33mGET /api/screenshot/google HTTP/1.1[0m" 404 -
2025-11-05 12:44:34,163 - werkzeug - INFO - 127.0.0.1 - - [05/Nov/2025 12:44:34] "[33mGET /api/screenshot/peoplesoft HTTP/1.1[0m" 404 -
2025-11-05 12:44:38,853 - werkzeug - INFO - 127.0.0.1 - - [05/Nov/2025 12:44:38] "GET /api/systems/all HTTP/1.1" 200 -
2025-11-05 12:44:39,175 - werkzeug - INFO - 127.0.0.1 - - [05/Nov/2025 12:44:39] "[33mGET /api/screenshot/google HTTP/1.1[0m" 404 -
2025-11-05 12:44:39,175 - werkzeug - INFO - 127.0.0.1 - - [05/Nov/2025 12:44:39] "[33mGET /api/screenshot/peoplesoft HTTP/1.1[0m" 404 -
2025-11-05 12:44:49,148 - werkzeug - INFO - 127.0.0.1 - - [05/Nov/2025 12:44:49] "[33mGET /api/screenshot/google HTTP/1.1[0m" 404 -
2025-11-05 12:44:49,149 - werkzeug - INFO - 127.0.0.1 - - [05/Nov/2025 12:44:49] "GET /api/systems/all HTTP/1.1" 200 -
2025-11-05 12:44:49,150 - werkzeug - INFO - 127.0.0.1 - - [05/Nov/2025 12:44:49] "[33mGET /api/screenshot/peoplesoft HTTP/1.1[0m" 404 -
2025-11-05 12:44:49,406 - werkzeug - INFO - 127.0.0.1 - - [05/Nov/2025 12:44:49] "[33mGET /api/screenshot/google HTTP/1.1[0m" 404 -
2025-11-05 12:44:49,469 - werkzeug - INFO - 127.0.0.1 - - [05/Nov/2025 12:44:49] "[33mGET /api/screenshot/peoplesoft HTTP/1.1[0m" 404 -
2025-11-05 12:44:50,624 - apscheduler.executors.default - INFO - Running job "Coleta google (trigger: interval[0:01:00], next run at: 2025-11-05 12:45:50 -03)" (scheduled at 2025-11-05 12:44:50.619278-03:00)
2025-11-05 12:44:50,624 - orchestrator.orchestrator - INFO - 🔄 Coletando: google
2025-11-05 12:44:50,625 - collectors.google_collector - INFO - 📸 Coletando dados: Google
2025-11-05 12:44:50,625 - collectors.google_collector - INFO - 🎭 Modo HEADLESS ativado
2025-11-05 12:44:52,988 - collectors.google_collector - INFO - ✓ WebDriver inicializado
2025-11-05 12:44:52,989 - collectors.google_collector - INFO - Navegando para: https://www.google.com
2025-11-05 12:44:59,150 - werkzeug - INFO - 127.0.0.1 - - [05/Nov/2025 12:44:59] "GET /api/systems/all HTTP/1.1" 200 -
2025-11-05 12:44:59,411 - werkzeug - INFO - 127.0.0.1 - - [05/Nov/2025 12:44:59] "[33mGET /api/screenshot/google HTTP/1.1[0m" 404 -
2025-11-05 12:44:59,458 - werkzeug - INFO - 127.0.0.1 - - [05/Nov/2025 12:44:59] "[33mGET /api/screenshot/peoplesoft HTTP/1.1[0m" 404 -
2025-11-05 12:45:04,170 - werkzeug - INFO - 127.0.0.1 - - [05/Nov/2025 12:45:04] "[33mGET /api/screenshot/google HTTP/1.1[0m" 404 -
2025-11-05 12:45:04,172 - werkzeug - INFO - 127.0.0.1 - - [05/Nov/2025 12:45:04] "[33mGET /api/screenshot/peoplesoft HTTP/1.1[0m" 404 -
2025-11-05 12:45:06,968 - collectors.google_collector - WARNING - ⚠ Logo do Google não encontrado
2025-11-05 12:45:07,037 - collectors.google_collector - INFO - ✓ Screenshot salvo: storage/screenshots/selenium/screenshot_20251105_124506.png
2025-11-05 12:45:09,149 - werkzeug - INFO - 127.0.0.1 - - [05/Nov/2025 12:45:09] "GET /api/systems/all HTTP/1.1" 200 -
2025-11-05 12:45:09,405 - werkzeug - INFO - 127.0.0.1 - - [05/Nov/2025 12:45:09] "[33mGET /api/screenshot/google HTTP/1.1[0m" 404 -
2025-11-05 12:45:09,468 - werkzeug - INFO - 127.0.0.1 - - [05/Nov/2025 12:45:09] "[33mGET /api/screenshot/peoplesoft HTTP/1.1[0m" 404 -
2025-11-05 12:45:13,424 - processors.data_processors - INFO - ✓ Dados de google processados
2025-11-05 12:45:13,426 - storage.local_storage - ERROR - Erro ao salvar métricas: Object of type datetime is not JSON serializable
2025-11-05 12:45:13,427 - backend.websocket_handlers - INFO - 📡 Broadcasting update: google
2025-11-05 12:45:13,428 - orchestrator.orchestrator - INFO - ✓ Coleta concluída: google
2025-11-05 12:45:13,430 - apscheduler.executors.default - INFO - Job "Coleta google (trigger: interval[0:01:00], next run at: 2025-11-05 12:45:50 -03)" executed successfully
2025-11-05 12:45:19,151 - werkzeug - INFO - 127.0.0.1 - - [05/Nov/2025 12:45:19] "GET /api/systems/all HTTP/1.1" 200 -
2025-11-05 12:45:19,153 - werkzeug - INFO - 127.0.0.1 - - [05/Nov/2025 12:45:19] "[33mGET /api/screenshot/google HTTP/1.1[0m" 404 -
2025-11-05 12:45:19,158 - werkzeug - INFO - 127.0.0.1 - - [05/Nov/2025 12:45:19] "[33mGET /api/screenshot/peoplesoft HTTP/1.1[0m" 404 -
2025-11-05 12:45:19,410 - werkzeug - INFO - 127.0.0.1 - - [05/Nov/2025 12:45:19] "[33mGET /api/screenshot/google HTTP/1.1[0m" 404 -
2025-11-05 12:45:19,473 - werkzeug - INFO - 127.0.0.1 - - [05/Nov/2025 12:45:19] "[33mGET /api/screenshot/peoplesoft HTTP/1.1[0m" 404 -
2025-11-05 12:45:29,803 - werkzeug - INFO - 127.0.0.1 - - [05/Nov/2025 12:45:29] "GET /api/systems/all HTTP/1.1" 200 -
2025-11-05 12:45:30,049 - werkzeug - INFO - 127.0.0.1 - - [05/Nov/2025 12:45:30] "[33mGET /api/screenshot/google HTTP/1.1[0m" 404 -
2025-11-05 12:45:30,178 - werkzeug - INFO - 127.0.0.1 - - [05/Nov/2025 12:45:30] "[33mGET /api/screenshot/peoplesoft HTTP/1.1[0m" 404 -
2025-11-05 12:45:34,232 - __main__ - INFO - 

🛑 Recebido sinal de interrupção...
2025-11-05 12:45:34,234 - orchestrator.orchestrator - INFO - 🛑 Parando orquestrador...
2025-11-05 12:45:34,237 - apscheduler.scheduler - INFO - Scheduler has been shut down
2025-11-05 12:45:34,240 - orchestrator.orchestrator - INFO - ✓ Orquestrador parado
2025-11-05 12:45:34,241 - __main__ - INFO - 👋 Encerrando aplicação...
2025-11-05 12:48:58,878 - storage.local_storage - INFO - ✓ Banco de dados inicializado
2025-11-05 12:48:58,896 - backend.routes - INFO - ✓ Rotas registradas
2025-11-05 12:48:58,897 - backend.websocket_handlers - INFO - ✓ Handlers WebSocket registrados
2025-11-05 12:48:58,897 - backend.app - INFO - ✓ Backend Flask inicializado
2025-11-05 12:48:58,899 - __main__ - INFO - 
============================================================
2025-11-05 12:48:58,899 - __main__ - INFO -     PROCESS MONITOR DASHBOARD
2025-11-05 12:48:58,899 - __main__ - INFO -     Versão 1.0.0
2025-11-05 12:48:58,900 - __main__ - INFO - ============================================================

2025-11-05 12:48:58,902 - __main__ - INFO - ✓ Estrutura de diretórios verificada
2025-11-05 12:48:58,903 - __main__ - INFO - 🔧 Iniciando componentes...
2025-11-05 12:48:58,907 - storage.local_storage - INFO - ✓ Banco de dados inicializado
2025-11-05 12:48:58,908 - orchestrator.orchestrator - INFO - 📋 Orquestrador criado
2025-11-05 12:48:58,908 - orchestrator.orchestrator - INFO - ✓ SocketIO configurado no orquestrador
2025-11-05 12:48:58,909 - orchestrator.orchestrator - INFO - ============================================================
2025-11-05 12:48:58,909 - orchestrator.orchestrator - INFO - 🚀 INICIANDO ORQUESTRADOR
2025-11-05 12:48:58,910 - orchestrator.orchestrator - INFO - ============================================================
2025-11-05 12:48:58,910 - orchestrator.orchestrator - INFO - 🔧 Inicializando coletores...
2025-11-05 12:48:58,911 - orchestrator.orchestrator - INFO - ⏭ Sistema peoplesoft desabilitado, pulando...
2025-11-05 12:48:58,911 - collectors.base_collector - INFO - ✓ Coletor Google inicializado
2025-11-05 12:48:58,912 - collectors.google_collector - INFO - 🔍 GoogleCollector inicializado: Google
2025-11-05 12:48:58,912 - orchestrator.orchestrator - INFO - ✓ Coletor google inicializado
2025-11-05 12:48:58,913 - orchestrator.orchestrator - INFO - ⏭ Sistema oracle_fusion desabilitado, pulando...
2025-11-05 12:48:58,914 - orchestrator.orchestrator - INFO - ⏭ Sistema bonita desabilitado, pulando...
2025-11-05 12:48:58,915 - orchestrator.orchestrator - INFO - ⏭ Sistema n8n desabilitado, pulando...
2025-11-05 12:48:58,916 - orchestrator.orchestrator - INFO - ✓ 1 coletores inicializados
2025-11-05 12:48:58,917 - orchestrator.orchestrator - INFO - 📅 Agendando jobs de coleta...
2025-11-05 12:48:59,114 - apscheduler.scheduler - INFO - Adding job tentatively -- it will be properly scheduled when the scheduler starts
2025-11-05 12:48:59,114 - orchestrator.orchestrator - INFO - ✓ Job agendado: google a cada 60s
2025-11-05 12:48:59,124 - apscheduler.scheduler - INFO - Adding job tentatively -- it will be properly scheduled when the scheduler starts
2025-11-05 12:48:59,124 - orchestrator.orchestrator - INFO - ✓ Jobs agendados
2025-11-05 12:48:59,131 - apscheduler.scheduler - INFO - Added job "Coleta google" to job store "default"
2025-11-05 12:48:59,132 - apscheduler.scheduler - INFO - Added job "Limpeza diária" to job store "default"
2025-11-05 12:48:59,134 - apscheduler.scheduler - INFO - Scheduler started
2025-11-05 12:48:59,135 - orchestrator.orchestrator - INFO - ✓ Orquestrador ativo!
2025-11-05 12:48:59,135 - apscheduler.executors.default - INFO - Running job "Coleta google (trigger: interval[0:01:00], next run at: 2025-11-05 12:49:59 -03)" (scheduled at 2025-11-05 12:48:59.114208-03:00)
2025-11-05 12:48:59,136 - orchestrator.orchestrator - INFO - 
📋 Jobs agendados (2):
2025-11-05 12:48:59,136 - orchestrator.orchestrator - INFO - 🔄 Coletando: google
2025-11-05 12:48:59,137 - orchestrator.orchestrator - INFO -   • Coleta google | próxima execução: 2025-11-05 12:49:59.114208-03:00
2025-11-05 12:48:59,137 - collectors.google_collector - INFO - 📸 Coletando dados: Google
2025-11-05 12:48:59,137 - orchestrator.orchestrator - INFO -   • Limpeza diária | próxima execução: 2025-11-06 02:00:00-03:00
2025-11-05 12:48:59,138 - collectors.google_collector - INFO - 🎭 Modo HEADLESS ativado
2025-11-05 12:49:01,906 - __main__ - INFO - 
============================================================
2025-11-05 12:49:01,907 - __main__ - INFO - ✓ Dashboard disponível em: http://localhost:5000
2025-11-05 12:49:01,910 - __main__ - INFO - ✓ Versão TV disponível em: http://localhost:5000/tv
2025-11-05 12:49:01,911 - __main__ - INFO - ============================================================

2025-11-05 12:49:01,911 - __main__ - INFO - 🌐 Iniciando servidor web...
2025-11-05 12:49:01,961 - werkzeug - INFO - [31m[1mWARNING: This is a development server. Do not use it in a production deployment. Use a production WSGI server instead.[0m
 * Running on all addresses (0.0.0.0)
 * Running on http://127.0.0.1:5000
 * Running on http://192.168.0.39:5000
2025-11-05 12:49:01,964 - werkzeug - INFO - [33mPress CTRL+C to quit[0m
2025-11-05 12:49:02,049 - werkzeug - INFO - 127.0.0.1 - - [05/Nov/2025 12:49:02] "[33mGET /api/screenshot/google HTTP/1.1[0m" 404 -
2025-11-05 12:49:02,052 - werkzeug - INFO - 127.0.0.1 - - [05/Nov/2025 12:49:02] "[33mGET /api/screenshot/peoplesoft HTTP/1.1[0m" 404 -
2025-11-05 12:49:02,056 - werkzeug - INFO - 127.0.0.1 - - [05/Nov/2025 12:49:02] "GET /api/systems/all HTTP/1.1" 200 -
2025-11-05 12:49:02,288 - werkzeug - INFO - 127.0.0.1 - - [05/Nov/2025 12:49:02] "[33mGET /api/screenshot/google HTTP/1.1[0m" 404 -
2025-11-05 12:49:03,848 - werkzeug - INFO - 127.0.0.1 - - [05/Nov/2025 12:49:03] "[33mGET /api/screenshot/google HTTP/1.1[0m" 404 -
2025-11-05 12:49:04,024 - collectors.google_collector - INFO - ✓ WebDriver inicializado
2025-11-05 12:49:04,024 - collectors.google_collector - INFO - Navegando para: https://www.google.com
2025-11-05 12:49:09,165 - werkzeug - INFO - 127.0.0.1 - - [05/Nov/2025 12:49:09] "GET /api/systems/all HTTP/1.1" 200 -
2025-11-05 12:49:09,411 - werkzeug - INFO - 127.0.0.1 - - [05/Nov/2025 12:49:09] "[33mGET /api/screenshot/google HTTP/1.1[0m" 404 -
2025-11-05 12:49:17,531 - collectors.google_collector - WARNING - ⚠ Logo do Google não encontrado
2025-11-05 12:49:17,614 - collectors.google_collector - INFO - ✓ Screenshot salvo: storage/screenshots/google/screenshot_20251105_124917.png
2025-11-05 12:49:19,147 - werkzeug - INFO - 127.0.0.1 - - [05/Nov/2025 12:49:19] "GET /api/systems/all HTTP/1.1" 200 -
2025-11-05 12:49:19,149 - werkzeug - INFO - 127.0.0.1 - - [05/Nov/2025 12:49:19] "GET /api/screenshot/google HTTP/1.1" 200 -
2025-11-05 12:49:19,406 - werkzeug - INFO - 127.0.0.1 - - [05/Nov/2025 12:49:19] "GET /api/screenshot/google HTTP/1.1" 200 -
2025-11-05 12:49:19,632 - werkzeug - INFO - 127.0.0.1 - - [05/Nov/2025 12:49:19] "GET /storage/screenshots/google/screenshot_20251105_124917.png?t=1762357759155 HTTP/1.1" 200 -
2025-11-05 12:49:19,632 - werkzeug - INFO - 127.0.0.1 - - [05/Nov/2025 12:49:19] "GET /storage/screenshots/google/screenshot_20251105_124917.png?t=1762357759408 HTTP/1.1" 200 -
2025-11-05 12:49:23,994 - processors.data_processors - INFO - ✓ Dados de google processados
2025-11-05 12:49:24,007 - backend.websocket_handlers - INFO - 📡 Broadcasting update: google
2025-11-05 12:49:24,007 - orchestrator.orchestrator - INFO - ✓ Coleta concluída: google
2025-11-05 12:49:24,008 - apscheduler.executors.default - INFO - Job "Coleta google (trigger: interval[0:01:00], next run at: 2025-11-05 12:49:59 -03)" executed successfully
2025-11-05 12:49:29,155 - werkzeug - INFO - 127.0.0.1 - - [05/Nov/2025 12:49:29] "GET /api/systems/all HTTP/1.1" 200 -
2025-11-05 12:49:29,399 - werkzeug - INFO - 127.0.0.1 - - [05/Nov/2025 12:49:29] "GET /api/screenshot/google HTTP/1.1" 200 -
2025-11-05 12:49:29,476 - werkzeug - INFO - 127.0.0.1 - - [05/Nov/2025 12:49:29] "GET /storage/screenshots/google/screenshot_20251105_124917.png?t=1762357769403 HTTP/1.1" 200 -
2025-11-05 12:49:34,149 - werkzeug - INFO - 127.0.0.1 - - [05/Nov/2025 12:49:34] "GET /api/screenshot/google HTTP/1.1" 200 -
2025-11-05 12:49:34,412 - werkzeug - INFO - 127.0.0.1 - - [05/Nov/2025 12:49:34] "GET /storage/screenshots/google/screenshot_20251105_124917.png?t=1762357774151 HTTP/1.1" 200 -
2025-11-05 12:49:39,153 - werkzeug - INFO - 127.0.0.1 - - [05/Nov/2025 12:49:39] "GET /api/systems/all HTTP/1.1" 200 -
2025-11-05 12:49:39,412 - werkzeug - INFO - 127.0.0.1 - - [05/Nov/2025 12:49:39] "GET /api/screenshot/google HTTP/1.1" 200 -
2025-11-05 12:49:39,474 - werkzeug - INFO - 127.0.0.1 - - [05/Nov/2025 12:49:39] "GET /storage/screenshots/google/screenshot_20251105_124917.png?t=1762357779414 HTTP/1.1" 200 -
2025-11-05 12:49:49,154 - werkzeug - INFO - 127.0.0.1 - - [05/Nov/2025 12:49:49] "GET /api/systems/all HTTP/1.1" 200 -
2025-11-05 12:49:49,155 - werkzeug - INFO - 127.0.0.1 - - [05/Nov/2025 12:49:49] "GET /api/screenshot/google HTTP/1.1" 200 -
2025-11-05 12:49:49,414 - werkzeug - INFO - 127.0.0.1 - - [05/Nov/2025 12:49:49] "GET /api/screenshot/google HTTP/1.1" 200 -
2025-11-05 12:49:49,477 - werkzeug - INFO - 127.0.0.1 - - [05/Nov/2025 12:49:49] "GET /storage/screenshots/google/screenshot_20251105_124917.png?t=1762357789417 HTTP/1.1" 200 -
2025-11-05 12:49:49,478 - werkzeug - INFO - 127.0.0.1 - - [05/Nov/2025 12:49:49] "GET /storage/screenshots/google/screenshot_20251105_124917.png?t=1762357789161 HTTP/1.1" 200 -
2025-11-05 12:49:59,120 - apscheduler.executors.default - INFO - Running job "Coleta google (trigger: interval[0:01:00], next run at: 2025-11-05 12:50:59 -03)" (scheduled at 2025-11-05 12:49:59.114208-03:00)
2025-11-05 12:49:59,121 - orchestrator.orchestrator - INFO - 🔄 Coletando: google
2025-11-05 12:49:59,121 - collectors.google_collector - INFO - 📸 Coletando dados: Google
2025-11-05 12:49:59,121 - collectors.google_collector - INFO - 🎭 Modo HEADLESS ativado
2025-11-05 12:49:59,169 - werkzeug - INFO - 127.0.0.1 - - [05/Nov/2025 12:49:59] "GET /api/systems/all HTTP/1.1" 200 -
2025-11-05 12:49:59,427 - werkzeug - INFO - 127.0.0.1 - - [05/Nov/2025 12:49:59] "GET /api/screenshot/google HTTP/1.1" 200 -
2025-11-05 12:49:59,489 - werkzeug - INFO - 127.0.0.1 - - [05/Nov/2025 12:49:59] "GET /storage/screenshots/google/screenshot_20251105_124917.png?t=1762357799429 HTTP/1.1" 200 -
2025-11-05 12:50:03,045 - collectors.google_collector - INFO - ✓ WebDriver inicializado
2025-11-05 12:50:03,047 - collectors.google_collector - INFO - Navegando para: https://www.google.com
2025-11-05 12:50:04,149 - werkzeug - INFO - 127.0.0.1 - - [05/Nov/2025 12:50:04] "GET /api/screenshot/google HTTP/1.1" 200 -
2025-11-05 12:50:04,415 - werkzeug - INFO - 127.0.0.1 - - [05/Nov/2025 12:50:04] "GET /storage/screenshots/google/screenshot_20251105_124917.png?t=1762357804152 HTTP/1.1" 200 -
2025-11-05 12:50:09,159 - werkzeug - INFO - 127.0.0.1 - - [05/Nov/2025 12:50:09] "GET /api/systems/all HTTP/1.1" 200 -
2025-11-05 12:50:09,415 - werkzeug - INFO - 127.0.0.1 - - [05/Nov/2025 12:50:09] "GET /api/screenshot/google HTTP/1.1" 200 -
2025-11-05 12:50:09,478 - werkzeug - INFO - 127.0.0.1 - - [05/Nov/2025 12:50:09] "GET /storage/screenshots/google/screenshot_20251105_124917.png?t=1762357809417 HTTP/1.1" 200 -
2025-11-05 12:50:11,761 - __main__ - INFO - 

🛑 Recebido sinal de interrupção...
2025-11-05 12:50:11,762 - orchestrator.orchestrator - INFO - 🛑 Parando orquestrador...
2025-11-05 12:50:16,008 - urllib3.connectionpool - WARNING - Retrying (Retry(total=2, connect=None, read=None, redirect=None, status=None)) after connection broken by 'NewConnectionError('<urllib3.connection.HTTPConnection object at 0x0000023187AEC550>: Failed to establish a new connection: [WinError 10061] Nenhuma conexão pôde ser feita porque a máquina de destino as recusou ativamente')': /session/b1bcf361cef223e2d74496a2cfc719ed/element
2025-11-05 12:50:20,090 - urllib3.connectionpool - WARNING - Retrying (Retry(total=1, connect=None, read=None, redirect=None, status=None)) after connection broken by 'NewConnectionError('<urllib3.connection.HTTPConnection object at 0x0000023187AEC910>: Failed to establish a new connection: [WinError 10061] Nenhuma conexão pôde ser feita porque a máquina de destino as recusou ativamente')': /session/b1bcf361cef223e2d74496a2cfc719ed/element
2025-11-05 12:50:24,184 - urllib3.connectionpool - WARNING - Retrying (Retry(total=0, connect=None, read=None, redirect=None, status=None)) after connection broken by 'NewConnectionError('<urllib3.connection.HTTPConnection object at 0x0000023187A56060>: Failed to establish a new connection: [WinError 10061] Nenhuma conexão pôde ser feita porque a máquina de destino as recusou ativamente')': /session/b1bcf361cef223e2d74496a2cfc719ed/element
2025-11-05 12:50:28,277 - collectors.google_collector - WARNING - ⚠ Logo do Google não encontrado
2025-11-05 12:50:32,349 - urllib3.connectionpool - WARNING - Retrying (Retry(total=2, connect=None, read=None, redirect=None, status=None)) after connection broken by 'NewConnectionError('<urllib3.connection.HTTPConnection object at 0x0000023187A2D250>: Failed to establish a new connection: [WinError 10061] Nenhuma conexão pôde ser feita porque a máquina de destino as recusou ativamente')': /session/b1bcf361cef223e2d74496a2cfc719ed/screenshot
2025-11-05 12:50:36,424 - urllib3.connectionpool - WARNING - Retrying (Retry(total=1, connect=None, read=None, redirect=None, status=None)) after connection broken by 'NewConnectionError('<urllib3.connection.HTTPConnection object at 0x0000023187A1F460>: Failed to establish a new connection: [WinError 10061] Nenhuma conexão pôde ser feita porque a máquina de destino as recusou ativamente')': /session/b1bcf361cef223e2d74496a2cfc719ed/screenshot
2025-11-05 12:50:40,503 - urllib3.connectionpool - WARNING - Retrying (Retry(total=0, connect=None, read=None, redirect=None, status=None)) after connection broken by 'NewConnectionError('<urllib3.connection.HTTPConnection object at 0x0000023187A1F8A0>: Failed to establish a new connection: [WinError 10061] Nenhuma conexão pôde ser feita porque a máquina de destino as recusou ativamente')': /session/b1bcf361cef223e2d74496a2cfc719ed/screenshot
2025-11-05 12:50:44,584 - collectors.google_collector - ERROR - ❌ Erro ao capturar screenshot: HTTPConnectionPool(host='localhost', port=59749): Max retries exceeded with url: /session/b1bcf361cef223e2d74496a2cfc719ed/screenshot (Caused by NewConnectionError('<urllib3.connection.HTTPConnection object at 0x0000023187A1FCE0>: Failed to establish a new connection: [WinError 10061] Nenhuma conexão pôde ser feita porque a máquina de destino as recusou ativamente'))
2025-11-05 12:50:48,669 - urllib3.connectionpool - WARNING - Retrying (Retry(total=2, connect=None, read=None, redirect=None, status=None)) after connection broken by 'NewConnectionError('<urllib3.connection.HTTPConnection object at 0x0000023187B04160>: Failed to establish a new connection: [WinError 10061] Nenhuma conexão pôde ser feita porque a máquina de destino as recusou ativamente')': /session/b1bcf361cef223e2d74496a2cfc719ed
2025-11-05 12:50:52,723 - urllib3.connectionpool - WARNING - Retrying (Retry(total=1, connect=None, read=None, redirect=None, status=None)) after connection broken by 'NewConnectionError('<urllib3.connection.HTTPConnection object at 0x0000023187B04490>: Failed to establish a new connection: [WinError 10061] Nenhuma conexão pôde ser feita porque a máquina de destino as recusou ativamente')': /session/b1bcf361cef223e2d74496a2cfc719ed
2025-11-05 12:50:56,781 - urllib3.connectionpool - WARNING - Retrying (Retry(total=0, connect=None, read=None, redirect=None, status=None)) after connection broken by 'NewConnectionError('<urllib3.connection.HTTPConnection object at 0x0000023187B047C0>: Failed to establish a new connection: [WinError 10061] Nenhuma conexão pôde ser feita porque a máquina de destino as recusou ativamente')': /session/b1bcf361cef223e2d74496a2cfc719ed
2025-11-05 12:51:04,912 - collectors.base_collector - ERROR - ❌ Erro em Google: Falha ao capturar screenshot
2025-11-05 12:51:04,912 - processors.data_processors - INFO - ✓ Dados de google processados
2025-11-05 12:51:04,925 - backend.websocket_handlers - INFO - 📡 Broadcasting update: google
2025-11-05 12:51:04,926 - orchestrator.orchestrator - INFO - ✓ Coleta concluída: google
2025-11-05 12:51:04,926 - apscheduler.executors.default - INFO - Job "Coleta google (trigger: interval[0:01:00], next run at: 2025-11-05 12:50:59 -03)" executed successfully
2025-11-05 12:51:04,928 - __main__ - INFO - 

🛑 Recebido sinal de interrupção...
2025-11-05 12:51:04,928 - orchestrator.orchestrator - INFO - 🛑 Parando orquestrador...
2025-11-05 12:51:04,931 - apscheduler.scheduler - ERROR - Error submitting job "Coleta google (trigger: interval[0:01:00], next run at: 2025-11-05 12:50:59 -03)" to executor "default"
Traceback (most recent call last):
  File "C:\Users\lymte\AppData\Roaming\Python\Python313\site-packages\apscheduler\schedulers\base.py", line 988, in _process_jobs
    executor.submit_job(job, run_times)
    ~~~~~~~~~~~~~~~~~~~^^^^^^^^^^^^^^^^
  File "C:\Users\lymte\AppData\Roaming\Python\Python313\site-packages\apscheduler\executors\base.py", line 71, in submit_job
    self._do_submit_job(job, run_times)
    ~~~~~~~~~~~~~~~~~~~^^^^^^^^^^^^^^^^
  File "C:\Users\lymte\AppData\Roaming\Python\Python313\site-packages\apscheduler\executors\pool.py", line 28, in _do_submit_job
    f = self._pool.submit(run_job, job, job._jobstore_alias, run_times, self._logger.name)
  File "C:\Python313\Lib\concurrent\futures\thread.py", line 171, in submit
    raise RuntimeError('cannot schedule new futures after shutdown')
RuntimeError: cannot schedule new futures after shutdown
2025-11-05 12:51:04,931 - __main__ - ERROR - Erro no servidor web: Scheduler is not running
2025-11-05 12:54:58,799 - storage.local_storage - INFO - ✓ Banco de dados inicializado
2025-11-05 12:54:58,817 - backend.routes - INFO - ✓ Rotas registradas
2025-11-05 12:54:58,818 - backend.websocket_handlers - INFO - ✓ Handlers WebSocket registrados
2025-11-05 12:54:58,819 - backend.app - INFO - ✓ Backend Flask inicializado
2025-11-05 12:54:58,821 - __main__ - INFO - 
============================================================
2025-11-05 12:54:58,822 - __main__ - INFO -     PROCESS MONITOR DASHBOARD
2025-11-05 12:54:58,823 - __main__ - INFO -     Versão 1.0.0
2025-11-05 12:54:58,824 - __main__ - INFO - ============================================================

2025-11-05 12:54:58,827 - __main__ - INFO - ✓ Estrutura de diretórios verificada
2025-11-05 12:54:58,828 - __main__ - INFO - 🔧 Iniciando componentes...
2025-11-05 12:54:58,835 - storage.local_storage - INFO - ✓ Banco de dados inicializado
2025-11-05 12:54:58,835 - orchestrator.orchestrator - INFO - 📋 Orquestrador criado
2025-11-05 12:54:58,836 - orchestrator.orchestrator - INFO - ✓ SocketIO configurado no orquestrador
2025-11-05 12:54:58,836 - orchestrator.orchestrator - INFO - ============================================================
2025-11-05 12:54:58,837 - orchestrator.orchestrator - INFO - 🚀 INICIANDO ORQUESTRADOR
2025-11-05 12:54:58,837 - orchestrator.orchestrator - INFO - ============================================================
2025-11-05 12:54:58,838 - orchestrator.orchestrator - INFO - 🔧 Inicializando coletores...
2025-11-05 12:54:58,839 - collectors.base_collector - INFO - ✓ Coletor PeopleSoft inicializado
2025-11-05 12:54:58,839 - collectors.peoplesoft_collector - INFO - 🔍 DEBUG __init__: Filtros carregados do config:
2025-11-05 12:54:58,840 - collectors.peoplesoft_collector - INFO -    - Total de chaves: 9
2025-11-05 12:54:58,840 - collectors.peoplesoft_collector - INFO -    - Conteúdo: {'user_id': 'MBENITEZ', 'process_name': 'AJ_BU_PS_CLI', 'server': None, 'run_status': None, 'type': None, 'dist_status': None, 'instance_from': None, 'instance_to': None, 'time_filter': {'type': '0', 'value': '70', 'unit': '1'}}
2025-11-05 12:54:58,841 - orchestrator.orchestrator - INFO - ✓ Coletor peoplesoft inicializado
2025-11-05 12:54:58,842 - collectors.base_collector - INFO - ✓ Coletor Google inicializado
2025-11-05 12:54:58,843 - collectors.google_collector - INFO - 🔍 GoogleCollector inicializado: Google
2025-11-05 12:54:58,843 - orchestrator.orchestrator - INFO - ✓ Coletor google inicializado
2025-11-05 12:54:58,844 - orchestrator.orchestrator - INFO - ⏭ Sistema oracle_fusion desabilitado, pulando...
2025-11-05 12:54:58,845 - orchestrator.orchestrator - INFO - ⏭ Sistema bonita desabilitado, pulando...
2025-11-05 12:54:58,846 - orchestrator.orchestrator - INFO - ⏭ Sistema n8n desabilitado, pulando...
2025-11-05 12:54:58,846 - orchestrator.orchestrator - INFO - ✓ 2 coletores inicializados
2025-11-05 12:54:58,847 - orchestrator.orchestrator - INFO - 📅 Agendando jobs de coleta...
2025-11-05 12:54:59,130 - apscheduler.scheduler - INFO - Adding job tentatively -- it will be properly scheduled when the scheduler starts
2025-11-05 12:54:59,131 - orchestrator.orchestrator - INFO - ✓ Job agendado: peoplesoft a cada 180s
2025-11-05 12:54:59,133 - apscheduler.scheduler - INFO - Adding job tentatively -- it will be properly scheduled when the scheduler starts
2025-11-05 12:54:59,134 - orchestrator.orchestrator - INFO - ✓ Job agendado: google a cada 60s
2025-11-05 12:54:59,149 - apscheduler.scheduler - INFO - Adding job tentatively -- it will be properly scheduled when the scheduler starts
2025-11-05 12:54:59,150 - orchestrator.orchestrator - INFO - ✓ Jobs agendados
2025-11-05 12:54:59,161 - apscheduler.scheduler - INFO - Added job "Coleta peoplesoft" to job store "default"
2025-11-05 12:54:59,162 - apscheduler.scheduler - INFO - Added job "Coleta google" to job store "default"
2025-11-05 12:54:59,163 - apscheduler.scheduler - INFO - Added job "Limpeza diária" to job store "default"
2025-11-05 12:54:59,164 - apscheduler.scheduler - INFO - Scheduler started
2025-11-05 12:54:59,168 - orchestrator.orchestrator - INFO - ✓ Orquestrador ativo!
2025-11-05 12:54:59,169 - apscheduler.executors.default - INFO - Running job "Coleta peoplesoft (trigger: interval[0:03:00], next run at: 2025-11-05 12:57:59 -03)" (scheduled at 2025-11-05 12:54:59.130409-03:00)
2025-11-05 12:54:59,170 - apscheduler.executors.default - INFO - Running job "Coleta google (trigger: interval[0:01:00], next run at: 2025-11-05 12:54:59 -03)" (scheduled at 2025-11-05 12:54:59.133253-03:00)
2025-11-05 12:54:59,171 - orchestrator.orchestrator - INFO - 🔄 Coletando: peoplesoft
2025-11-05 12:54:59,171 - orchestrator.orchestrator - INFO - 
📋 Jobs agendados (3):
2025-11-05 12:54:59,171 - orchestrator.orchestrator - INFO - 🔄 Coletando: google
2025-11-05 12:54:59,172 - collectors.peoplesoft_collector - INFO - 📸 Coletando dados: PeopleSoft
2025-11-05 12:54:59,173 - orchestrator.orchestrator - INFO -   • Coleta google | próxima execução: 2025-11-05 12:55:59.133253-03:00
2025-11-05 12:54:59,173 - collectors.google_collector - INFO - 📸 Coletando dados: Google
2025-11-05 12:54:59,174 - collectors.peoplesoft_collector - INFO - 🎭 Modo HEADLESS ativado (sem interface visual)
2025-11-05 12:54:59,175 - orchestrator.orchestrator - INFO -   • Coleta peoplesoft | próxima execução: 2025-11-05 12:57:59.130409-03:00
2025-11-05 12:54:59,175 - collectors.google_collector - INFO - 🎭 Modo HEADLESS ativado
2025-11-05 12:54:59,179 - orchestrator.orchestrator - INFO -   • Limpeza diária | próxima execução: 2025-11-06 02:00:00-03:00
2025-11-05 12:55:01,833 - __main__ - INFO - 
============================================================
2025-11-05 12:55:01,834 - __main__ - INFO - ✓ Dashboard disponível em: http://localhost:5000
2025-11-05 12:55:01,834 - __main__ - INFO - ✓ Versão TV disponível em: http://localhost:5000/tv
2025-11-05 12:55:01,835 - __main__ - INFO - ============================================================

2025-11-05 12:55:01,836 - __main__ - INFO - 🌐 Iniciando servidor web...
2025-11-05 12:55:03,376 - werkzeug - INFO - [31m[1mWARNING: This is a development server. Do not use it in a production deployment. Use a production WSGI server instead.[0m
 * Running on all addresses (0.0.0.0)
 * Running on http://127.0.0.1:5000
 * Running on http://192.168.0.39:5000
2025-11-05 12:55:03,389 - werkzeug - INFO - [33mPress CTRL+C to quit[0m
2025-11-05 12:55:03,518 - werkzeug - INFO - 127.0.0.1 - - [05/Nov/2025 12:55:03] "GET /api/systems/all HTTP/1.1" 200 -
2025-11-05 12:55:03,757 - werkzeug - INFO - 127.0.0.1 - - [05/Nov/2025 12:55:03] "GET /api/screenshot/google HTTP/1.1" 200 -
2025-11-05 12:55:03,922 - werkzeug - INFO - 127.0.0.1 - - [05/Nov/2025 12:55:03] "GET /api/screenshot/google HTTP/1.1" 200 -
2025-11-05 12:55:03,945 - werkzeug - INFO - 127.0.0.1 - - [05/Nov/2025 12:55:03] "[33mGET /api/screenshot/peoplesoft HTTP/1.1[0m" 404 -
2025-11-05 12:55:04,107 - werkzeug - INFO - 127.0.0.1 - - [05/Nov/2025 12:55:04] "GET /api/screenshot/google HTTP/1.1" 200 -
2025-11-05 12:55:04,128 - werkzeug - INFO - 127.0.0.1 - - [05/Nov/2025 12:55:04] "GET /storage/screenshots/google/screenshot_20251105_124917.png?t=1762358103776 HTTP/1.1" 200 -
2025-11-05 12:55:04,400 - werkzeug - INFO - 127.0.0.1 - - [05/Nov/2025 12:55:04] "GET /storage/screenshots/google/screenshot_20251105_124917.png?t=1762358104013 HTTP/1.1" 200 -
2025-11-05 12:55:04,404 - werkzeug - INFO - 127.0.0.1 - - [05/Nov/2025 12:55:04] "[33mGET /api/screenshot/peoplesoft HTTP/1.1[0m" 404 -
2025-11-05 12:55:04,409 - werkzeug - INFO - 127.0.0.1 - - [05/Nov/2025 12:55:04] "GET /storage/screenshots/google/screenshot_20251105_124917.png?t=1762358104144 HTTP/1.1" 200 -
2025-11-05 12:55:05,669 - collectors.google_collector - INFO - ✓ WebDriver inicializado
2025-11-05 12:55:05,670 - collectors.google_collector - INFO - Navegando para: https://www.google.com
2025-11-05 12:55:05,824 - collectors.peoplesoft_collector - INFO - ✓ WebDriver inicializado
2025-11-05 12:55:05,825 - collectors.peoplesoft_collector - INFO - 🔐 Fazendo login...
2025-11-05 12:55:09,161 - werkzeug - INFO - 127.0.0.1 - - [05/Nov/2025 12:55:09] "GET /api/systems/all HTTP/1.1" 200 -
2025-11-05 12:55:09,436 - werkzeug - INFO - 127.0.0.1 - - [05/Nov/2025 12:55:09] "GET /api/screenshot/google HTTP/1.1" 200 -
2025-11-05 12:55:09,489 - werkzeug - INFO - 127.0.0.1 - - [05/Nov/2025 12:55:09] "[33mGET /api/screenshot/peoplesoft HTTP/1.1[0m" 404 -
2025-11-05 12:55:09,492 - werkzeug - INFO - 127.0.0.1 - - [05/Nov/2025 12:55:09] "GET /storage/screenshots/google/screenshot_20251105_124917.png?t=1762358109441 HTTP/1.1" 200 -
2025-11-05 12:55:18,365 - collectors.google_collector - WARNING - ⚠ Logo do Google não encontrado
2025-11-05 12:55:18,426 - collectors.google_collector - INFO - ✓ Screenshot salvo: storage/screenshots/google/screenshot_20251105_125518.png
2025-11-05 12:55:19,154 - werkzeug - INFO - 127.0.0.1 - - [05/Nov/2025 12:55:19] "GET /api/screenshot/google HTTP/1.1" 200 -
2025-11-05 12:55:19,156 - werkzeug - INFO - 127.0.0.1 - - [05/Nov/2025 12:55:19] "GET /api/systems/all HTTP/1.1" 200 -
2025-11-05 12:55:19,157 - werkzeug - INFO - 127.0.0.1 - - [05/Nov/2025 12:55:19] "[33mGET /api/screenshot/peoplesoft HTTP/1.1[0m" 404 -
2025-11-05 12:55:19,411 - werkzeug - INFO - 127.0.0.1 - - [05/Nov/2025 12:55:19] "GET /api/screenshot/google HTTP/1.1" 200 -
2025-11-05 12:55:19,491 - werkzeug - INFO - 127.0.0.1 - - [05/Nov/2025 12:55:19] "[33mGET /api/screenshot/peoplesoft HTTP/1.1[0m" 404 -
2025-11-05 12:55:19,534 - werkzeug - INFO - 127.0.0.1 - - [05/Nov/2025 12:55:19] "GET /storage/screenshots/google/screenshot_20251105_125518.png?t=1762358119158 HTTP/1.1" 200 -
2025-11-05 12:55:19,544 - werkzeug - INFO - 127.0.0.1 - - [05/Nov/2025 12:55:19] "GET /storage/screenshots/google/screenshot_20251105_125518.png?t=1762358119414 HTTP/1.1" 200 -
2025-11-05 12:55:24,923 - processors.data_processors - INFO - ✓ Dados de google processados
2025-11-05 12:55:24,938 - backend.websocket_handlers - INFO - 📡 Broadcasting update: google
2025-11-05 12:55:24,939 - orchestrator.orchestrator - INFO - ✓ Coleta concluída: google
2025-11-05 12:55:24,939 - apscheduler.executors.default - INFO - Job "Coleta google (trigger: interval[0:01:00], next run at: 2025-11-05 12:55:59 -03)" executed successfully
2025-11-05 12:55:26,922 - collectors.peoplesoft_collector - INFO - ✓ Login bem-sucedido
2025-11-05 12:55:26,922 - collectors.peoplesoft_collector - INFO - Navegando para: http://pswebt1.ajover.com:8080/psp/erptest/EMPLOYEE/ERP/c/PROCESSMONITOR.PROCESSMONITOR.GBL?FolderPath=PORTAL_ROOT_OBJECT.PT_PEOPLETOOLS.PT_PROCESS_SCHEDULER.PT_PROCESSMONITOR_GBL&IsFolder=false&IgnoreParamTempl=FolderPath%2cIsFolder
2025-11-05 12:55:29,153 - werkzeug - INFO - 127.0.0.1 - - [05/Nov/2025 12:55:29] "GET /api/systems/all HTTP/1.1" 200 -
2025-11-05 12:55:29,412 - werkzeug - INFO - 127.0.0.1 - - [05/Nov/2025 12:55:29] "GET /api/screenshot/google HTTP/1.1" 200 -
2025-11-05 12:55:29,475 - werkzeug - INFO - 127.0.0.1 - - [05/Nov/2025 12:55:29] "[33mGET /api/screenshot/peoplesoft HTTP/1.1[0m" 404 -
2025-11-05 12:55:29,479 - werkzeug - INFO - 127.0.0.1 - - [05/Nov/2025 12:55:29] "GET /storage/screenshots/google/screenshot_20251105_125518.png?t=1762358129414 HTTP/1.1" 200 -
2025-11-05 12:55:34,153 - werkzeug - INFO - 127.0.0.1 - - [05/Nov/2025 12:55:34] "GET /api/screenshot/google HTTP/1.1" 200 -
2025-11-05 12:55:34,158 - werkzeug - INFO - 127.0.0.1 - - [05/Nov/2025 12:55:34] "[33mGET /api/screenshot/peoplesoft HTTP/1.1[0m" 404 -
2025-11-05 12:55:34,414 - werkzeug - INFO - 127.0.0.1 - - [05/Nov/2025 12:55:34] "GET /storage/screenshots/google/screenshot_20251105_125518.png?t=1762358134155 HTTP/1.1" 200 -
2025-11-05 12:55:39,150 - werkzeug - INFO - 127.0.0.1 - - [05/Nov/2025 12:55:39] "GET /api/systems/all HTTP/1.1" 200 -
2025-11-05 12:55:39,410 - werkzeug - INFO - 127.0.0.1 - - [05/Nov/2025 12:55:39] "GET /api/screenshot/google HTTP/1.1" 200 -
2025-11-05 12:55:39,473 - werkzeug - INFO - 127.0.0.1 - - [05/Nov/2025 12:55:39] "[33mGET /api/screenshot/peoplesoft HTTP/1.1[0m" 404 -
2025-11-05 12:55:39,476 - werkzeug - INFO - 127.0.0.1 - - [05/Nov/2025 12:55:39] "GET /storage/screenshots/google/screenshot_20251105_125518.png?t=1762358139412 HTTP/1.1" 200 -
2025-11-05 12:55:42,101 - collectors.peoplesoft_collector - INFO - ✓ Switch para iframe ptifrmtgtframe (por ID)
2025-11-05 12:55:44,101 - collectors.peoplesoft_collector - INFO - ============================================================
2025-11-05 12:55:44,102 - collectors.peoplesoft_collector - INFO - 📋 FILTROS CONFIGURADOS:
2025-11-05 12:55:44,102 - collectors.peoplesoft_collector - INFO - ============================================================
2025-11-05 12:55:44,102 - collectors.peoplesoft_collector - INFO -   • User ID: MBENITEZ
2025-11-05 12:55:44,103 - collectors.peoplesoft_collector - INFO -   • Process Name: AJ_BU_PS_CLI
2025-11-05 12:55:44,103 - collectors.peoplesoft_collector - INFO -   • Time Filter:
2025-11-05 12:55:44,104 - collectors.peoplesoft_collector - INFO -     - Type: Last
2025-11-05 12:55:44,104 - collectors.peoplesoft_collector - INFO -     - Value: 70
2025-11-05 12:55:44,104 - collectors.peoplesoft_collector - INFO -     - Unit: Days
2025-11-05 12:55:44,105 - collectors.peoplesoft_collector - INFO - ============================================================
2025-11-05 12:55:44,105 - collectors.peoplesoft_collector - INFO - 🔍 Aplicando filtros...
2025-11-05 12:55:44,105 - collectors.peoplesoft_collector - INFO - Buscando User ID: 'MBENITEZ'
2025-11-05 12:55:49,156 - werkzeug - INFO - 127.0.0.1 - - [05/Nov/2025 12:55:49] "GET /api/screenshot/google HTTP/1.1" 200 -
2025-11-05 12:55:49,169 - werkzeug - INFO - 127.0.0.1 - - [05/Nov/2025 12:55:49] "[33mGET /api/screenshot/peoplesoft HTTP/1.1[0m" 404 -
2025-11-05 12:55:49,172 - werkzeug - INFO - 127.0.0.1 - - [05/Nov/2025 12:55:49] "GET /api/systems/all HTTP/1.1" 200 -
2025-11-05 12:55:49,416 - werkzeug - INFO - 127.0.0.1 - - [05/Nov/2025 12:55:49] "GET /storage/screenshots/google/screenshot_20251105_125518.png?t=1762358149159 HTTP/1.1" 200 -
2025-11-05 12:55:49,493 - werkzeug - INFO - 127.0.0.1 - - [05/Nov/2025 12:55:49] "GET /api/screenshot/google HTTP/1.1" 200 -
2025-11-05 12:55:49,514 - werkzeug - INFO - 127.0.0.1 - - [05/Nov/2025 12:55:49] "[33mGET /api/screenshot/peoplesoft HTTP/1.1[0m" 404 -
2025-11-05 12:55:49,520 - werkzeug - INFO - 127.0.0.1 - - [05/Nov/2025 12:55:49] "GET /storage/screenshots/google/screenshot_20251105_125518.png?t=1762358149498 HTTP/1.1" 200 -
2025-11-05 12:55:52,560 - collectors.peoplesoft_collector - INFO - ✓ User ID 'MBENITEZ' selecionado
2025-11-05 12:55:55,645 - collectors.peoplesoft_collector - INFO - Buscando Process Name: 'AJ_BU_PS_CLI'
2025-11-05 12:55:59,138 - apscheduler.executors.default - INFO - Running job "Coleta google (trigger: interval[0:01:00], next run at: 2025-11-05 12:56:59 -03)" (scheduled at 2025-11-05 12:55:59.133253-03:00)
2025-11-05 12:55:59,138 - orchestrator.orchestrator - INFO - 🔄 Coletando: google
2025-11-05 12:55:59,138 - collectors.google_collector - INFO - 📸 Coletando dados: Google
2025-11-05 12:55:59,139 - collectors.google_collector - INFO - 🎭 Modo HEADLESS ativado
2025-11-05 12:55:59,171 - werkzeug - INFO - 127.0.0.1 - - [05/Nov/2025 12:55:59] "GET /api/systems/all HTTP/1.1" 200 -
2025-11-05 12:55:59,414 - werkzeug - INFO - 127.0.0.1 - - [05/Nov/2025 12:55:59] "GET /api/screenshot/google HTTP/1.1" 200 -
2025-11-05 12:55:59,492 - werkzeug - INFO - 127.0.0.1 - - [05/Nov/2025 12:55:59] "[33mGET /api/screenshot/peoplesoft HTTP/1.1[0m" 404 -
2025-11-05 12:55:59,496 - werkzeug - INFO - 127.0.0.1 - - [05/Nov/2025 12:55:59] "GET /storage/screenshots/google/screenshot_20251105_125518.png?t=1762358159417 HTTP/1.1" 200 -
2025-11-05 12:56:01,908 - collectors.google_collector - INFO - ✓ WebDriver inicializado
2025-11-05 12:56:01,909 - collectors.google_collector - INFO - Navegando para: https://www.google.com
2025-11-05 12:56:04,146 - werkzeug - INFO - 127.0.0.1 - - [05/Nov/2025 12:56:04] "GET /api/screenshot/google HTTP/1.1" 200 -
2025-11-05 12:56:04,148 - werkzeug - INFO - 127.0.0.1 - - [05/Nov/2025 12:56:04] "[33mGET /api/screenshot/peoplesoft HTTP/1.1[0m" 404 -
2025-11-05 12:56:04,407 - werkzeug - INFO - 127.0.0.1 - - [05/Nov/2025 12:56:04] "GET /storage/screenshots/google/screenshot_20251105_125518.png?t=1762358164149 HTTP/1.1" 200 -
2025-11-05 12:56:09,161 - werkzeug - INFO - 127.0.0.1 - - [05/Nov/2025 12:56:09] "GET /api/systems/all HTTP/1.1" 200 -
2025-11-05 12:56:09,422 - werkzeug - INFO - 127.0.0.1 - - [05/Nov/2025 12:56:09] "GET /api/screenshot/google HTTP/1.1" 200 -
2025-11-05 12:56:09,484 - werkzeug - INFO - 127.0.0.1 - - [05/Nov/2025 12:56:09] "[33mGET /api/screenshot/peoplesoft HTTP/1.1[0m" 404 -
2025-11-05 12:56:09,486 - werkzeug - INFO - 127.0.0.1 - - [05/Nov/2025 12:56:09] "GET /storage/screenshots/google/screenshot_20251105_125518.png?t=1762358169424 HTTP/1.1" 200 -
2025-11-05 12:56:15,573 - collectors.google_collector - WARNING - ⚠ Logo do Google não encontrado
2025-11-05 12:56:15,621 - collectors.google_collector - INFO - ✓ Screenshot salvo: storage/screenshots/google/screenshot_20251105_125615.png
2025-11-05 12:56:19,154 - werkzeug - INFO - 127.0.0.1 - - [05/Nov/2025 12:56:19] "GET /api/systems/all HTTP/1.1" 200 -
2025-11-05 12:56:19,154 - werkzeug - INFO - 127.0.0.1 - - [05/Nov/2025 12:56:19] "[33mGET /api/screenshot/peoplesoft HTTP/1.1[0m" 404 -
2025-11-05 12:56:19,155 - werkzeug - INFO - 127.0.0.1 - - [05/Nov/2025 12:56:19] "GET /api/screenshot/google HTTP/1.1" 200 -
2025-11-05 12:56:19,414 - werkzeug - INFO - 127.0.0.1 - - [05/Nov/2025 12:56:19] "GET /api/screenshot/google HTTP/1.1" 200 -
2025-11-05 12:56:19,479 - werkzeug - INFO - 127.0.0.1 - - [05/Nov/2025 12:56:19] "[33mGET /api/screenshot/peoplesoft HTTP/1.1[0m" 404 -
2025-11-05 12:56:19,501 - werkzeug - INFO - 127.0.0.1 - - [05/Nov/2025 12:56:19] "GET /storage/screenshots/google/screenshot_20251105_125615.png?t=1762358179163 HTTP/1.1" 200 -
2025-11-05 12:56:19,502 - werkzeug - INFO - 127.0.0.1 - - [05/Nov/2025 12:56:19] "GET /storage/screenshots/google/screenshot_20251105_125615.png?t=1762358179416 HTTP/1.1" 200 -
2025-11-05 12:56:23,026 - collectors.peoplesoft_collector - WARNING - ⚠ Process Name 'AJ_BU_PS_CLI' não encontrado nos resultados
2025-11-05 12:56:23,039 - processors.data_processors - INFO - ✓ Dados de google processados
2025-11-05 12:56:23,053 - backend.websocket_handlers - INFO - 📡 Broadcasting update: google
2025-11-05 12:56:23,054 - orchestrator.orchestrator - INFO - ✓ Coleta concluída: google
2025-11-05 12:56:23,054 - apscheduler.executors.default - INFO - Job "Coleta google (trigger: interval[0:01:00], next run at: 2025-11-05 12:56:59 -03)" executed successfully
2025-11-05 12:56:26,854 - collectors.peoplesoft_collector - INFO - ============================================================
2025-11-05 12:56:26,854 - collectors.peoplesoft_collector - INFO - 🔄 INICIANDO CLIQUE NO REFRESH...
2025-11-05 12:56:26,855 - collectors.peoplesoft_collector - INFO - ============================================================
2025-11-05 12:56:26,907 - collectors.peoplesoft_collector - INFO - 📸 Screenshot ANTES do Refresh salvo
2025-11-05 12:56:26,908 - collectors.peoplesoft_collector - INFO -    Tentativa 1: id = 'REFRESH_BTN'
2025-11-05 12:56:26,945 - collectors.peoplesoft_collector - INFO -    ✨ Aplicando highlight no botão...
2025-11-05 12:56:28,015 - collectors.peoplesoft_collector - INFO -    📸 Screenshot COM HIGHLIGHT salvo
2025-11-05 12:56:28,033 - collectors.peoplesoft_collector - INFO -    🖱️  CLICANDO no botão...
2025-11-05 12:56:28,059 - collectors.peoplesoft_collector - INFO - ============================================================
2025-11-05 12:56:28,060 - collectors.peoplesoft_collector - INFO - ✅ REFRESH CLICADO COM SUCESSO!
2025-11-05 12:56:28,060 - collectors.peoplesoft_collector - INFO - ⏳ Aguardando 5 segundos para página atualizar...
2025-11-05 12:56:28,061 - collectors.peoplesoft_collector - INFO - ============================================================
2025-11-05 12:56:29,158 - werkzeug - INFO - 127.0.0.1 - - [05/Nov/2025 12:56:29] "GET /api/systems/all HTTP/1.1" 200 -
2025-11-05 12:56:29,417 - werkzeug - INFO - 127.0.0.1 - - [05/Nov/2025 12:56:29] "GET /api/screenshot/google HTTP/1.1" 200 -
2025-11-05 12:56:29,479 - werkzeug - INFO - 127.0.0.1 - - [05/Nov/2025 12:56:29] "[33mGET /api/screenshot/peoplesoft HTTP/1.1[0m" 404 -
2025-11-05 12:56:29,479 - werkzeug - INFO - 127.0.0.1 - - [05/Nov/2025 12:56:29] "GET /storage/screenshots/google/screenshot_20251105_125615.png?t=1762358189420 HTTP/1.1" 200 -
2025-11-05 12:56:33,110 - collectors.peoplesoft_collector - INFO - 📸 Screenshot DEPOIS do Refresh salvo
2025-11-05 12:56:33,110 - collectors.peoplesoft_collector - INFO - ✓ Filtros aplicados com sucesso
2025-11-05 12:56:34,162 - werkzeug - INFO - 127.0.0.1 - - [05/Nov/2025 12:56:34] "GET /api/screenshot/google HTTP/1.1" 200 -
2025-11-05 12:56:34,163 - werkzeug - INFO - 127.0.0.1 - - [05/Nov/2025 12:56:34] "[33mGET /api/screenshot/peoplesoft HTTP/1.1[0m" 404 -
2025-11-05 12:56:34,420 - werkzeug - INFO - 127.0.0.1 - - [05/Nov/2025 12:56:34] "GET /storage/screenshots/google/screenshot_20251105_125615.png?t=1762358194167 HTTP/1.1" 200 -
2025-11-05 12:56:37,157 - collectors.peoplesoft_collector - INFO - ✓ Tabela encontrada com selector: table.PSLEVEL1GRID
2025-11-05 12:56:37,171 - collectors.peoplesoft_collector - INFO - Encontradas 17 linhas na tabela
2025-11-05 12:56:37,824 - collectors.peoplesoft_collector - INFO - ✓ Métricas extraídas: 16 processos, 0 erros, 100.0% sucesso
2025-11-05 12:56:37,887 - collectors.peoplesoft_collector - INFO - ✓ Screenshot salvo: storage/screenshots/peoplesoft/screenshot_20251105_125637.png
2025-11-05 12:56:39,150 - werkzeug - INFO - 127.0.0.1 - - [05/Nov/2025 12:56:39] "GET /api/systems/all HTTP/1.1" 200 -
2025-11-05 12:56:39,409 - werkzeug - INFO - 127.0.0.1 - - [05/Nov/2025 12:56:39] "GET /api/screenshot/google HTTP/1.1" 200 -
2025-11-05 12:56:39,474 - werkzeug - INFO - 127.0.0.1 - - [05/Nov/2025 12:56:39] "GET /api/screenshot/peoplesoft HTTP/1.1" 200 -
2025-11-05 12:56:39,476 - werkzeug - INFO - 127.0.0.1 - - [05/Nov/2025 12:56:39] "GET /storage/screenshots/google/screenshot_20251105_125615.png?t=1762358199412 HTTP/1.1" 200 -
2025-11-05 12:56:39,798 - werkzeug - INFO - 127.0.0.1 - - [05/Nov/2025 12:56:39] "GET /storage/screenshots/peoplesoft/screenshot_20251105_125637.png?t=1762358199479 HTTP/1.1" 200 -
2025-11-05 12:56:44,271 - processors.data_processors - INFO - ✓ Dados de peoplesoft processados
2025-11-05 12:56:44,285 - backend.websocket_handlers - INFO - 📡 Broadcasting update: peoplesoft
2025-11-05 12:56:44,286 - orchestrator.orchestrator - INFO - ✓ Coleta concluída: peoplesoft
2025-11-05 12:56:44,287 - apscheduler.executors.default - INFO - Job "Coleta peoplesoft (trigger: interval[0:03:00], next run at: 2025-11-05 12:57:59 -03)" executed successfully
2025-11-05 12:56:49,153 - werkzeug - INFO - 127.0.0.1 - - [05/Nov/2025 12:56:49] "GET /api/screenshot/google HTTP/1.1" 200 -
2025-11-05 12:56:49,154 - werkzeug - INFO - 127.0.0.1 - - [05/Nov/2025 12:56:49] "GET /api/systems/all HTTP/1.1" 200 -
2025-11-05 12:56:49,155 - werkzeug - INFO - 127.0.0.1 - - [05/Nov/2025 12:56:49] "GET /api/screenshot/peoplesoft HTTP/1.1" 200 -
2025-11-05 12:56:49,411 - werkzeug - INFO - 127.0.0.1 - - [05/Nov/2025 12:56:49] "GET /api/screenshot/google HTTP/1.1" 200 -
2025-11-05 12:56:49,475 - werkzeug - INFO - 127.0.0.1 - - [05/Nov/2025 12:56:49] "GET /api/screenshot/peoplesoft HTTP/1.1" 200 -
2025-11-05 12:56:49,476 - werkzeug - INFO - 127.0.0.1 - - [05/Nov/2025 12:56:49] "GET /storage/screenshots/google/screenshot_20251105_125615.png?t=1762358209413 HTTP/1.1" 200 -
2025-11-05 12:56:49,476 - werkzeug - INFO - 127.0.0.1 - - [05/Nov/2025 12:56:49] "GET /storage/screenshots/peoplesoft/screenshot_20251105_125637.png?t=1762358209166 HTTP/1.1" 200 -
2025-11-05 12:56:49,478 - werkzeug - INFO - 127.0.0.1 - - [05/Nov/2025 12:56:49] "GET /storage/screenshots/google/screenshot_20251105_125615.png?t=1762358209160 HTTP/1.1" 200 -
2025-11-05 12:56:49,735 - werkzeug - INFO - 127.0.0.1 - - [05/Nov/2025 12:56:49] "GET /storage/screenshots/peoplesoft/screenshot_20251105_125637.png?t=1762358209478 HTTP/1.1" 200 -
2025-11-05 12:56:57,515 - werkzeug - INFO - 127.0.0.1 - - [05/Nov/2025 12:56:57] "[36mGET /storage/screenshots/peoplesoft/screenshot_20251105_125637.png?t=1762358209478 HTTP/1.1[0m" 304 -
2025-11-05 12:56:59,147 - apscheduler.executors.default - INFO - Running job "Coleta google (trigger: interval[0:01:00], next run at: 2025-11-05 12:57:59 -03)" (scheduled at 2025-11-05 12:56:59.133253-03:00)
2025-11-05 12:56:59,148 - orchestrator.orchestrator - INFO - 🔄 Coletando: google
2025-11-05 12:56:59,148 - collectors.google_collector - INFO - 📸 Coletando dados: Google
2025-11-05 12:56:59,149 - collectors.google_collector - INFO - 🎭 Modo HEADLESS ativado
2025-11-05 12:56:59,479 - werkzeug - INFO - 127.0.0.1 - - [05/Nov/2025 12:56:59] "GET /api/systems/all HTTP/1.1" 200 -
2025-11-05 12:56:59,498 - werkzeug - INFO - 127.0.0.1 - - [05/Nov/2025 12:56:59] "GET /api/screenshot/google HTTP/1.1" 200 -
2025-11-05 12:56:59,817 - werkzeug - INFO - 127.0.0.1 - - [05/Nov/2025 12:56:59] "GET /api/screenshot/peoplesoft HTTP/1.1" 200 -
2025-11-05 12:56:59,821 - werkzeug - INFO - 127.0.0.1 - - [05/Nov/2025 12:56:59] "GET /storage/screenshots/google/screenshot_20251105_125615.png?t=1762358219508 HTTP/1.1" 200 -
2025-11-05 12:57:00,076 - werkzeug - INFO - 127.0.0.1 - - [05/Nov/2025 12:57:00] "GET /storage/screenshots/peoplesoft/screenshot_20251105_125637.png?t=1762358219839 HTTP/1.1" 200 -
2025-11-05 12:57:03,229 - collectors.google_collector - INFO - ✓ WebDriver inicializado
2025-11-05 12:57:03,229 - collectors.google_collector - INFO - Navegando para: https://www.google.com
2025-11-05 12:57:04,861 - werkzeug - INFO - 127.0.0.1 - - [05/Nov/2025 12:57:04] "GET /api/screenshot/google HTTP/1.1" 200 -
2025-11-05 12:57:04,862 - werkzeug - INFO - 127.0.0.1 - - [05/Nov/2025 12:57:04] "GET /api/screenshot/peoplesoft HTTP/1.1" 200 -
2025-11-05 12:57:05,107 - werkzeug - INFO - 127.0.0.1 - - [05/Nov/2025 12:57:05] "GET /storage/screenshots/google/screenshot_20251105_125615.png?t=1762358224875 HTTP/1.1" 200 -
2025-11-05 12:57:05,184 - werkzeug - INFO - 127.0.0.1 - - [05/Nov/2025 12:57:05] "GET /storage/screenshots/peoplesoft/screenshot_20251105_125637.png?t=1762358224877 HTTP/1.1" 200 -
2025-11-05 12:57:09,839 - werkzeug - INFO - 127.0.0.1 - - [05/Nov/2025 12:57:09] "GET /api/systems/all HTTP/1.1" 200 -
2025-11-05 12:57:10,071 - werkzeug - INFO - 127.0.0.1 - - [05/Nov/2025 12:57:10] "GET /api/screenshot/google HTTP/1.1" 200 -
2025-11-05 12:57:10,241 - werkzeug - INFO - 127.0.0.1 - - [05/Nov/2025 12:57:10] "GET /api/screenshot/peoplesoft HTTP/1.1" 200 -
2025-11-05 12:57:10,254 - werkzeug - INFO - 127.0.0.1 - - [05/Nov/2025 12:57:10] "GET /storage/screenshots/google/screenshot_20251105_125615.png?t=1762358230206 HTTP/1.1" 200 -
2025-11-05 12:57:10,536 - werkzeug - INFO - 127.0.0.1 - - [05/Nov/2025 12:57:10] "GET /storage/screenshots/peoplesoft/screenshot_20251105_125637.png?t=1762358230266 HTTP/1.1" 200 -
2025-11-05 12:57:19,153 - werkzeug - INFO - 127.0.0.1 - - [05/Nov/2025 12:57:19] "GET /api/systems/all HTTP/1.1" 200 -
2025-11-05 12:57:19,159 - werkzeug - INFO - 127.0.0.1 - - [05/Nov/2025 12:57:19] "GET /api/screenshot/peoplesoft HTTP/1.1" 200 -
2025-11-05 12:57:19,170 - werkzeug - INFO - 127.0.0.1 - - [05/Nov/2025 12:57:19] "GET /api/screenshot/google HTTP/1.1" 200 -
2025-11-05 12:57:19,226 - collectors.google_collector - WARNING - ⚠ Logo do Google não encontrado
2025-11-05 12:57:19,301 - collectors.google_collector - INFO - ✓ Screenshot salvo: storage/screenshots/google/screenshot_20251105_125719.png
2025-11-05 12:57:19,670 - werkzeug - INFO - 127.0.0.1 - - [05/Nov/2025 12:57:19] "GET /api/screenshot/google HTTP/1.1" 200 -
2025-11-05 12:57:19,676 - werkzeug - INFO - 127.0.0.1 - - [05/Nov/2025 12:57:19] "GET /api/screenshot/peoplesoft HTTP/1.1" 200 -
2025-11-05 12:57:19,708 - werkzeug - INFO - 127.0.0.1 - - [05/Nov/2025 12:57:19] "GET /storage/screenshots/peoplesoft/screenshot_20251105_125637.png?t=1762358239168 HTTP/1.1" 200 -
2025-11-05 12:57:19,715 - werkzeug - INFO - 127.0.0.1 - - [05/Nov/2025 12:57:19] "GET /storage/screenshots/google/screenshot_20251105_125615.png?t=1762358239178 HTTP/1.1" 200 -
2025-11-05 12:57:19,994 - werkzeug - INFO - 127.0.0.1 - - [05/Nov/2025 12:57:19] "GET /storage/screenshots/peoplesoft/screenshot_20251105_125637.png?t=1762358239681 HTTP/1.1" 200 -
2025-11-05 12:57:20,018 - werkzeug - INFO - 127.0.0.1 - - [05/Nov/2025 12:57:20] "GET /storage/screenshots/google/screenshot_20251105_125719.png?t=1762358239674 HTTP/1.1" 200 -
2025-11-05 12:57:26,359 - processors.data_processors - INFO - ✓ Dados de google processados
2025-11-05 12:57:26,376 - backend.websocket_handlers - INFO - 📡 Broadcasting update: google
2025-11-05 12:57:26,377 - orchestrator.orchestrator - INFO - ✓ Coleta concluída: google
2025-11-05 12:57:26,379 - apscheduler.executors.default - INFO - Job "Coleta google (trigger: interval[0:01:00], next run at: 2025-11-05 12:57:59 -03)" executed successfully
2025-11-05 12:57:29,150 - werkzeug - INFO - 127.0.0.1 - - [05/Nov/2025 12:57:29] "GET /api/systems/all HTTP/1.1" 200 -
2025-11-05 12:57:29,410 - werkzeug - INFO - 127.0.0.1 - - [05/Nov/2025 12:57:29] "GET /api/screenshot/google HTTP/1.1" 200 -
2025-11-05 12:57:29,473 - werkzeug - INFO - 127.0.0.1 - - [05/Nov/2025 12:57:29] "GET /api/screenshot/peoplesoft HTTP/1.1" 200 -
2025-11-05 12:57:29,475 - werkzeug - INFO - 127.0.0.1 - - [05/Nov/2025 12:57:29] "GET /storage/screenshots/google/screenshot_20251105_125719.png?t=1762358249411 HTTP/1.1" 200 -
2025-11-05 12:57:29,731 - werkzeug - INFO - 127.0.0.1 - - [05/Nov/2025 12:57:29] "GET /storage/screenshots/peoplesoft/screenshot_20251105_125637.png?t=1762358249477 HTTP/1.1" 200 -
2025-11-05 12:57:34,159 - werkzeug - INFO - 127.0.0.1 - - [05/Nov/2025 12:57:34] "GET /api/screenshot/google HTTP/1.1" 200 -
2025-11-05 12:57:34,170 - werkzeug - INFO - 127.0.0.1 - - [05/Nov/2025 12:57:34] "GET /api/screenshot/peoplesoft HTTP/1.1" 200 -
2025-11-05 12:57:34,406 - werkzeug - INFO - 127.0.0.1 - - [05/Nov/2025 12:57:34] "GET /storage/screenshots/google/screenshot_20251105_125719.png?t=1762358254163 HTTP/1.1" 200 -
2025-11-05 12:57:34,482 - werkzeug - INFO - 127.0.0.1 - - [05/Nov/2025 12:57:34] "GET /storage/screenshots/peoplesoft/screenshot_20251105_125637.png?t=1762358254175 HTTP/1.1" 200 -
2025-11-05 12:57:38,848 - werkzeug - INFO - 127.0.0.1 - - [05/Nov/2025 12:57:38] "GET /api/systems/all HTTP/1.1" 200 -
2025-11-05 12:57:39,171 - werkzeug - INFO - 127.0.0.1 - - [05/Nov/2025 12:57:39] "GET /api/screenshot/google HTTP/1.1" 200 -
2025-11-05 12:57:39,172 - werkzeug - INFO - 127.0.0.1 - - [05/Nov/2025 12:57:39] "GET /api/screenshot/peoplesoft HTTP/1.1" 200 -
2025-11-05 12:57:39,415 - werkzeug - INFO - 127.0.0.1 - - [05/Nov/2025 12:57:39] "GET /storage/screenshots/google/screenshot_20251105_125719.png?t=1762358259176 HTTP/1.1" 200 -
2025-11-05 12:57:39,494 - werkzeug - INFO - 127.0.0.1 - - [05/Nov/2025 12:57:39] "GET /storage/screenshots/peoplesoft/screenshot_20251105_125637.png?t=1762358259176 HTTP/1.1" 200 -
2025-11-05 12:57:49,160 - werkzeug - INFO - 127.0.0.1 - - [05/Nov/2025 12:57:49] "GET /api/systems/all HTTP/1.1" 200 -
2025-11-05 12:57:49,161 - werkzeug - INFO - 127.0.0.1 - - [05/Nov/2025 12:57:49] "GET /api/screenshot/google HTTP/1.1" 200 -
2025-11-05 12:57:49,163 - werkzeug - INFO - 127.0.0.1 - - [05/Nov/2025 12:57:49] "GET /api/screenshot/peoplesoft HTTP/1.1" 200 -
2025-11-05 12:57:49,413 - werkzeug - INFO - 127.0.0.1 - - [05/Nov/2025 12:57:49] "GET /api/screenshot/google HTTP/1.1" 200 -
2025-11-05 12:57:49,494 - werkzeug - INFO - 127.0.0.1 - - [05/Nov/2025 12:57:49] "GET /api/screenshot/peoplesoft HTTP/1.1" 200 -
2025-11-05 12:57:49,497 - werkzeug - INFO - 127.0.0.1 - - [05/Nov/2025 12:57:49] "GET /storage/screenshots/google/screenshot_20251105_125719.png?t=1762358269415 HTTP/1.1" 200 -
2025-11-05 12:57:49,499 - werkzeug - INFO - 127.0.0.1 - - [05/Nov/2025 12:57:49] "GET /storage/screenshots/google/screenshot_20251105_125719.png?t=1762358269175 HTTP/1.1" 200 -
2025-11-05 12:57:49,503 - werkzeug - INFO - 127.0.0.1 - - [05/Nov/2025 12:57:49] "GET /storage/screenshots/peoplesoft/screenshot_20251105_125637.png?t=1762358269177 HTTP/1.1" 200 -
2025-11-05 12:57:49,737 - werkzeug - INFO - 127.0.0.1 - - [05/Nov/2025 12:57:49] "GET /storage/screenshots/peoplesoft/screenshot_20251105_125637.png?t=1762358269501 HTTP/1.1" 200 -
2025-11-05 12:57:59,138 - apscheduler.executors.default - INFO - Running job "Coleta peoplesoft (trigger: interval[0:03:00], next run at: 2025-11-05 13:00:59 -03)" (scheduled at 2025-11-05 12:57:59.130409-03:00)
2025-11-05 12:57:59,139 - apscheduler.executors.default - INFO - Running job "Coleta google (trigger: interval[0:01:00], next run at: 2025-11-05 12:58:59 -03)" (scheduled at 2025-11-05 12:57:59.133253-03:00)
2025-11-05 12:57:59,140 - orchestrator.orchestrator - INFO - 🔄 Coletando: peoplesoft
2025-11-05 12:57:59,140 - orchestrator.orchestrator - INFO - 🔄 Coletando: google
2025-11-05 12:57:59,141 - collectors.peoplesoft_collector - INFO - 📸 Coletando dados: PeopleSoft
2025-11-05 12:57:59,142 - collectors.google_collector - INFO - 📸 Coletando dados: Google
2025-11-05 12:57:59,143 - collectors.peoplesoft_collector - INFO - 🎭 Modo HEADLESS ativado (sem interface visual)
2025-11-05 12:57:59,144 - collectors.google_collector - INFO - 🎭 Modo HEADLESS ativado
2025-11-05 12:57:59,179 - werkzeug - INFO - 127.0.0.1 - - [05/Nov/2025 12:57:59] "GET /api/systems/all HTTP/1.1" 200 -
2025-11-05 12:57:59,423 - werkzeug - INFO - 127.0.0.1 - - [05/Nov/2025 12:57:59] "GET /api/screenshot/google HTTP/1.1" 200 -
2025-11-05 12:57:59,505 - werkzeug - INFO - 127.0.0.1 - - [05/Nov/2025 12:57:59] "GET /api/screenshot/peoplesoft HTTP/1.1" 200 -
2025-11-05 12:57:59,518 - werkzeug - INFO - 127.0.0.1 - - [05/Nov/2025 12:57:59] "GET /storage/screenshots/google/screenshot_20251105_125719.png?t=1762358279457 HTTP/1.1" 200 -
2025-11-05 12:57:59,772 - werkzeug - INFO - 127.0.0.1 - - [05/Nov/2025 12:57:59] "GET /storage/screenshots/peoplesoft/screenshot_20251105_125637.png?t=1762358279513 HTTP/1.1" 200 -
2025-11-05 12:58:04,161 - werkzeug - INFO - 127.0.0.1 - - [05/Nov/2025 12:58:04] "GET /api/screenshot/google HTTP/1.1" 200 -
2025-11-05 12:58:04,161 - werkzeug - INFO - 127.0.0.1 - - [05/Nov/2025 12:58:04] "GET /api/screenshot/peoplesoft HTTP/1.1" 200 -
2025-11-05 12:58:04,424 - werkzeug - INFO - 127.0.0.1 - - [05/Nov/2025 12:58:04] "GET /storage/screenshots/google/screenshot_20251105_125719.png?t=1762358284170 HTTP/1.1" 200 -
2025-11-05 12:58:04,535 - werkzeug - INFO - 127.0.0.1 - - [05/Nov/2025 12:58:04] "GET /storage/screenshots/peoplesoft/screenshot_20251105_125637.png?t=1762358284173 HTTP/1.1" 200 -
2025-11-05 12:58:05,284 - collectors.peoplesoft_collector - INFO - ✓ WebDriver inicializado
2025-11-05 12:58:05,285 - collectors.google_collector - INFO - ✓ WebDriver inicializado
2025-11-05 12:58:05,285 - collectors.peoplesoft_collector - INFO - 🔐 Fazendo login...
2025-11-05 12:58:05,286 - collectors.google_collector - INFO - Navegando para: https://www.google.com
2025-11-05 12:58:09,156 - werkzeug - INFO - 127.0.0.1 - - [05/Nov/2025 12:58:09] "GET /api/systems/all HTTP/1.1" 200 -
2025-11-05 12:58:09,419 - werkzeug - INFO - 127.0.0.1 - - [05/Nov/2025 12:58:09] "GET /api/screenshot/google HTTP/1.1" 200 -
2025-11-05 12:58:09,508 - werkzeug - INFO - 127.0.0.1 - - [05/Nov/2025 12:58:09] "GET /storage/screenshots/google/screenshot_20251105_125719.png?t=1762358289422 HTTP/1.1" 200 -
2025-11-05 12:58:09,514 - werkzeug - INFO - 127.0.0.1 - - [05/Nov/2025 12:58:09] "GET /api/screenshot/peoplesoft HTTP/1.1" 200 -
2025-11-05 12:58:10,048 - werkzeug - INFO - 127.0.0.1 - - [05/Nov/2025 12:58:10] "GET /storage/screenshots/peoplesoft/screenshot_20251105_125637.png?t=1762358289524 HTTP/1.1" 200 -
2025-11-05 12:58:17,842 - collectors.google_collector - WARNING - ⚠ Logo do Google não encontrado
2025-11-05 12:58:17,943 - collectors.google_collector - INFO - ✓ Screenshot salvo: storage/screenshots/google/screenshot_20251105_125817.png
2025-11-05 12:58:19,152 - werkzeug - INFO - 127.0.0.1 - - [05/Nov/2025 12:58:19] "GET /api/screenshot/google HTTP/1.1" 200 -
2025-11-05 12:58:19,153 - werkzeug - INFO - 127.0.0.1 - - [05/Nov/2025 12:58:19] "GET /api/screenshot/peoplesoft HTTP/1.1" 200 -
2025-11-05 12:58:19,154 - werkzeug - INFO - 127.0.0.1 - - [05/Nov/2025 12:58:19] "GET /api/systems/all HTTP/1.1" 200 -
2025-11-05 12:58:19,436 - werkzeug - INFO - 127.0.0.1 - - [05/Nov/2025 12:58:19] "GET /storage/screenshots/google/screenshot_20251105_125817.png?t=1762358299159 HTTP/1.1" 200 -
2025-11-05 12:58:19,478 - werkzeug - INFO - 127.0.0.1 - - [05/Nov/2025 12:58:19] "GET /api/screenshot/peoplesoft HTTP/1.1" 200 -
2025-11-05 12:58:19,480 - werkzeug - INFO - 127.0.0.1 - - [05/Nov/2025 12:58:19] "GET /api/screenshot/google HTTP/1.1" 200 -
2025-11-05 12:58:19,480 - werkzeug - INFO - 127.0.0.1 - - [05/Nov/2025 12:58:19] "GET /storage/screenshots/peoplesoft/screenshot_20251105_125637.png?t=1762358299163 HTTP/1.1" 200 -
2025-11-05 12:58:19,493 - werkzeug - INFO - 127.0.0.1 - - [05/Nov/2025 12:58:19] "GET /storage/screenshots/peoplesoft/screenshot_20251105_125637.png?t=1762358299486 HTTP/1.1" 200 -
2025-11-05 12:58:19,806 - werkzeug - INFO - 127.0.0.1 - - [05/Nov/2025 12:58:19] "GET /storage/screenshots/google/screenshot_20251105_125817.png?t=1762358299489 HTTP/1.1" 200 -
2025-11-05 12:58:21,463 - collectors.peoplesoft_collector - INFO - ✓ Login bem-sucedido
2025-11-05 12:58:21,464 - collectors.peoplesoft_collector - INFO - Navegando para: http://pswebt1.ajover.com:8080/psp/erptest/EMPLOYEE/ERP/c/PROCESSMONITOR.PROCESSMONITOR.GBL?FolderPath=PORTAL_ROOT_OBJECT.PT_PEOPLETOOLS.PT_PROCESS_SCHEDULER.PT_PROCESSMONITOR_GBL&IsFolder=false&IgnoreParamTempl=FolderPath%2cIsFolder
2025-11-05 12:58:24,509 - processors.data_processors - INFO - ✓ Dados de google processados
2025-11-05 12:58:24,540 - backend.websocket_handlers - INFO - 📡 Broadcasting update: google
2025-11-05 12:58:24,542 - orchestrator.orchestrator - INFO - ✓ Coleta concluída: google
2025-11-05 12:58:24,545 - apscheduler.executors.default - INFO - Job "Coleta google (trigger: interval[0:01:00], next run at: 2025-11-05 12:58:59 -03)" executed successfully
2025-11-05 12:58:29,154 - werkzeug - INFO - 127.0.0.1 - - [05/Nov/2025 12:58:29] "GET /api/systems/all HTTP/1.1" 200 -
2025-11-05 12:58:29,415 - werkzeug - INFO - 127.0.0.1 - - [05/Nov/2025 12:58:29] "GET /api/screenshot/google HTTP/1.1" 200 -
2025-11-05 12:58:29,464 - werkzeug - INFO - 127.0.0.1 - - [05/Nov/2025 12:58:29] "GET /api/screenshot/peoplesoft HTTP/1.1" 200 -
2025-11-05 12:58:29,465 - werkzeug - INFO - 127.0.0.1 - - [05/Nov/2025 12:58:29] "GET /storage/screenshots/google/screenshot_20251105_125817.png?t=1762358309417 HTTP/1.1" 200 -
2025-11-05 12:58:29,739 - werkzeug - INFO - 127.0.0.1 - - [05/Nov/2025 12:58:29] "GET /storage/screenshots/peoplesoft/screenshot_20251105_125637.png?t=1762358309467 HTTP/1.1" 200 -
2025-11-05 12:58:34,146 - werkzeug - INFO - 127.0.0.1 - - [05/Nov/2025 12:58:34] "GET /api/screenshot/google HTTP/1.1" 200 -
2025-11-05 12:58:34,147 - werkzeug - INFO - 127.0.0.1 - - [05/Nov/2025 12:58:34] "GET /api/screenshot/peoplesoft HTTP/1.1" 200 -
2025-11-05 12:58:34,407 - werkzeug - INFO - 127.0.0.1 - - [05/Nov/2025 12:58:34] "GET /storage/screenshots/google/screenshot_20251105_125817.png?t=1762358314152 HTTP/1.1" 200 -
2025-11-05 12:58:34,469 - werkzeug - INFO - 127.0.0.1 - - [05/Nov/2025 12:58:34] "GET /storage/screenshots/peoplesoft/screenshot_20251105_125637.png?t=1762358314153 HTTP/1.1" 200 -
2025-11-05 12:58:34,953 - collectors.peoplesoft_collector - INFO - ✓ Switch para iframe ptifrmtgtframe (por ID)
2025-11-05 12:58:36,954 - collectors.peoplesoft_collector - INFO - ============================================================
2025-11-05 12:58:36,955 - collectors.peoplesoft_collector - INFO - 📋 FILTROS CONFIGURADOS:
2025-11-05 12:58:36,955 - collectors.peoplesoft_collector - INFO - ============================================================
2025-11-05 12:58:36,955 - collectors.peoplesoft_collector - INFO -   • User ID: MBENITEZ
2025-11-05 12:58:36,955 - collectors.peoplesoft_collector - INFO -   • Process Name: AJ_BU_PS_CLI
2025-11-05 12:58:36,956 - collectors.peoplesoft_collector - INFO -   • Time Filter:
2025-11-05 12:58:36,956 - collectors.peoplesoft_collector - INFO -     - Type: Last
2025-11-05 12:58:36,956 - collectors.peoplesoft_collector - INFO -     - Value: 70
2025-11-05 12:58:36,956 - collectors.peoplesoft_collector - INFO -     - Unit: Days
2025-11-05 12:58:36,956 - collectors.peoplesoft_collector - INFO - ============================================================
2025-11-05 12:58:36,957 - collectors.peoplesoft_collector - INFO - 🔍 Aplicando filtros...
2025-11-05 12:58:36,957 - collectors.peoplesoft_collector - INFO - Buscando User ID: 'MBENITEZ'
2025-11-05 12:58:39,157 - werkzeug - INFO - 127.0.0.1 - - [05/Nov/2025 12:58:39] "GET /api/systems/all HTTP/1.1" 200 -
2025-11-05 12:58:39,417 - werkzeug - INFO - 127.0.0.1 - - [05/Nov/2025 12:58:39] "GET /api/screenshot/google HTTP/1.1" 200 -
2025-11-05 12:58:39,480 - werkzeug - INFO - 127.0.0.1 - - [05/Nov/2025 12:58:39] "GET /api/screenshot/peoplesoft HTTP/1.1" 200 -
2025-11-05 12:58:39,482 - werkzeug - INFO - 127.0.0.1 - - [05/Nov/2025 12:58:39] "GET /storage/screenshots/google/screenshot_20251105_125817.png?t=1762358319420 HTTP/1.1" 200 -
2025-11-05 12:58:39,743 - werkzeug - INFO - 127.0.0.1 - - [05/Nov/2025 12:58:39] "GET /storage/screenshots/peoplesoft/screenshot_20251105_125637.png?t=1762358319483 HTTP/1.1" 200 -
2025-11-05 12:58:45,005 - collectors.peoplesoft_collector - INFO - ✓ User ID 'MBENITEZ' selecionado
2025-11-05 12:58:48,061 - collectors.peoplesoft_collector - INFO - Buscando Process Name: 'AJ_BU_PS_CLI'
2025-11-05 12:58:49,159 - werkzeug - INFO - 127.0.0.1 - - [05/Nov/2025 12:58:49] "GET /api/screenshot/google HTTP/1.1" 200 -
2025-11-05 12:58:49,161 - werkzeug - INFO - 127.0.0.1 - - [05/Nov/2025 12:58:49] "GET /api/systems/all HTTP/1.1" 200 -
2025-11-05 12:58:49,162 - werkzeug - INFO - 127.0.0.1 - - [05/Nov/2025 12:58:49] "GET /api/screenshot/peoplesoft HTTP/1.1" 200 -
2025-11-05 12:58:49,417 - werkzeug - INFO - 127.0.0.1 - - [05/Nov/2025 12:58:49] "GET /storage/screenshots/google/screenshot_20251105_125817.png?t=1762358329168 HTTP/1.1" 200 -
2025-11-05 12:58:49,493 - werkzeug - INFO - 127.0.0.1 - - [05/Nov/2025 12:58:49] "GET /api/screenshot/peoplesoft HTTP/1.1" 200 -
2025-11-05 12:58:49,494 - werkzeug - INFO - 127.0.0.1 - - [05/Nov/2025 12:58:49] "GET /api/screenshot/google HTTP/1.1" 200 -
2025-11-05 12:58:49,495 - werkzeug - INFO - 127.0.0.1 - - [05/Nov/2025 12:58:49] "GET /storage/screenshots/peoplesoft/screenshot_20251105_125637.png?t=1762358329173 HTTP/1.1" 200 -
2025-11-05 12:58:49,509 - werkzeug - INFO - 127.0.0.1 - - [05/Nov/2025 12:58:49] "GET /storage/screenshots/peoplesoft/screenshot_20251105_125637.png?t=1762358329498 HTTP/1.1" 200 -
2025-11-05 12:58:49,812 - werkzeug - INFO - 127.0.0.1 - - [05/Nov/2025 12:58:49] "GET /storage/screenshots/google/screenshot_20251105_125817.png?t=1762358329501 HTTP/1.1" 200 -
2025-11-05 12:58:59,147 - apscheduler.executors.default - INFO - Running job "Coleta google (trigger: interval[0:01:00], next run at: 2025-11-05 12:59:59 -03)" (scheduled at 2025-11-05 12:58:59.133253-03:00)
2025-11-05 12:58:59,147 - orchestrator.orchestrator - INFO - 🔄 Coletando: google
2025-11-05 12:58:59,148 - collectors.google_collector - INFO - 📸 Coletando dados: Google
2025-11-05 12:58:59,149 - collectors.google_collector - INFO - 🎭 Modo HEADLESS ativado
2025-11-05 12:58:59,150 - werkzeug - INFO - 127.0.0.1 - - [05/Nov/2025 12:58:59] "GET /api/systems/all HTTP/1.1" 200 -
2025-11-05 12:58:59,411 - werkzeug - INFO - 127.0.0.1 - - [05/Nov/2025 12:58:59] "GET /api/screenshot/google HTTP/1.1" 200 -
2025-11-05 12:58:59,476 - werkzeug - INFO - 127.0.0.1 - - [05/Nov/2025 12:58:59] "GET /storage/screenshots/google/screenshot_20251105_125817.png?t=1762358339416 HTTP/1.1" 200 -
2025-11-05 12:58:59,478 - werkzeug - INFO - 127.0.0.1 - - [05/Nov/2025 12:58:59] "GET /api/screenshot/peoplesoft HTTP/1.1" 200 -
2025-11-05 12:58:59,735 - werkzeug - INFO - 127.0.0.1 - - [05/Nov/2025 12:58:59] "GET /storage/screenshots/peoplesoft/screenshot_20251105_125637.png?t=1762358339484 HTTP/1.1" 200 -
2025-11-05 12:59:02,598 - collectors.google_collector - INFO - ✓ WebDriver inicializado
2025-11-05 12:59:02,603 - collectors.google_collector - INFO - Navegando para: https://www.google.com
2025-11-05 12:59:04,154 - werkzeug - INFO - 127.0.0.1 - - [05/Nov/2025 12:59:04] "GET /api/screenshot/google HTTP/1.1" 200 -
2025-11-05 12:59:04,155 - werkzeug - INFO - 127.0.0.1 - - [05/Nov/2025 12:59:04] "GET /api/screenshot/peoplesoft HTTP/1.1" 200 -
2025-11-05 12:59:04,414 - werkzeug - INFO - 127.0.0.1 - - [05/Nov/2025 12:59:04] "GET /storage/screenshots/google/screenshot_20251105_125817.png?t=1762358344160 HTTP/1.1" 200 -
2025-11-05 12:59:04,477 - werkzeug - INFO - 127.0.0.1 - - [05/Nov/2025 12:59:04] "GET /storage/screenshots/peoplesoft/screenshot_20251105_125637.png?t=1762358344165 HTTP/1.1" 200 -
2025-11-05 12:59:09,149 - werkzeug - INFO - 127.0.0.1 - - [05/Nov/2025 12:59:09] "GET /api/systems/all HTTP/1.1" 200 -
2025-11-05 12:59:09,410 - werkzeug - INFO - 127.0.0.1 - - [05/Nov/2025 12:59:09] "GET /api/screenshot/google HTTP/1.1" 200 -
2025-11-05 12:59:09,472 - werkzeug - INFO - 127.0.0.1 - - [05/Nov/2025 12:59:09] "GET /api/screenshot/peoplesoft HTTP/1.1" 200 -
2025-11-05 12:59:09,474 - werkzeug - INFO - 127.0.0.1 - - [05/Nov/2025 12:59:09] "GET /storage/screenshots/google/screenshot_20251105_125817.png?t=1762358349414 HTTP/1.1" 200 -
2025-11-05 12:59:09,730 - werkzeug - INFO - 127.0.0.1 - - [05/Nov/2025 12:59:09] "GET /storage/screenshots/peoplesoft/screenshot_20251105_125637.png?t=1762358349476 HTTP/1.1" 200 -
2025-11-05 12:59:14,999 - collectors.google_collector - WARNING - ⚠ Logo do Google não encontrado
2025-11-05 12:59:15,069 - collectors.google_collector - INFO - ✓ Screenshot salvo: storage/screenshots/google/screenshot_20251105_125915.png
2025-11-05 12:59:16,064 - collectors.peoplesoft_collector - WARNING - ⚠ Process Name 'AJ_BU_PS_CLI' não encontrado nos resultados
2025-11-05 12:59:19,152 - werkzeug - INFO - 127.0.0.1 - - [05/Nov/2025 12:59:19] "GET /api/systems/all HTTP/1.1" 200 -
2025-11-05 12:59:19,154 - werkzeug - INFO - 127.0.0.1 - - [05/Nov/2025 12:59:19] "GET /api/screenshot/google HTTP/1.1" 200 -
2025-11-05 12:59:19,160 - werkzeug - INFO - 127.0.0.1 - - [05/Nov/2025 12:59:19] "GET /api/screenshot/peoplesoft HTTP/1.1" 200 -
2025-11-05 12:59:19,421 - werkzeug - INFO - 127.0.0.1 - - [05/Nov/2025 12:59:19] "GET /api/screenshot/google HTTP/1.1" 200 -
2025-11-05 12:59:19,472 - werkzeug - INFO - 127.0.0.1 - - [05/Nov/2025 12:59:19] "GET /api/screenshot/peoplesoft HTTP/1.1" 200 -
2025-11-05 12:59:19,481 - werkzeug - INFO - 127.0.0.1 - - [05/Nov/2025 12:59:19] "GET /storage/screenshots/peoplesoft/screenshot_20251105_125637.png?t=1762358359167 HTTP/1.1" 200 -
2025-11-05 12:59:19,499 - werkzeug - INFO - 127.0.0.1 - - [05/Nov/2025 12:59:19] "GET /storage/screenshots/google/screenshot_20251105_125915.png?t=1762358359424 HTTP/1.1" 200 -
2025-11-05 12:59:19,502 - werkzeug - INFO - 127.0.0.1 - - [05/Nov/2025 12:59:19] "GET /storage/screenshots/google/screenshot_20251105_125915.png?t=1762358359164 HTTP/1.1" 200 -
2025-11-05 12:59:19,744 - werkzeug - INFO - 127.0.0.1 - - [05/Nov/2025 12:59:19] "GET /storage/screenshots/peoplesoft/screenshot_20251105_125637.png?t=1762358359478 HTTP/1.1" 200 -
2025-11-05 12:59:20,763 - collectors.peoplesoft_collector - INFO - ============================================================
2025-11-05 12:59:20,767 - collectors.peoplesoft_collector - INFO - 🔄 INICIANDO CLIQUE NO REFRESH...
2025-11-05 12:59:20,767 - collectors.peoplesoft_collector - INFO - ============================================================
2025-11-05 12:59:20,846 - collectors.peoplesoft_collector - INFO - 📸 Screenshot ANTES do Refresh salvo
2025-11-05 12:59:20,848 - collectors.peoplesoft_collector - INFO -    Tentativa 1: id = 'REFRESH_BTN'
2025-11-05 12:59:20,930 - collectors.peoplesoft_collector - INFO -    ✨ Aplicando highlight no botão...
2025-11-05 12:59:21,490 - processors.data_processors - INFO - ✓ Dados de google processados
2025-11-05 12:59:21,503 - backend.websocket_handlers - INFO - 📡 Broadcasting update: google
2025-11-05 12:59:21,504 - orchestrator.orchestrator - INFO - ✓ Coleta concluída: google
2025-11-05 12:59:21,504 - apscheduler.executors.default - INFO - Job "Coleta google (trigger: interval[0:01:00], next run at: 2025-11-05 12:59:59 -03)" executed successfully
2025-11-05 12:59:22,051 - collectors.peoplesoft_collector - INFO -    📸 Screenshot COM HIGHLIGHT salvo
2025-11-05 12:59:22,080 - collectors.peoplesoft_collector - INFO -    🖱️  CLICANDO no botão...
2025-11-05 12:59:22,117 - collectors.peoplesoft_collector - INFO - ============================================================
2025-11-05 12:59:22,119 - collectors.peoplesoft_collector - INFO - ✅ REFRESH CLICADO COM SUCESSO!
2025-11-05 12:59:22,120 - collectors.peoplesoft_collector - INFO - ⏳ Aguardando 5 segundos para página atualizar...
2025-11-05 12:59:22,120 - collectors.peoplesoft_collector - INFO - ============================================================
2025-11-05 12:59:27,186 - collectors.peoplesoft_collector - INFO - 📸 Screenshot DEPOIS do Refresh salvo
2025-11-05 12:59:27,187 - collectors.peoplesoft_collector - INFO - ✓ Filtros aplicados com sucesso
2025-11-05 12:59:29,147 - werkzeug - INFO - 127.0.0.1 - - [05/Nov/2025 12:59:29] "GET /api/systems/all HTTP/1.1" 200 -
2025-11-05 12:59:29,405 - werkzeug - INFO - 127.0.0.1 - - [05/Nov/2025 12:59:29] "GET /api/screenshot/google HTTP/1.1" 200 -
2025-11-05 12:59:29,467 - werkzeug - INFO - 127.0.0.1 - - [05/Nov/2025 12:59:29] "GET /api/screenshot/peoplesoft HTTP/1.1" 200 -
2025-11-05 12:59:29,468 - werkzeug - INFO - 127.0.0.1 - - [05/Nov/2025 12:59:29] "GET /storage/screenshots/google/screenshot_20251105_125915.png?t=1762358369407 HTTP/1.1" 200 -
2025-11-05 12:59:29,727 - werkzeug - INFO - 127.0.0.1 - - [05/Nov/2025 12:59:29] "GET /storage/screenshots/peoplesoft/screenshot_20251105_125637.png?t=1762358369471 HTTP/1.1" 200 -
2025-11-05 12:59:31,250 - collectors.peoplesoft_collector - INFO - ✓ Tabela encontrada com selector: table.PSLEVEL1GRID
2025-11-05 12:59:31,326 - collectors.peoplesoft_collector - INFO - Encontradas 17 linhas na tabela
2025-11-05 12:59:32,175 - collectors.peoplesoft_collector - INFO - ✓ Métricas extraídas: 16 processos, 0 erros, 100.0% sucesso
2025-11-05 12:59:32,246 - collectors.peoplesoft_collector - INFO - ✓ Screenshot salvo: storage/screenshots/peoplesoft/screenshot_20251105_125932.png
2025-11-05 12:59:34,155 - werkzeug - INFO - 127.0.0.1 - - [05/Nov/2025 12:59:34] "GET /api/screenshot/google HTTP/1.1" 200 -
2025-11-05 12:59:34,156 - werkzeug - INFO - 127.0.0.1 - - [05/Nov/2025 12:59:34] "GET /api/screenshot/peoplesoft HTTP/1.1" 200 -
2025-11-05 12:59:34,415 - werkzeug - INFO - 127.0.0.1 - - [05/Nov/2025 12:59:34] "GET /storage/screenshots/google/screenshot_20251105_125915.png?t=1762358374159 HTTP/1.1" 200 -
2025-11-05 12:59:34,499 - werkzeug - INFO - 127.0.0.1 - - [05/Nov/2025 12:59:34] "GET /storage/screenshots/peoplesoft/screenshot_20251105_125932.png?t=1762358374163 HTTP/1.1" 200 -
2025-11-05 12:59:38,723 - processors.data_processors - INFO - ✓ Dados de peoplesoft processados
2025-11-05 12:59:38,737 - backend.websocket_handlers - INFO - 📡 Broadcasting update: peoplesoft
2025-11-05 12:59:38,738 - orchestrator.orchestrator - INFO - ✓ Coleta concluída: peoplesoft
2025-11-05 12:59:38,738 - apscheduler.executors.default - INFO - Job "Coleta peoplesoft (trigger: interval[0:03:00], next run at: 2025-11-05 13:00:59 -03)" executed successfully
2025-11-05 12:59:38,849 - werkzeug - INFO - 127.0.0.1 - - [05/Nov/2025 12:59:38] "GET /api/systems/all HTTP/1.1" 200 -
2025-11-05 12:59:39,176 - werkzeug - INFO - 127.0.0.1 - - [05/Nov/2025 12:59:39] "GET /api/screenshot/peoplesoft HTTP/1.1" 200 -
2025-11-05 12:59:39,178 - werkzeug - INFO - 127.0.0.1 - - [05/Nov/2025 12:59:39] "GET /api/screenshot/google HTTP/1.1" 200 -
2025-11-05 12:59:39,419 - werkzeug - INFO - 127.0.0.1 - - [05/Nov/2025 12:59:39] "GET /storage/screenshots/peoplesoft/screenshot_20251105_125932.png?t=1762358379185 HTTP/1.1" 200 -
2025-11-05 12:59:39,496 - werkzeug - INFO - 127.0.0.1 - - [05/Nov/2025 12:59:39] "GET /storage/screenshots/google/screenshot_20251105_125915.png?t=1762358379189 HTTP/1.1" 200 -
2025-11-05 12:59:49,153 - werkzeug - INFO - 127.0.0.1 - - [05/Nov/2025 12:59:49] "GET /api/systems/all HTTP/1.1" 200 -
2025-11-05 12:59:49,154 - werkzeug - INFO - 127.0.0.1 - - [05/Nov/2025 12:59:49] "GET /api/screenshot/google HTTP/1.1" 200 -
2025-11-05 12:59:49,155 - werkzeug - INFO - 127.0.0.1 - - [05/Nov/2025 12:59:49] "GET /api/screenshot/peoplesoft HTTP/1.1" 200 -
2025-11-05 12:59:49,411 - werkzeug - INFO - 127.0.0.1 - - [05/Nov/2025 12:59:49] "GET /api/screenshot/google HTTP/1.1" 200 -
2025-11-05 12:59:49,478 - werkzeug - INFO - 127.0.0.1 - - [05/Nov/2025 12:59:49] "GET /storage/screenshots/google/screenshot_20251105_125915.png?t=1762358389164 HTTP/1.1" 200 -
2025-11-05 12:59:49,479 - werkzeug - INFO - 127.0.0.1 - - [05/Nov/2025 12:59:49] "GET /storage/screenshots/google/screenshot_20251105_125915.png?t=1762358389413 HTTP/1.1" 200 -
2025-11-05 12:59:49,480 - werkzeug - INFO - 127.0.0.1 - - [05/Nov/2025 12:59:49] "GET /api/screenshot/peoplesoft HTTP/1.1" 200 -
2025-11-05 12:59:49,483 - werkzeug - INFO - 127.0.0.1 - - [05/Nov/2025 12:59:49] "GET /storage/screenshots/peoplesoft/screenshot_20251105_125932.png?t=1762358389164 HTTP/1.1" 200 -
2025-11-05 12:59:49,733 - werkzeug - INFO - 127.0.0.1 - - [05/Nov/2025 12:59:49] "GET /storage/screenshots/peoplesoft/screenshot_20251105_125932.png?t=1762358389489 HTTP/1.1" 200 -
2025-11-05 12:59:59,143 - apscheduler.executors.default - INFO - Running job "Coleta google (trigger: interval[0:01:00], next run at: 2025-11-05 13:00:59 -03)" (scheduled at 2025-11-05 12:59:59.133253-03:00)
2025-11-05 12:59:59,145 - orchestrator.orchestrator - INFO - 🔄 Coletando: google
2025-11-05 12:59:59,146 - collectors.google_collector - INFO - 📸 Coletando dados: Google
2025-11-05 12:59:59,148 - collectors.google_collector - INFO - 🎭 Modo HEADLESS ativado
2025-11-05 12:59:59,149 - werkzeug - INFO - 127.0.0.1 - - [05/Nov/2025 12:59:59] "GET /api/systems/all HTTP/1.1" 200 -
2025-11-05 12:59:59,406 - werkzeug - INFO - 127.0.0.1 - - [05/Nov/2025 12:59:59] "GET /api/screenshot/google HTTP/1.1" 200 -
2025-11-05 12:59:59,484 - werkzeug - INFO - 127.0.0.1 - - [05/Nov/2025 12:59:59] "GET /api/screenshot/peoplesoft HTTP/1.1" 200 -
2025-11-05 12:59:59,493 - werkzeug - INFO - 127.0.0.1 - - [05/Nov/2025 12:59:59] "GET /storage/screenshots/google/screenshot_20251105_125915.png?t=1762358399408 HTTP/1.1" 200 -
2025-11-05 12:59:59,716 - werkzeug - INFO - 127.0.0.1 - - [05/Nov/2025 12:59:59] "GET /storage/screenshots/peoplesoft/screenshot_20251105_125932.png?t=1762358399487 HTTP/1.1" 200 -
2025-11-05 13:00:02,837 - collectors.google_collector - INFO - ✓ WebDriver inicializado
2025-11-05 13:00:02,837 - collectors.google_collector - INFO - Navegando para: https://www.google.com
2025-11-05 13:00:04,161 - werkzeug - INFO - 127.0.0.1 - - [05/Nov/2025 13:00:04] "GET /api/screenshot/google HTTP/1.1" 200 -
2025-11-05 13:00:04,163 - werkzeug - INFO - 127.0.0.1 - - [05/Nov/2025 13:00:04] "GET /api/screenshot/peoplesoft HTTP/1.1" 200 -
2025-11-05 13:00:04,404 - werkzeug - INFO - 127.0.0.1 - - [05/Nov/2025 13:00:04] "GET /storage/screenshots/google/screenshot_20251105_125915.png?t=1762358404168 HTTP/1.1" 200 -
2025-11-05 13:00:04,481 - werkzeug - INFO - 127.0.0.1 - - [05/Nov/2025 13:00:04] "GET /storage/screenshots/peoplesoft/screenshot_20251105_125932.png?t=1762358404172 HTTP/1.1" 200 -
2025-11-05 13:00:09,153 - werkzeug - INFO - 127.0.0.1 - - [05/Nov/2025 13:00:09] "GET /api/systems/all HTTP/1.1" 200 -
2025-11-05 13:00:09,414 - werkzeug - INFO - 127.0.0.1 - - [05/Nov/2025 13:00:09] "GET /api/screenshot/google HTTP/1.1" 200 -
2025-11-05 13:00:09,476 - werkzeug - INFO - 127.0.0.1 - - [05/Nov/2025 13:00:09] "GET /api/screenshot/peoplesoft HTTP/1.1" 200 -
2025-11-05 13:00:09,477 - werkzeug - INFO - 127.0.0.1 - - [05/Nov/2025 13:00:09] "GET /storage/screenshots/google/screenshot_20251105_125915.png?t=1762358409417 HTTP/1.1" 200 -
2025-11-05 13:00:09,738 - werkzeug - INFO - 127.0.0.1 - - [05/Nov/2025 13:00:09] "GET /storage/screenshots/peoplesoft/screenshot_20251105_125932.png?t=1762358409479 HTTP/1.1" 200 -
2025-11-05 13:00:16,371 - collectors.google_collector - WARNING - ⚠ Logo do Google não encontrado
2025-11-05 13:00:16,574 - collectors.google_collector - INFO - ✓ Screenshot salvo: storage/screenshots/google/screenshot_20251105_130016.png
2025-11-05 13:00:19,155 - werkzeug - INFO - 127.0.0.1 - - [05/Nov/2025 13:00:19] "GET /api/systems/all HTTP/1.1" 200 -
2025-11-05 13:00:19,158 - werkzeug - INFO - 127.0.0.1 - - [05/Nov/2025 13:00:19] "GET /api/screenshot/peoplesoft HTTP/1.1" 200 -
2025-11-05 13:00:19,160 - werkzeug - INFO - 127.0.0.1 - - [05/Nov/2025 13:00:19] "GET /api/screenshot/google HTTP/1.1" 200 -
2025-11-05 13:00:19,414 - werkzeug - INFO - 127.0.0.1 - - [05/Nov/2025 13:00:19] "GET /api/screenshot/google HTTP/1.1" 200 -
2025-11-05 13:00:19,473 - werkzeug - INFO - 127.0.0.1 - - [05/Nov/2025 13:00:19] "GET /api/screenshot/peoplesoft HTTP/1.1" 200 -
2025-11-05 13:00:19,488 - werkzeug - INFO - 127.0.0.1 - - [05/Nov/2025 13:00:19] "GET /storage/screenshots/peoplesoft/screenshot_20251105_125932.png?t=1762358419477 HTTP/1.1" 200 -
2025-11-05 13:00:19,506 - werkzeug - INFO - 127.0.0.1 - - [05/Nov/2025 13:00:19] "GET /storage/screenshots/google/screenshot_20251105_130016.png?t=1762358419169 HTTP/1.1" 200 -
2025-11-05 13:00:19,507 - werkzeug - INFO - 127.0.0.1 - - [05/Nov/2025 13:00:19] "GET /storage/screenshots/google/screenshot_20251105_130016.png?t=1762358419417 HTTP/1.1" 200 -
2025-11-05 13:00:19,740 - werkzeug - INFO - 127.0.0.1 - - [05/Nov/2025 13:00:19] "GET /storage/screenshots/peoplesoft/screenshot_20251105_125932.png?t=1762358419179 HTTP/1.1" 200 -
2025-11-05 13:00:24,415 - processors.data_processors - INFO - ✓ Dados de google processados
2025-11-05 13:00:24,430 - backend.websocket_handlers - INFO - 📡 Broadcasting update: google
2025-11-05 13:00:24,430 - orchestrator.orchestrator - INFO - ✓ Coleta concluída: google
2025-11-05 13:00:24,431 - apscheduler.executors.default - INFO - Job "Coleta google (trigger: interval[0:01:00], next run at: 2025-11-05 13:00:59 -03)" executed successfully
2025-11-05 13:00:29,165 - werkzeug - INFO - 127.0.0.1 - - [05/Nov/2025 13:00:29] "GET /api/systems/all HTTP/1.1" 200 -
2025-11-05 13:00:29,423 - werkzeug - INFO - 127.0.0.1 - - [05/Nov/2025 13:00:29] "GET /api/screenshot/google HTTP/1.1" 200 -
2025-11-05 13:00:29,478 - werkzeug - INFO - 127.0.0.1 - - [05/Nov/2025 13:00:29] "GET /api/screenshot/peoplesoft HTTP/1.1" 200 -
2025-11-05 13:00:29,496 - werkzeug - INFO - 127.0.0.1 - - [05/Nov/2025 13:00:29] "GET /storage/screenshots/google/screenshot_20251105_130016.png?t=1762358429426 HTTP/1.1" 200 -
2025-11-05 13:00:29,748 - werkzeug - INFO - 127.0.0.1 - - [05/Nov/2025 13:00:29] "GET /storage/screenshots/peoplesoft/screenshot_20251105_125932.png?t=1762358429482 HTTP/1.1" 200 -
2025-11-05 13:00:32,333 - __main__ - INFO - 

🛑 Recebido sinal de interrupção...
2025-11-05 13:00:32,334 - orchestrator.orchestrator - INFO - 🛑 Parando orquestrador...
2025-11-05 13:00:32,351 - apscheduler.scheduler - INFO - Scheduler has been shut down
2025-11-05 13:00:32,354 - orchestrator.orchestrator - INFO - ✓ Orquestrador parado
2025-11-05 13:00:32,355 - __main__ - INFO - 👋 Encerrando aplicação...
2025-11-05 15:01:02,981 - storage.local_storage - INFO - ✓ Banco de dados inicializado
2025-11-05 15:01:02,995 - backend.routes - INFO - ✓ Rotas registradas
2025-11-05 15:01:02,996 - backend.websocket_handlers - INFO - ✓ Handlers WebSocket registrados
2025-11-05 15:01:02,996 - backend.app - INFO - ✓ Backend Flask inicializado
2025-11-05 15:01:02,996 - __main__ - INFO - 
============================================================
2025-11-05 15:01:02,996 - __main__ - INFO -     PROCESS MONITOR DASHBOARD
2025-11-05 15:01:02,997 - __main__ - INFO -     Versão 1.0.0
2025-11-05 15:01:02,997 - __main__ - INFO - ============================================================

2025-11-05 15:01:02,997 - __main__ - INFO - ✓ Estrutura de diretórios verificada
2025-11-05 15:01:02,999 - __main__ - INFO - 🔧 Iniciando componentes...
2025-11-05 15:01:03,002 - storage.local_storage - INFO - ✓ Banco de dados inicializado
2025-11-05 15:01:03,002 - orchestrator.orchestrator - INFO - 📋 Orquestrador criado
2025-11-05 15:01:03,002 - orchestrator.orchestrator - INFO - ✓ SocketIO configurado no orquestrador
2025-11-05 15:01:03,002 - orchestrator.orchestrator - INFO - ============================================================
2025-11-05 15:01:03,002 - orchestrator.orchestrator - INFO - 🚀 INICIANDO ORQUESTRADOR
2025-11-05 15:01:03,002 - orchestrator.orchestrator - INFO - ============================================================
2025-11-05 15:01:03,003 - orchestrator.orchestrator - INFO - 🔧 Inicializando coletores...
2025-11-05 15:01:03,003 - collectors.base_collector - INFO - ✓ Coletor PeopleSoft inicializado
2025-11-05 15:01:03,003 - collectors.peoplesoft_collector - INFO - 🔍 DEBUG __init__: Filtros carregados do config:
2025-11-05 15:01:03,003 - collectors.peoplesoft_collector - INFO -    - Total de chaves: 2
2025-11-05 15:01:03,004 - collectors.peoplesoft_collector - INFO -    - Conteúdo: {'status': ['error', 'warning'], 'last_hours': 24}
2025-11-05 15:01:03,004 - orchestrator.orchestrator - INFO - ✓ Coletor peoplesoft inicializado
2025-11-05 15:01:03,004 - orchestrator.orchestrator - WARNING - ⚠ Coletor oracle_fusion não implementado
2025-11-05 15:01:03,004 - orchestrator.orchestrator - WARNING - ⚠ Coletor bonita não implementado
2025-11-05 15:01:03,004 - orchestrator.orchestrator - WARNING - ⚠ Coletor n8n não implementado
2025-11-05 15:01:03,004 - collectors.base_collector - INFO - ✓ Coletor Google inicializado
2025-11-05 15:01:03,004 - collectors.google_collector - INFO - 🔍 GoogleCollector inicializado: Google
2025-11-05 15:01:03,005 - orchestrator.orchestrator - INFO - ✓ Coletor google inicializado
2025-11-05 15:01:03,005 - orchestrator.orchestrator - INFO - ✓ 2 coletores inicializados
2025-11-05 15:01:03,005 - orchestrator.orchestrator - INFO - 📅 Agendando jobs de coleta...
2025-11-05 15:01:03,074 - apscheduler.scheduler - INFO - Adding job tentatively -- it will be properly scheduled when the scheduler starts
2025-11-05 15:01:03,075 - orchestrator.orchestrator - INFO - ✓ Job agendado: peoplesoft a cada 300s
2025-11-05 15:01:03,075 - apscheduler.scheduler - INFO - Adding job tentatively -- it will be properly scheduled when the scheduler starts
2025-11-05 15:01:03,076 - orchestrator.orchestrator - INFO - ✓ Job agendado: google a cada 300s
2025-11-05 15:01:03,082 - apscheduler.scheduler - INFO - Adding job tentatively -- it will be properly scheduled when the scheduler starts
2025-11-05 15:01:03,083 - orchestrator.orchestrator - INFO - ✓ Jobs agendados
2025-11-05 15:01:03,086 - apscheduler.scheduler - INFO - Added job "Coleta peoplesoft" to job store "default"
2025-11-05 15:01:03,088 - apscheduler.scheduler - INFO - Added job "Coleta google" to job store "default"
2025-11-05 15:01:03,089 - apscheduler.scheduler - INFO - Added job "Limpeza diária" to job store "default"
2025-11-05 15:01:03,090 - apscheduler.scheduler - INFO - Scheduler started
2025-11-05 15:01:03,091 - orchestrator.orchestrator - INFO - ✓ Orquestrador ativo!
2025-11-05 15:01:03,091 - apscheduler.executors.default - INFO - Running job "Coleta peoplesoft (trigger: interval[0:05:00], next run at: 2025-11-05 15:06:03 -03)" (scheduled at 2025-11-05 15:01:03.074969-03:00)
2025-11-05 15:01:03,092 - apscheduler.executors.default - INFO - Running job "Coleta google (trigger: interval[0:05:00], next run at: 2025-11-05 15:01:03 -03)" (scheduled at 2025-11-05 15:01:03.075975-03:00)
2025-11-05 15:01:03,093 - orchestrator.orchestrator - INFO - 🔄 Coletando: peoplesoft
2025-11-05 15:01:03,093 - orchestrator.orchestrator - INFO - 
📋 Jobs agendados (3):
2025-11-05 15:01:03,094 - orchestrator.orchestrator - INFO - 🔄 Coletando: google
2025-11-05 15:01:03,094 - collectors.peoplesoft_collector - INFO - 📸 Coletando dados: PeopleSoft
2025-11-05 15:01:03,094 - orchestrator.orchestrator - INFO -   • Coleta peoplesoft | próxima execução: 2025-11-05 15:06:03.074969-03:00
2025-11-05 15:01:03,094 - collectors.google_collector - INFO - 📸 Coletando dados: Google
2025-11-05 15:01:03,095 - collectors.peoplesoft_collector - INFO - 👀 Modo VISUAL ativado (com interface)
2025-11-05 15:01:03,095 - orchestrator.orchestrator - INFO -   • Coleta google | próxima execução: 2025-11-05 15:06:03.075975-03:00
2025-11-05 15:01:03,096 - collectors.google_collector - INFO - 🎭 Modo HEADLESS ativado
2025-11-05 15:01:03,096 - orchestrator.orchestrator - INFO -   • Limpeza diária | próxima execução: 2025-11-06 02:00:00-03:00
2025-11-05 15:01:06,294 - __main__ - INFO - 
============================================================
2025-11-05 15:01:06,420 - __main__ - INFO - ✓ Dashboard disponível em: http://localhost:5000
2025-11-05 15:01:06,475 - __main__ - INFO - ✓ Versão TV disponível em: http://localhost:5000/tv
2025-11-05 15:01:06,562 - __main__ - INFO - ============================================================

2025-11-05 15:01:06,680 - __main__ - INFO - 🌐 Iniciando servidor web...
2025-11-05 15:01:06,845 - werkzeug - INFO - [31m[1mWARNING: This is a development server. Do not use it in a production deployment. Use a production WSGI server instead.[0m
 * Running on all addresses (0.0.0.0)
 * Running on http://127.0.0.1:5000
 * Running on http://192.168.0.157:5000
2025-11-05 15:01:06,883 - werkzeug - INFO - [33mPress CTRL+C to quit[0m
2025-11-05 15:01:07,005 - collectors.google_collector - INFO - ✓ WebDriver inicializado
2025-11-05 15:01:07,019 - collectors.google_collector - INFO - Navegando para: https://www.google.com
2025-11-05 15:01:07,026 - werkzeug - INFO - 127.0.0.1 - - [05/Nov/2025 15:01:07] "GET /api/screenshot/peoplesoft HTTP/1.1" 200 -
2025-11-05 15:01:07,088 - collectors.peoplesoft_collector - INFO - ✓ WebDriver inicializado
2025-11-05 15:01:07,088 - collectors.peoplesoft_collector - INFO - 🔐 Fazendo login...
2025-11-05 15:01:07,219 - werkzeug - INFO - 127.0.0.1 - - [05/Nov/2025 15:01:07] "GET / HTTP/1.1" 200 -
2025-11-05 15:01:07,369 - werkzeug - INFO - 127.0.0.1 - - [05/Nov/2025 15:01:07] "GET /api/systems/all HTTP/1.1" 200 -
2025-11-05 15:01:07,618 - werkzeug - INFO - 127.0.0.1 - - [05/Nov/2025 15:01:07] "GET /storage/logs/google_home.png HTTP/1.1" 200 -
2025-11-05 15:01:07,838 - collectors.peoplesoft_collector - ERROR - ❌ Erro ao capturar: Message: unknown error: net::ERR_NAME_NOT_RESOLVED
  (Session info: chrome=141.0.7390.123)
Stacktrace:
	GetHandleVerifier [0x0x7ff7095de8e5+80021]
	GetHandleVerifier [0x0x7ff7095de940+80112]
	(No symbol) [0x0x7ff70936060f]
	(No symbol) [0x0x7ff70935d0bf]
	(No symbol) [0x0x7ff70934dae9]
	(No symbol) [0x0x7ff70934f94e]
	(No symbol) [0x0x7ff70934e0d2]
	(No symbol) [0x0x7ff70934d859]
	(No symbol) [0x0x7ff70934d51d]
	(No symbol) [0x0x7ff70934b08c]
	(No symbol) [0x0x7ff70934b91c]
	(No symbol) [0x0x7ff7093646da]
	(No symbol) [0x0x7ff70940a47e]
	(No symbol) [0x0x7ff7093e122a]
	(No symbol) [0x0x7ff70940968a]
	(No symbol) [0x0x7ff7093e1003]
	(No symbol) [0x0x7ff7093a95d1]
	(No symbol) [0x0x7ff7093aa3f3]
	GetHandleVerifier [0x0x7ff70989dc7d+2960429]
	GetHandleVerifier [0x0x7ff709897f3a+2936554]
	GetHandleVerifier [0x0x7ff7098b8977+3070247]
	GetHandleVerifier [0x0x7ff7095f83ce+185214]
	GetHandleVerifier [0x0x7ff7095ffe1f+216527]
	GetHandleVerifier [0x0x7ff7095e7b24+117460]
	GetHandleVerifier [0x0x7ff7095e7cdf+117903]
	GetHandleVerifier [0x0x7ff7095cdbb8+11112]
	BaseThreadInitThunk [0x0x7ff96f65e8d7+23]
	RtlUserThreadStart [0x0x7ff96ffac53c+44]

Traceback (most recent call last):
  File "C:\Users\ferib\OneDrive\Documentos\Projetos\process_screen_monitoring\process_screen_monitoring\collectors\peoplesoft_collector.py", line 150, in _capture_and_extract
    self.driver.get(self.base_url)
  File "C:\Users\ferib\AppData\Roaming\Python\Python312\site-packages\selenium\webdriver\remote\webdriver.py", line 356, in get
    self.execute(Command.GET, {"url": url})
  File "C:\Users\ferib\AppData\Roaming\Python\Python312\site-packages\selenium\webdriver\remote\webdriver.py", line 347, in execute
    self.error_handler.check_response(response)
  File "C:\Users\ferib\AppData\Roaming\Python\Python312\site-packages\selenium\webdriver\remote\errorhandler.py", line 229, in check_response
    raise exception_class(message, screen, stacktrace)
selenium.common.exceptions.WebDriverException: Message: unknown error: net::ERR_NAME_NOT_RESOLVED
  (Session info: chrome=141.0.7390.123)
Stacktrace:
	GetHandleVerifier [0x0x7ff7095de8e5+80021]
	GetHandleVerifier [0x0x7ff7095de940+80112]
	(No symbol) [0x0x7ff70936060f]
	(No symbol) [0x0x7ff70935d0bf]
	(No symbol) [0x0x7ff70934dae9]
	(No symbol) [0x0x7ff70934f94e]
	(No symbol) [0x0x7ff70934e0d2]
	(No symbol) [0x0x7ff70934d859]
	(No symbol) [0x0x7ff70934d51d]
	(No symbol) [0x0x7ff70934b08c]
	(No symbol) [0x0x7ff70934b91c]
	(No symbol) [0x0x7ff7093646da]
	(No symbol) [0x0x7ff70940a47e]
	(No symbol) [0x0x7ff7093e122a]
	(No symbol) [0x0x7ff70940968a]
	(No symbol) [0x0x7ff7093e1003]
	(No symbol) [0x0x7ff7093a95d1]
	(No symbol) [0x0x7ff7093aa3f3]
	GetHandleVerifier [0x0x7ff70989dc7d+2960429]
	GetHandleVerifier [0x0x7ff709897f3a+2936554]
	GetHandleVerifier [0x0x7ff7098b8977+3070247]
	GetHandleVerifier [0x0x7ff7095f83ce+185214]
	GetHandleVerifier [0x0x7ff7095ffe1f+216527]
	GetHandleVerifier [0x0x7ff7095e7b24+117460]
	GetHandleVerifier [0x0x7ff7095e7cdf+117903]
	GetHandleVerifier [0x0x7ff7095cdbb8+11112]
	BaseThreadInitThunk [0x0x7ff96f65e8d7+23]
	RtlUserThreadStart [0x0x7ff96ffac53c+44]


2025-11-05 15:01:09,571 - werkzeug - INFO - 127.0.0.1 - - [05/Nov/2025 15:01:09] "GET / HTTP/1.1" 200 -
2025-11-05 15:01:09,816 - werkzeug - INFO - 127.0.0.1 - - [05/Nov/2025 15:01:09] "GET /api/systems/all HTTP/1.1" 200 -
2025-11-05 15:01:09,895 - werkzeug - INFO - 127.0.0.1 - - [05/Nov/2025 15:01:09] "[36mGET /storage/logs/google_home.png HTTP/1.1[0m" 304 -
2025-11-05 15:01:10,695 - werkzeug - INFO - 127.0.0.1 - - [05/Nov/2025 15:01:10] "GET /api/screenshot/peoplesoft HTTP/1.1" 200 -
2025-11-05 15:01:10,981 - werkzeug - INFO - 127.0.0.1 - - [05/Nov/2025 15:01:10] "GET /storage/screenshots/peoplesoft/screenshot_20251105_125932.png?t=1762365670698 HTTP/1.1" 200 -
2025-11-05 15:01:14,508 - collectors.base_collector - ERROR - ❌ Erro em PeopleSoft: Falha ao capturar dados
2025-11-05 15:01:14,508 - processors.data_processors - INFO - ✓ Dados de peoplesoft processados
2025-11-05 15:01:14,528 - backend.websocket_handlers - INFO - 📡 Broadcasting update: peoplesoft
2025-11-05 15:01:14,528 - orchestrator.orchestrator - INFO - ✓ Coleta concluída: peoplesoft
2025-11-05 15:01:14,529 - apscheduler.executors.default - INFO - Job "Coleta peoplesoft (trigger: interval[0:05:00], next run at: 2025-11-05 15:06:03 -03)" executed successfully
2025-11-05 15:01:18,208 - werkzeug - INFO - 127.0.0.1 - - [05/Nov/2025 15:01:18] "GET /tv HTTP/1.1" 200 -
2025-11-05 15:01:18,547 - werkzeug - INFO - 127.0.0.1 - - [05/Nov/2025 15:01:18] "GET /api/systems/all HTTP/1.1" 200 -
2025-11-05 15:01:18,811 - werkzeug - INFO - 127.0.0.1 - - [05/Nov/2025 15:01:18] "GET /api/screenshot/google HTTP/1.1" 200 -
2025-11-05 15:01:18,861 - werkzeug - INFO - 127.0.0.1 - - [05/Nov/2025 15:01:18] "GET /api/screenshot/peoplesoft HTTP/1.1" 200 -
2025-11-05 15:01:18,881 - werkzeug - INFO - 127.0.0.1 - - [05/Nov/2025 15:01:18] "GET /storage/screenshots/google/screenshot_20251105_130016.png?t=1762365678815 HTTP/1.1" 200 -
2025-11-05 15:01:19,120 - werkzeug - INFO - 127.0.0.1 - - [05/Nov/2025 15:01:19] "GET /storage/screenshots/peoplesoft/screenshot_20251105_125932.png?t=1762365678863 HTTP/1.1" 200 -
2025-11-05 15:01:20,553 - collectors.google_collector - WARNING - ⚠ Logo do Google não encontrado
2025-11-05 15:01:20,594 - collectors.google_collector - INFO - ✓ Screenshot salvo: storage/screenshots/google/screenshot_20251105_150120.png
2025-11-05 15:01:27,049 - processors.data_processors - INFO - ✓ Dados de google processados
2025-11-05 15:01:27,064 - backend.websocket_handlers - INFO - 📡 Broadcasting update: google
2025-11-05 15:01:27,064 - orchestrator.orchestrator - INFO - ✓ Coleta concluída: google
2025-11-05 15:01:27,064 - apscheduler.executors.default - INFO - Job "Coleta google (trigger: interval[0:05:00], next run at: 2025-11-05 15:06:03 -03)" executed successfully
2025-11-05 15:01:28,237 - werkzeug - INFO - 127.0.0.1 - - [05/Nov/2025 15:01:28] "GET /api/systems/all HTTP/1.1" 200 -
2025-11-05 15:01:28,558 - werkzeug - INFO - 127.0.0.1 - - [05/Nov/2025 15:01:28] "GET /api/screenshot/google HTTP/1.1" 200 -
2025-11-05 15:01:28,558 - werkzeug - INFO - 127.0.0.1 - - [05/Nov/2025 15:01:28] "GET /api/screenshot/peoplesoft HTTP/1.1" 200 -
2025-11-05 15:01:28,820 - werkzeug - INFO - 127.0.0.1 - - [05/Nov/2025 15:01:28] "GET /storage/screenshots/google/screenshot_20251105_150120.png?t=1762365688562 HTTP/1.1" 200 -
2025-11-05 15:01:28,867 - werkzeug - INFO - 127.0.0.1 - - [05/Nov/2025 15:01:28] "GET /storage/screenshots/peoplesoft/screenshot_20251105_125932.png?t=1762365688564 HTTP/1.1" 200 -
2025-11-05 15:01:33,238 - werkzeug - INFO - 127.0.0.1 - - [05/Nov/2025 15:01:33] "GET /api/screenshot/google HTTP/1.1" 200 -
2025-11-05 15:01:33,551 - werkzeug - INFO - 127.0.0.1 - - [05/Nov/2025 15:01:33] "GET /api/screenshot/peoplesoft HTTP/1.1" 200 -
2025-11-05 15:01:33,552 - werkzeug - INFO - 127.0.0.1 - - [05/Nov/2025 15:01:33] "GET /storage/screenshots/google/screenshot_20251105_150120.png?t=1762365693240 HTTP/1.1" 200 -
2025-11-05 15:01:33,862 - werkzeug - INFO - 127.0.0.1 - - [05/Nov/2025 15:01:33] "GET /storage/screenshots/peoplesoft/screenshot_20251105_125932.png?t=1762365693553 HTTP/1.1" 200 -
2025-11-05 15:01:38,233 - werkzeug - INFO - 127.0.0.1 - - [05/Nov/2025 15:01:38] "GET /api/systems/all HTTP/1.1" 200 -
2025-11-05 15:01:38,558 - werkzeug - INFO - 127.0.0.1 - - [05/Nov/2025 15:01:38] "GET /api/screenshot/google HTTP/1.1" 200 -
2025-11-05 15:01:38,558 - werkzeug - INFO - 127.0.0.1 - - [05/Nov/2025 15:01:38] "GET /api/screenshot/peoplesoft HTTP/1.1" 200 -
2025-11-05 15:01:38,805 - werkzeug - INFO - 127.0.0.1 - - [05/Nov/2025 15:01:38] "GET /storage/screenshots/google/screenshot_20251105_150120.png?t=1762365698561 HTTP/1.1" 200 -
2025-11-05 15:01:38,883 - werkzeug - INFO - 127.0.0.1 - - [05/Nov/2025 15:01:38] "GET /storage/screenshots/peoplesoft/screenshot_20251105_125932.png?t=1762365698563 HTTP/1.1" 200 -
2025-11-05 15:01:48,553 - werkzeug - INFO - 127.0.0.1 - - [05/Nov/2025 15:01:48] "GET /api/systems/all HTTP/1.1" 200 -
2025-11-05 15:01:48,554 - werkzeug - INFO - 127.0.0.1 - - [05/Nov/2025 15:01:48] "GET /api/screenshot/peoplesoft HTTP/1.1" 200 -
2025-11-05 15:01:48,555 - werkzeug - INFO - 127.0.0.1 - - [05/Nov/2025 15:01:48] "GET /api/screenshot/google HTTP/1.1" 200 -
2025-11-05 15:01:48,814 - werkzeug - INFO - 127.0.0.1 - - [05/Nov/2025 15:01:48] "GET /api/screenshot/google HTTP/1.1" 200 -
2025-11-05 15:01:48,879 - werkzeug - INFO - 127.0.0.1 - - [05/Nov/2025 15:01:48] "GET /api/screenshot/peoplesoft HTTP/1.1" 200 -
2025-11-05 15:01:48,881 - werkzeug - INFO - 127.0.0.1 - - [05/Nov/2025 15:01:48] "GET /storage/screenshots/peoplesoft/screenshot_20251105_125932.png?t=1762365708561 HTTP/1.1" 200 -
2025-11-05 15:01:48,885 - werkzeug - INFO - 127.0.0.1 - - [05/Nov/2025 15:01:48] "GET /storage/screenshots/google/screenshot_20251105_150120.png?t=1762365708562 HTTP/1.1" 200 -
2025-11-05 15:01:48,899 - werkzeug - INFO - 127.0.0.1 - - [05/Nov/2025 15:01:48] "GET /storage/screenshots/google/screenshot_20251105_150120.png?t=1762365708819 HTTP/1.1" 200 -
2025-11-05 15:01:49,139 - werkzeug - INFO - 127.0.0.1 - - [05/Nov/2025 15:01:49] "GET /storage/screenshots/peoplesoft/screenshot_20251105_125932.png?t=1762365708893 HTTP/1.1" 200 -
2025-11-05 15:01:58,549 - werkzeug - INFO - 127.0.0.1 - - [05/Nov/2025 15:01:58] "GET /api/systems/all HTTP/1.1" 200 -
2025-11-05 15:01:58,815 - werkzeug - INFO - 127.0.0.1 - - [05/Nov/2025 15:01:58] "GET /api/screenshot/google HTTP/1.1" 200 -
2025-11-05 15:01:58,861 - werkzeug - INFO - 127.0.0.1 - - [05/Nov/2025 15:01:58] "GET /api/screenshot/peoplesoft HTTP/1.1" 200 -
2025-11-05 15:01:58,862 - werkzeug - INFO - 127.0.0.1 - - [05/Nov/2025 15:01:58] "GET /storage/screenshots/google/screenshot_20251105_150120.png?t=1762365718817 HTTP/1.1" 200 -
2025-11-05 15:01:59,124 - werkzeug - INFO - 127.0.0.1 - - [05/Nov/2025 15:01:59] "GET /storage/screenshots/peoplesoft/screenshot_20251105_125932.png?t=1762365718865 HTTP/1.1" 200 -
2025-11-05 15:02:03,385 - werkzeug - INFO - 127.0.0.1 - - [05/Nov/2025 15:02:03] "GET /api/screenshot/google HTTP/1.1" 200 -
2025-11-05 15:02:03,694 - werkzeug - INFO - 127.0.0.1 - - [05/Nov/2025 15:02:03] "GET /api/screenshot/peoplesoft HTTP/1.1" 200 -
2025-11-05 15:02:03,694 - werkzeug - INFO - 127.0.0.1 - - [05/Nov/2025 15:02:03] "GET /storage/screenshots/google/screenshot_20251105_150120.png?t=1762365723388 HTTP/1.1" 200 -
2025-11-05 15:02:04,020 - werkzeug - INFO - 127.0.0.1 - - [05/Nov/2025 15:02:04] "GET /storage/screenshots/peoplesoft/screenshot_20251105_125932.png?t=1762365723699 HTTP/1.1" 200 -
2025-11-05 15:02:08,696 - werkzeug - INFO - 127.0.0.1 - - [05/Nov/2025 15:02:08] "GET /api/systems/all HTTP/1.1" 200 -
2025-11-05 15:02:08,959 - werkzeug - INFO - 127.0.0.1 - - [05/Nov/2025 15:02:08] "GET /api/screenshot/google HTTP/1.1" 200 -
2025-11-05 15:02:09,008 - werkzeug - INFO - 127.0.0.1 - - [05/Nov/2025 15:02:09] "GET /api/screenshot/peoplesoft HTTP/1.1" 200 -
2025-11-05 15:02:09,009 - werkzeug - INFO - 127.0.0.1 - - [05/Nov/2025 15:02:09] "GET /storage/screenshots/google/screenshot_20251105_150120.png?t=1762365728962 HTTP/1.1" 200 -
2025-11-05 15:02:09,267 - werkzeug - INFO - 127.0.0.1 - - [05/Nov/2025 15:02:09] "GET /storage/screenshots/peoplesoft/screenshot_20251105_125932.png?t=1762365729014 HTTP/1.1" 200 -
2025-11-05 15:02:10,702 - werkzeug - INFO - 127.0.0.1 - - [05/Nov/2025 15:02:10] "GET /api/screenshot/peoplesoft HTTP/1.1" 200 -
2025-11-05 15:02:10,967 - werkzeug - INFO - 127.0.0.1 - - [05/Nov/2025 15:02:10] "GET /storage/screenshots/peoplesoft/screenshot_20251105_125932.png?t=1762365730705 HTTP/1.1" 200 -
2025-11-05 15:02:18,729 - werkzeug - INFO - 127.0.0.1 - - [05/Nov/2025 15:02:18] "GET /api/screenshot/peoplesoft HTTP/1.1" 200 -
2025-11-05 15:02:18,737 - werkzeug - INFO - 127.0.0.1 - - [05/Nov/2025 15:02:18] "GET /api/screenshot/google HTTP/1.1" 200 -
2025-11-05 15:02:18,742 - werkzeug - INFO - 127.0.0.1 - - [05/Nov/2025 15:02:18] "GET /api/systems/all HTTP/1.1" 200 -
2025-11-05 15:02:18,978 - werkzeug - INFO - 127.0.0.1 - - [05/Nov/2025 15:02:18] "GET /api/screenshot/google HTTP/1.1" 200 -
2025-11-05 15:02:19,051 - werkzeug - INFO - 127.0.0.1 - - [05/Nov/2025 15:02:19] "GET /api/screenshot/peoplesoft HTTP/1.1" 200 -
2025-11-05 15:02:19,101 - werkzeug - INFO - 127.0.0.1 - - [05/Nov/2025 15:02:19] "GET /storage/screenshots/google/screenshot_20251105_150120.png?t=1762365738746 HTTP/1.1" 200 -
2025-11-05 15:02:19,101 - werkzeug - INFO - 127.0.0.1 - - [05/Nov/2025 15:02:19] "GET /storage/screenshots/peoplesoft/screenshot_20251105_125932.png?t=1762365738739 HTTP/1.1" 200 -
2025-11-05 15:02:19,102 - werkzeug - INFO - 127.0.0.1 - - [05/Nov/2025 15:02:19] "GET /storage/screenshots/google/screenshot_20251105_150120.png?t=1762365738983 HTTP/1.1" 200 -
2025-11-05 15:02:19,289 - werkzeug - INFO - 127.0.0.1 - - [05/Nov/2025 15:02:19] "GET /storage/screenshots/peoplesoft/screenshot_20251105_125932.png?t=1762365739055 HTTP/1.1" 200 -
2025-11-05 15:02:28,697 - werkzeug - INFO - 127.0.0.1 - - [05/Nov/2025 15:02:28] "GET /api/systems/all HTTP/1.1" 200 -
2025-11-05 15:02:28,964 - werkzeug - INFO - 127.0.0.1 - - [05/Nov/2025 15:02:28] "GET /api/screenshot/google HTTP/1.1" 200 -
2025-11-05 15:02:29,010 - werkzeug - INFO - 127.0.0.1 - - [05/Nov/2025 15:02:29] "GET /api/screenshot/peoplesoft HTTP/1.1" 200 -
2025-11-05 15:02:29,012 - werkzeug - INFO - 127.0.0.1 - - [05/Nov/2025 15:02:29] "GET /storage/screenshots/google/screenshot_20251105_150120.png?t=1762365748968 HTTP/1.1" 200 -
2025-11-05 15:02:29,275 - werkzeug - INFO - 127.0.0.1 - - [05/Nov/2025 15:02:29] "GET /storage/screenshots/peoplesoft/screenshot_20251105_125932.png?t=1762365749013 HTTP/1.1" 200 -
2025-11-05 15:02:33,411 - werkzeug - INFO - 127.0.0.1 - - [05/Nov/2025 15:02:33] "GET /api/screenshot/google HTTP/1.1" 200 -
2025-11-05 15:02:33,731 - werkzeug - INFO - 127.0.0.1 - - [05/Nov/2025 15:02:33] "GET /api/screenshot/peoplesoft HTTP/1.1" 200 -
2025-11-05 15:02:33,738 - werkzeug - INFO - 127.0.0.1 - - [05/Nov/2025 15:02:33] "GET /storage/screenshots/google/screenshot_20251105_150120.png?t=1762365753427 HTTP/1.1" 200 -
2025-11-05 15:02:34,044 - werkzeug - INFO - 127.0.0.1 - - [05/Nov/2025 15:02:34] "GET /storage/screenshots/peoplesoft/screenshot_20251105_125932.png?t=1762365753738 HTTP/1.1" 200 -
2025-11-05 15:02:38,699 - werkzeug - INFO - 127.0.0.1 - - [05/Nov/2025 15:02:38] "GET /api/systems/all HTTP/1.1" 200 -
2025-11-05 15:02:38,963 - werkzeug - INFO - 127.0.0.1 - - [05/Nov/2025 15:02:38] "GET /api/screenshot/google HTTP/1.1" 200 -
2025-11-05 15:02:39,009 - werkzeug - INFO - 127.0.0.1 - - [05/Nov/2025 15:02:39] "GET /api/screenshot/peoplesoft HTTP/1.1" 200 -
2025-11-05 15:02:39,009 - werkzeug - INFO - 127.0.0.1 - - [05/Nov/2025 15:02:39] "GET /storage/screenshots/google/screenshot_20251105_150120.png?t=1762365758966 HTTP/1.1" 200 -
2025-11-05 15:02:39,274 - werkzeug - INFO - 127.0.0.1 - - [05/Nov/2025 15:02:39] "GET /storage/screenshots/peoplesoft/screenshot_20251105_125932.png?t=1762365759013 HTTP/1.1" 200 -
2025-11-05 15:02:48,385 - werkzeug - INFO - 127.0.0.1 - - [05/Nov/2025 15:02:48] "GET /api/systems/all HTTP/1.1" 200 -
2025-11-05 15:02:48,693 - werkzeug - INFO - 127.0.0.1 - - [05/Nov/2025 15:02:48] "GET /api/screenshot/google HTTP/1.1" 200 -
2025-11-05 15:02:48,695 - werkzeug - INFO - 127.0.0.1 - - [05/Nov/2025 15:02:48] "GET /api/screenshot/google HTTP/1.1" 200 -
2025-11-05 15:02:48,695 - werkzeug - INFO - 127.0.0.1 - - [05/Nov/2025 15:02:48] "GET /api/screenshot/peoplesoft HTTP/1.1" 200 -
2025-11-05 15:02:48,697 - werkzeug - INFO - 127.0.0.1 - - [05/Nov/2025 15:02:48] "GET /api/screenshot/peoplesoft HTTP/1.1" 200 -
2025-11-05 15:02:49,025 - werkzeug - INFO - 127.0.0.1 - - [05/Nov/2025 15:02:49] "GET /storage/screenshots/google/screenshot_20251105_150120.png?t=1762365768699 HTTP/1.1" 200 -
2025-11-05 15:02:49,027 - werkzeug - INFO - 127.0.0.1 - - [05/Nov/2025 15:02:49] "GET /storage/screenshots/google/screenshot_20251105_150120.png?t=1762365768702 HTTP/1.1" 200 -
2025-11-05 15:02:49,027 - werkzeug - INFO - 127.0.0.1 - - [05/Nov/2025 15:02:49] "GET /storage/screenshots/peoplesoft/screenshot_20251105_125932.png?t=1762365768703 HTTP/1.1" 200 -
2025-11-05 15:02:49,359 - werkzeug - INFO - 127.0.0.1 - - [05/Nov/2025 15:02:49] "GET /storage/screenshots/peoplesoft/screenshot_20251105_125932.png?t=1762365768706 HTTP/1.1" 200 -
2025-11-05 15:02:58,704 - werkzeug - INFO - 127.0.0.1 - - [05/Nov/2025 15:02:58] "GET /api/systems/all HTTP/1.1" 200 -
2025-11-05 15:02:58,967 - werkzeug - INFO - 127.0.0.1 - - [05/Nov/2025 15:02:58] "GET /api/screenshot/google HTTP/1.1" 200 -
2025-11-05 15:02:59,015 - werkzeug - INFO - 127.0.0.1 - - [05/Nov/2025 15:02:59] "GET /api/screenshot/peoplesoft HTTP/1.1" 200 -
2025-11-05 15:02:59,016 - werkzeug - INFO - 127.0.0.1 - - [05/Nov/2025 15:02:59] "GET /storage/screenshots/google/screenshot_20251105_150120.png?t=1762365778969 HTTP/1.1" 200 -
2025-11-05 15:02:59,279 - werkzeug - INFO - 127.0.0.1 - - [05/Nov/2025 15:02:59] "GET /storage/screenshots/peoplesoft/screenshot_20251105_125932.png?t=1762365779020 HTTP/1.1" 200 -
2025-11-05 15:03:10,708 - werkzeug - INFO - 127.0.0.1 - - [05/Nov/2025 15:03:10] "GET /api/screenshot/peoplesoft HTTP/1.1" 200 -
2025-11-05 15:03:10,709 - werkzeug - INFO - 127.0.0.1 - - [05/Nov/2025 15:03:10] "GET /api/screenshot/peoplesoft HTTP/1.1" 200 -
2025-11-05 15:03:10,710 - werkzeug - INFO - 127.0.0.1 - - [05/Nov/2025 15:03:10] "GET /api/screenshot/google HTTP/1.1" 200 -
2025-11-05 15:03:10,710 - werkzeug - INFO - 127.0.0.1 - - [05/Nov/2025 15:03:10] "GET /api/systems/all HTTP/1.1" 200 -
2025-11-05 15:03:10,969 - werkzeug - INFO - 127.0.0.1 - - [05/Nov/2025 15:03:10] "GET /api/screenshot/google HTTP/1.1" 200 -
2025-11-05 15:03:10,970 - werkzeug - INFO - 127.0.0.1 - - [05/Nov/2025 15:03:10] "GET /storage/screenshots/peoplesoft/screenshot_20251105_125932.png?t=1762365790717 HTTP/1.1" 200 -
2025-11-05 15:03:11,031 - werkzeug - INFO - 127.0.0.1 - - [05/Nov/2025 15:03:11] "GET /storage/screenshots/google/screenshot_20251105_150120.png?t=1762365790720 HTTP/1.1" 200 -
2025-11-05 15:03:11,031 - werkzeug - INFO - 127.0.0.1 - - [05/Nov/2025 15:03:11] "GET /api/screenshot/peoplesoft HTTP/1.1" 200 -
2025-11-05 15:03:11,032 - werkzeug - INFO - 127.0.0.1 - - [05/Nov/2025 15:03:11] "GET /storage/screenshots/peoplesoft/screenshot_20251105_125932.png?t=1762365790719 HTTP/1.1" 200 -
2025-11-05 15:03:11,033 - werkzeug - INFO - 127.0.0.1 - - [05/Nov/2025 15:03:11] "GET /storage/screenshots/google/screenshot_20251105_150120.png?t=1762365790976 HTTP/1.1" 200 -
2025-11-05 15:03:11,293 - werkzeug - INFO - 127.0.0.1 - - [05/Nov/2025 15:03:11] "GET /storage/screenshots/peoplesoft/screenshot_20251105_125932.png?t=1762365791035 HTTP/1.1" 200 -
2025-11-05 15:04:10,700 - werkzeug - INFO - 127.0.0.1 - - [05/Nov/2025 15:04:10] "GET /api/screenshot/peoplesoft HTTP/1.1" 200 -
2025-11-05 15:04:10,703 - werkzeug - INFO - 127.0.0.1 - - [05/Nov/2025 15:04:10] "GET /api/systems/all HTTP/1.1" 200 -
2025-11-05 15:04:10,705 - werkzeug - INFO - 127.0.0.1 - - [05/Nov/2025 15:04:10] "GET /api/screenshot/google HTTP/1.1" 200 -
2025-11-05 15:04:10,707 - werkzeug - INFO - 127.0.0.1 - - [05/Nov/2025 15:04:10] "GET /api/screenshot/peoplesoft HTTP/1.1" 200 -
2025-11-05 15:04:10,966 - werkzeug - INFO - 127.0.0.1 - - [05/Nov/2025 15:04:10] "GET /storage/screenshots/peoplesoft/screenshot_20251105_125932.png?t=1762365850709 HTTP/1.1" 200 -
2025-11-05 15:04:10,967 - werkzeug - INFO - 127.0.0.1 - - [05/Nov/2025 15:04:10] "GET /api/screenshot/google HTTP/1.1" 200 -
2025-11-05 15:04:11,028 - werkzeug - INFO - 127.0.0.1 - - [05/Nov/2025 15:04:11] "GET /api/screenshot/peoplesoft HTTP/1.1" 200 -
2025-11-05 15:04:11,030 - werkzeug - INFO - 127.0.0.1 - - [05/Nov/2025 15:04:11] "GET /storage/screenshots/google/screenshot_20251105_150120.png?t=1762365850722 HTTP/1.1" 200 -
2025-11-05 15:04:11,038 - werkzeug - INFO - 127.0.0.1 - - [05/Nov/2025 15:04:11] "GET /storage/screenshots/peoplesoft/screenshot_20251105_125932.png?t=1762365850722 HTTP/1.1" 200 -
2025-11-05 15:04:11,041 - werkzeug - INFO - 127.0.0.1 - - [05/Nov/2025 15:04:11] "GET /storage/screenshots/google/screenshot_20251105_150120.png?t=1762365850976 HTTP/1.1" 200 -
2025-11-05 15:04:11,288 - werkzeug - INFO - 127.0.0.1 - - [05/Nov/2025 15:04:11] "GET /storage/screenshots/peoplesoft/screenshot_20251105_125932.png?t=1762365851035 HTTP/1.1" 200 -
2025-11-05 15:04:25,565 - werkzeug - INFO - 127.0.0.1 - - [05/Nov/2025 15:04:25] "GET /api/systems/all HTTP/1.1" 200 -
2025-11-05 15:04:25,925 - werkzeug - INFO - 127.0.0.1 - - [05/Nov/2025 15:04:25] "GET /api/screenshot/google HTTP/1.1" 200 -
2025-11-05 15:04:25,979 - werkzeug - INFO - 127.0.0.1 - - [05/Nov/2025 15:04:25] "GET /api/screenshot/peoplesoft HTTP/1.1" 200 -
2025-11-05 15:04:26,040 - werkzeug - INFO - 127.0.0.1 - - [05/Nov/2025 15:04:26] "GET /api/screenshot/google HTTP/1.1" 200 -
2025-11-05 15:04:26,107 - werkzeug - INFO - 127.0.0.1 - - [05/Nov/2025 15:04:26] "GET /api/screenshot/peoplesoft HTTP/1.1" 200 -
2025-11-05 15:04:26,284 - werkzeug - INFO - 127.0.0.1 - - [05/Nov/2025 15:04:26] "GET /storage/screenshots/google/screenshot_20251105_150120.png?t=1762365865949 HTTP/1.1" 200 -
2025-11-05 15:04:26,357 - werkzeug - INFO - 127.0.0.1 - - [05/Nov/2025 15:04:26] "GET /storage/screenshots/peoplesoft/screenshot_20251105_125932.png?t=1762365866011 HTTP/1.1" 200 -
2025-11-05 15:04:26,383 - werkzeug - INFO - 127.0.0.1 - - [05/Nov/2025 15:04:26] "GET /storage/screenshots/google/screenshot_20251105_150120.png?t=1762365866059 HTTP/1.1" 200 -
2025-11-05 15:04:26,430 - werkzeug - INFO - 127.0.0.1 - - [05/Nov/2025 15:04:26] "GET /storage/screenshots/peoplesoft/screenshot_20251105_125932.png?t=1762365866120 HTTP/1.1" 200 -
2025-11-05 15:04:28,557 - werkzeug - INFO - 127.0.0.1 - - [05/Nov/2025 15:04:28] "GET /api/systems/all HTTP/1.1" 200 -
2025-11-05 15:04:28,830 - werkzeug - INFO - 127.0.0.1 - - [05/Nov/2025 15:04:28] "GET /api/screenshot/google HTTP/1.1" 200 -
2025-11-05 15:04:28,897 - werkzeug - INFO - 127.0.0.1 - - [05/Nov/2025 15:04:28] "GET /api/screenshot/peoplesoft HTTP/1.1" 200 -
2025-11-05 15:04:28,906 - werkzeug - INFO - 127.0.0.1 - - [05/Nov/2025 15:04:28] "GET /storage/screenshots/google/screenshot_20251105_150120.png?t=1762365868837 HTTP/1.1" 200 -
2025-11-05 15:04:29,163 - werkzeug - INFO - 127.0.0.1 - - [05/Nov/2025 15:04:29] "GET /storage/screenshots/peoplesoft/screenshot_20251105_125932.png?t=1762365868908 HTTP/1.1" 200 -
2025-11-05 15:04:33,238 - werkzeug - INFO - 127.0.0.1 - - [05/Nov/2025 15:04:33] "GET /api/screenshot/google HTTP/1.1" 200 -
2025-11-05 15:04:33,557 - werkzeug - INFO - 127.0.0.1 - - [05/Nov/2025 15:04:33] "GET /api/screenshot/peoplesoft HTTP/1.1" 200 -
2025-11-05 15:04:33,557 - werkzeug - INFO - 127.0.0.1 - - [05/Nov/2025 15:04:33] "GET /storage/screenshots/google/screenshot_20251105_150120.png?t=1762365873244 HTTP/1.1" 200 -
2025-11-05 15:04:33,869 - werkzeug - INFO - 127.0.0.1 - - [05/Nov/2025 15:04:33] "GET /storage/screenshots/peoplesoft/screenshot_20251105_125932.png?t=1762365873560 HTTP/1.1" 200 -
2025-11-05 15:04:38,238 - werkzeug - INFO - 127.0.0.1 - - [05/Nov/2025 15:04:38] "GET /api/systems/all HTTP/1.1" 200 -
2025-11-05 15:04:38,550 - werkzeug - INFO - 127.0.0.1 - - [05/Nov/2025 15:04:38] "GET /api/screenshot/google HTTP/1.1" 200 -
2025-11-05 15:04:38,553 - werkzeug - INFO - 127.0.0.1 - - [05/Nov/2025 15:04:38] "GET /api/screenshot/peoplesoft HTTP/1.1" 200 -
2025-11-05 15:04:38,811 - werkzeug - INFO - 127.0.0.1 - - [05/Nov/2025 15:04:38] "GET /storage/screenshots/google/screenshot_20251105_150120.png?t=1762365878560 HTTP/1.1" 200 -
2025-11-05 15:04:38,885 - werkzeug - INFO - 127.0.0.1 - - [05/Nov/2025 15:04:38] "GET /storage/screenshots/peoplesoft/screenshot_20251105_125932.png?t=1762365878562 HTTP/1.1" 200 -
2025-11-05 15:04:48,244 - werkzeug - INFO - 127.0.0.1 - - [05/Nov/2025 15:04:48] "GET /api/systems/all HTTP/1.1" 200 -
2025-11-05 15:04:48,556 - werkzeug - INFO - 127.0.0.1 - - [05/Nov/2025 15:04:48] "GET /api/screenshot/peoplesoft HTTP/1.1" 200 -
2025-11-05 15:04:48,556 - werkzeug - INFO - 127.0.0.1 - - [05/Nov/2025 15:04:48] "GET /api/screenshot/google HTTP/1.1" 200 -
2025-11-05 15:04:48,558 - werkzeug - INFO - 127.0.0.1 - - [05/Nov/2025 15:04:48] "GET /api/screenshot/google HTTP/1.1" 200 -
2025-11-05 15:04:48,570 - werkzeug - INFO - 127.0.0.1 - - [05/Nov/2025 15:04:48] "GET /api/screenshot/peoplesoft HTTP/1.1" 200 -
2025-11-05 15:04:48,884 - werkzeug - INFO - 127.0.0.1 - - [05/Nov/2025 15:04:48] "GET /storage/screenshots/peoplesoft/screenshot_20251105_125932.png?t=1762365888560 HTTP/1.1" 200 -
2025-11-05 15:04:48,885 - werkzeug - INFO - 127.0.0.1 - - [05/Nov/2025 15:04:48] "GET /storage/screenshots/google/screenshot_20251105_150120.png?t=1762365888568 HTTP/1.1" 200 -
2025-11-05 15:04:48,888 - werkzeug - INFO - 127.0.0.1 - - [05/Nov/2025 15:04:48] "GET /storage/screenshots/google/screenshot_20251105_150120.png?t=1762365888570 HTTP/1.1" 200 -
2025-11-05 15:04:48,891 - werkzeug - INFO - 127.0.0.1 - - [05/Nov/2025 15:04:48] "GET /storage/screenshots/peoplesoft/screenshot_20251105_125932.png?t=1762365888577 HTTP/1.1" 200 -
2025-11-05 15:04:58,553 - werkzeug - INFO - 127.0.0.1 - - [05/Nov/2025 15:04:58] "GET /api/systems/all HTTP/1.1" 200 -
2025-11-05 15:04:58,817 - werkzeug - INFO - 127.0.0.1 - - [05/Nov/2025 15:04:58] "GET /api/screenshot/google HTTP/1.1" 200 -
2025-11-05 15:04:58,883 - werkzeug - INFO - 127.0.0.1 - - [05/Nov/2025 15:04:58] "GET /api/screenshot/peoplesoft HTTP/1.1" 200 -
2025-11-05 15:04:58,889 - werkzeug - INFO - 127.0.0.1 - - [05/Nov/2025 15:04:58] "GET /storage/screenshots/google/screenshot_20251105_150120.png?t=1762365898825 HTTP/1.1" 200 -
2025-11-05 15:04:59,149 - werkzeug - INFO - 127.0.0.1 - - [05/Nov/2025 15:04:59] "GET /storage/screenshots/peoplesoft/screenshot_20251105_125932.png?t=1762365898890 HTTP/1.1" 200 -
2025-11-05 15:05:03,394 - werkzeug - INFO - 127.0.0.1 - - [05/Nov/2025 15:05:03] "GET /api/screenshot/google HTTP/1.1" 200 -
2025-11-05 15:05:03,712 - werkzeug - INFO - 127.0.0.1 - - [05/Nov/2025 15:05:03] "GET /api/screenshot/peoplesoft HTTP/1.1" 200 -
2025-11-05 15:05:03,727 - werkzeug - INFO - 127.0.0.1 - - [05/Nov/2025 15:05:03] "GET /storage/screenshots/google/screenshot_20251105_150120.png?t=1762365903409 HTTP/1.1" 200 -
2025-11-05 15:05:04,084 - werkzeug - INFO - 127.0.0.1 - - [05/Nov/2025 15:05:04] "GET /storage/screenshots/peoplesoft/screenshot_20251105_125932.png?t=1762365903725 HTTP/1.1" 200 -
2025-11-05 15:05:08,536 - werkzeug - INFO - 127.0.0.1 - - [05/Nov/2025 15:05:08] "GET /api/systems/all HTTP/1.1" 200 -
2025-11-05 15:05:08,803 - werkzeug - INFO - 127.0.0.1 - - [05/Nov/2025 15:05:08] "GET /api/screenshot/google HTTP/1.1" 200 -
2025-11-05 15:05:08,848 - werkzeug - INFO - 127.0.0.1 - - [05/Nov/2025 15:05:08] "GET /api/screenshot/peoplesoft HTTP/1.1" 200 -
2025-11-05 15:05:08,859 - werkzeug - INFO - 127.0.0.1 - - [05/Nov/2025 15:05:08] "GET /storage/screenshots/google/screenshot_20251105_150120.png?t=1762365908806 HTTP/1.1" 200 -
2025-11-05 15:05:09,126 - werkzeug - INFO - 127.0.0.1 - - [05/Nov/2025 15:05:09] "GET /storage/screenshots/peoplesoft/screenshot_20251105_125932.png?t=1762365908858 HTTP/1.1" 200 -
2025-11-05 15:05:10,694 - werkzeug - INFO - 127.0.0.1 - - [05/Nov/2025 15:05:10] "GET /api/screenshot/peoplesoft HTTP/1.1" 200 -
2025-11-05 15:05:10,963 - werkzeug - INFO - 127.0.0.1 - - [05/Nov/2025 15:05:10] "GET /storage/screenshots/peoplesoft/screenshot_20251105_125932.png?t=1762365910697 HTTP/1.1" 200 -
2025-11-05 15:05:18,234 - werkzeug - INFO - 127.0.0.1 - - [05/Nov/2025 15:05:18] "GET /api/systems/all HTTP/1.1" 200 -
2025-11-05 15:05:18,542 - werkzeug - INFO - 127.0.0.1 - - [05/Nov/2025 15:05:18] "GET /api/screenshot/google HTTP/1.1" 200 -
2025-11-05 15:05:18,543 - werkzeug - INFO - 127.0.0.1 - - [05/Nov/2025 15:05:18] "GET /api/screenshot/peoplesoft HTTP/1.1" 200 -
2025-11-05 15:05:18,544 - werkzeug - INFO - 127.0.0.1 - - [05/Nov/2025 15:05:18] "GET /api/screenshot/google HTTP/1.1" 200 -
2025-11-05 15:05:18,550 - werkzeug - INFO - 127.0.0.1 - - [05/Nov/2025 15:05:18] "GET /api/screenshot/peoplesoft HTTP/1.1" 200 -
2025-11-05 15:05:18,870 - werkzeug - INFO - 127.0.0.1 - - [05/Nov/2025 15:05:18] "GET /storage/screenshots/google/screenshot_20251105_150120.png?t=1762365918546 HTTP/1.1" 200 -
2025-11-05 15:05:18,870 - werkzeug - INFO - 127.0.0.1 - - [05/Nov/2025 15:05:18] "GET /storage/screenshots/peoplesoft/screenshot_20251105_125932.png?t=1762365918553 HTTP/1.1" 200 -
2025-11-05 15:05:18,872 - werkzeug - INFO - 127.0.0.1 - - [05/Nov/2025 15:05:18] "GET /storage/screenshots/google/screenshot_20251105_150120.png?t=1762365918554 HTTP/1.1" 200 -
2025-11-05 15:05:18,877 - werkzeug - INFO - 127.0.0.1 - - [05/Nov/2025 15:05:18] "GET /storage/screenshots/peoplesoft/screenshot_20251105_125932.png?t=1762365918566 HTTP/1.1" 200 -
2025-11-05 15:05:28,690 - werkzeug - INFO - 127.0.0.1 - - [05/Nov/2025 15:05:28] "GET /api/systems/all HTTP/1.1" 200 -
2025-11-05 15:05:28,959 - werkzeug - INFO - 127.0.0.1 - - [05/Nov/2025 15:05:28] "GET /api/screenshot/google HTTP/1.1" 200 -
2025-11-05 15:05:29,004 - werkzeug - INFO - 127.0.0.1 - - [05/Nov/2025 15:05:29] "GET /api/screenshot/peoplesoft HTTP/1.1" 200 -
2025-11-05 15:05:29,007 - werkzeug - INFO - 127.0.0.1 - - [05/Nov/2025 15:05:29] "GET /storage/screenshots/google/screenshot_20251105_150120.png?t=1762365928962 HTTP/1.1" 200 -
2025-11-05 15:05:29,281 - werkzeug - INFO - 127.0.0.1 - - [05/Nov/2025 15:05:29] "GET /storage/screenshots/peoplesoft/screenshot_20251105_125932.png?t=1762365929010 HTTP/1.1" 200 -
2025-11-05 15:05:33,619 - werkzeug - INFO - 127.0.0.1 - - [05/Nov/2025 15:05:33] "GET /api/screenshot/google HTTP/1.1" 200 -
2025-11-05 15:05:33,938 - werkzeug - INFO - 127.0.0.1 - - [05/Nov/2025 15:05:33] "GET /storage/screenshots/google/screenshot_20251105_150120.png?t=1762365933629 HTTP/1.1" 200 -
2025-11-05 15:05:33,940 - werkzeug - INFO - 127.0.0.1 - - [05/Nov/2025 15:05:33] "GET /api/screenshot/peoplesoft HTTP/1.1" 200 -
2025-11-05 15:05:34,198 - werkzeug - INFO - 127.0.0.1 - - [05/Nov/2025 15:05:34] "GET /storage/screenshots/peoplesoft/screenshot_20251105_125932.png?t=1762365933955 HTTP/1.1" 200 -
2025-11-05 15:05:38,397 - werkzeug - INFO - 127.0.0.1 - - [05/Nov/2025 15:05:38] "GET /api/systems/all HTTP/1.1" 200 -
2025-11-05 15:05:38,720 - werkzeug - INFO - 127.0.0.1 - - [05/Nov/2025 15:05:38] "GET /api/screenshot/peoplesoft HTTP/1.1" 200 -
2025-11-05 15:05:38,721 - werkzeug - INFO - 127.0.0.1 - - [05/Nov/2025 15:05:38] "GET /api/screenshot/google HTTP/1.1" 200 -
2025-11-05 15:05:38,981 - werkzeug - INFO - 127.0.0.1 - - [05/Nov/2025 15:05:38] "GET /storage/screenshots/peoplesoft/screenshot_20251105_125932.png?t=1762365938724 HTTP/1.1" 200 -
2025-11-05 15:05:39,049 - werkzeug - INFO - 127.0.0.1 - - [05/Nov/2025 15:05:39] "GET /storage/screenshots/google/screenshot_20251105_150120.png?t=1762365938725 HTTP/1.1" 200 -
2025-11-05 15:05:48,383 - werkzeug - INFO - 127.0.0.1 - - [05/Nov/2025 15:05:48] "GET /api/systems/all HTTP/1.1" 200 -
2025-11-05 15:05:48,699 - werkzeug - INFO - 127.0.0.1 - - [05/Nov/2025 15:05:48] "GET /api/screenshot/google HTTP/1.1" 200 -
2025-11-05 15:05:48,701 - werkzeug - INFO - 127.0.0.1 - - [05/Nov/2025 15:05:48] "GET /api/screenshot/peoplesoft HTTP/1.1" 200 -
2025-11-05 15:05:48,712 - werkzeug - INFO - 127.0.0.1 - - [05/Nov/2025 15:05:48] "GET /api/screenshot/peoplesoft HTTP/1.1" 200 -
2025-11-05 15:05:48,714 - werkzeug - INFO - 127.0.0.1 - - [05/Nov/2025 15:05:48] "GET /api/screenshot/google HTTP/1.1" 200 -
2025-11-05 15:05:49,062 - werkzeug - INFO - 127.0.0.1 - - [05/Nov/2025 15:05:49] "GET /storage/screenshots/google/screenshot_20251105_150120.png?t=1762365948752 HTTP/1.1" 200 -
2025-11-05 15:05:49,075 - werkzeug - INFO - 127.0.0.1 - - [05/Nov/2025 15:05:49] "GET /storage/screenshots/peoplesoft/screenshot_20251105_125932.png?t=1762365948754 HTTP/1.1" 200 -
2025-11-05 15:05:49,081 - werkzeug - INFO - 127.0.0.1 - - [05/Nov/2025 15:05:49] "GET /storage/screenshots/peoplesoft/screenshot_20251105_125932.png?t=1762365948756 HTTP/1.1" 200 -
2025-11-05 15:05:49,326 - werkzeug - INFO - 127.0.0.1 - - [05/Nov/2025 15:05:49] "GET /storage/screenshots/google/screenshot_20251105_150120.png?t=1762365948760 HTTP/1.1" 200 -
2025-11-05 15:05:58,393 - werkzeug - INFO - 127.0.0.1 - - [05/Nov/2025 15:05:58] "GET /api/systems/all HTTP/1.1" 200 -
2025-11-05 15:05:58,717 - werkzeug - INFO - 127.0.0.1 - - [05/Nov/2025 15:05:58] "GET /api/screenshot/google HTTP/1.1" 200 -
2025-11-05 15:05:58,717 - werkzeug - INFO - 127.0.0.1 - - [05/Nov/2025 15:05:58] "GET /api/screenshot/peoplesoft HTTP/1.1" 200 -
2025-11-05 15:05:58,999 - werkzeug - INFO - 127.0.0.1 - - [05/Nov/2025 15:05:58] "GET /storage/screenshots/google/screenshot_20251105_150120.png?t=1762365958721 HTTP/1.1" 200 -
2025-11-05 15:05:59,030 - werkzeug - INFO - 127.0.0.1 - - [05/Nov/2025 15:05:59] "GET /storage/screenshots/peoplesoft/screenshot_20251105_125932.png?t=1762365958722 HTTP/1.1" 200 -
2025-11-05 15:06:03,081 - apscheduler.executors.default - INFO - Running job "Coleta peoplesoft (trigger: interval[0:05:00], next run at: 2025-11-05 15:11:03 -03)" (scheduled at 2025-11-05 15:06:03.074969-03:00)
2025-11-05 15:06:03,081 - apscheduler.executors.default - INFO - Running job "Coleta google (trigger: interval[0:05:00], next run at: 2025-11-05 15:11:03 -03)" (scheduled at 2025-11-05 15:06:03.075975-03:00)
2025-11-05 15:06:03,081 - orchestrator.orchestrator - INFO - 🔄 Coletando: peoplesoft
2025-11-05 15:06:03,082 - orchestrator.orchestrator - INFO - 🔄 Coletando: google
2025-11-05 15:06:03,082 - collectors.peoplesoft_collector - INFO - 📸 Coletando dados: PeopleSoft
2025-11-05 15:06:03,082 - collectors.google_collector - INFO - 📸 Coletando dados: Google
2025-11-05 15:06:03,082 - collectors.peoplesoft_collector - INFO - 👀 Modo VISUAL ativado (com interface)
2025-11-05 15:06:03,083 - collectors.google_collector - INFO - 🎭 Modo HEADLESS ativado
2025-11-05 15:06:03,463 - werkzeug - INFO - 127.0.0.1 - - [05/Nov/2025 15:06:03] "GET /api/screenshot/google HTTP/1.1" 200 -
2025-11-05 15:06:03,788 - werkzeug - INFO - 127.0.0.1 - - [05/Nov/2025 15:06:03] "GET /api/screenshot/peoplesoft HTTP/1.1" 200 -
2025-11-05 15:06:03,854 - werkzeug - INFO - 127.0.0.1 - - [05/Nov/2025 15:06:03] "GET /storage/screenshots/google/screenshot_20251105_150120.png?t=1762365963518 HTTP/1.1" 200 -
2025-11-05 15:06:04,138 - werkzeug - INFO - 127.0.0.1 - - [05/Nov/2025 15:06:04] "GET /storage/screenshots/peoplesoft/screenshot_20251105_125932.png?t=1762365963817 HTTP/1.1" 200 -
2025-11-05 15:06:06,572 - collectors.peoplesoft_collector - INFO - ✓ WebDriver inicializado
2025-11-05 15:06:06,573 - collectors.peoplesoft_collector - INFO - 🔐 Fazendo login...
2025-11-05 15:06:06,586 - collectors.google_collector - INFO - ✓ WebDriver inicializado
2025-11-05 15:06:06,588 - collectors.google_collector - INFO - Navegando para: https://www.google.com
2025-11-05 15:06:07,364 - collectors.peoplesoft_collector - ERROR - ❌ Erro ao capturar: Message: unknown error: net::ERR_NAME_NOT_RESOLVED
  (Session info: chrome=141.0.7390.123)
Stacktrace:
	GetHandleVerifier [0x0x7ff7095de8e5+80021]
	GetHandleVerifier [0x0x7ff7095de940+80112]
	(No symbol) [0x0x7ff70936060f]
	(No symbol) [0x0x7ff70935d0bf]
	(No symbol) [0x0x7ff70934dae9]
	(No symbol) [0x0x7ff70934f94e]
	(No symbol) [0x0x7ff70934e0d2]
	(No symbol) [0x0x7ff70934d859]
	(No symbol) [0x0x7ff70934d51d]
	(No symbol) [0x0x7ff70934b08c]
	(No symbol) [0x0x7ff70934b91c]
	(No symbol) [0x0x7ff7093646da]
	(No symbol) [0x0x7ff70940a47e]
	(No symbol) [0x0x7ff7093e122a]
	(No symbol) [0x0x7ff70940968a]
	(No symbol) [0x0x7ff7093e1003]
	(No symbol) [0x0x7ff7093a95d1]
	(No symbol) [0x0x7ff7093aa3f3]
	GetHandleVerifier [0x0x7ff70989dc7d+2960429]
	GetHandleVerifier [0x0x7ff709897f3a+2936554]
	GetHandleVerifier [0x0x7ff7098b8977+3070247]
	GetHandleVerifier [0x0x7ff7095f83ce+185214]
	GetHandleVerifier [0x0x7ff7095ffe1f+216527]
	GetHandleVerifier [0x0x7ff7095e7b24+117460]
	GetHandleVerifier [0x0x7ff7095e7cdf+117903]
	GetHandleVerifier [0x0x7ff7095cdbb8+11112]
	BaseThreadInitThunk [0x0x7ff96f65e8d7+23]
	RtlUserThreadStart [0x0x7ff96ffac53c+44]

Traceback (most recent call last):
  File "C:\Users\ferib\OneDrive\Documentos\Projetos\process_screen_monitoring\process_screen_monitoring\collectors\peoplesoft_collector.py", line 150, in _capture_and_extract
    self.driver.get(self.base_url)
  File "C:\Users\ferib\AppData\Roaming\Python\Python312\site-packages\selenium\webdriver\remote\webdriver.py", line 356, in get
    self.execute(Command.GET, {"url": url})
  File "C:\Users\ferib\AppData\Roaming\Python\Python312\site-packages\selenium\webdriver\remote\webdriver.py", line 347, in execute
    self.error_handler.check_response(response)
  File "C:\Users\ferib\AppData\Roaming\Python\Python312\site-packages\selenium\webdriver\remote\errorhandler.py", line 229, in check_response
    raise exception_class(message, screen, stacktrace)
selenium.common.exceptions.WebDriverException: Message: unknown error: net::ERR_NAME_NOT_RESOLVED
  (Session info: chrome=141.0.7390.123)
Stacktrace:
	GetHandleVerifier [0x0x7ff7095de8e5+80021]
	GetHandleVerifier [0x0x7ff7095de940+80112]
	(No symbol) [0x0x7ff70936060f]
	(No symbol) [0x0x7ff70935d0bf]
	(No symbol) [0x0x7ff70934dae9]
	(No symbol) [0x0x7ff70934f94e]
	(No symbol) [0x0x7ff70934e0d2]
	(No symbol) [0x0x7ff70934d859]
	(No symbol) [0x0x7ff70934d51d]
	(No symbol) [0x0x7ff70934b08c]
	(No symbol) [0x0x7ff70934b91c]
	(No symbol) [0x0x7ff7093646da]
	(No symbol) [0x0x7ff70940a47e]
	(No symbol) [0x0x7ff7093e122a]
	(No symbol) [0x0x7ff70940968a]
	(No symbol) [0x0x7ff7093e1003]
	(No symbol) [0x0x7ff7093a95d1]
	(No symbol) [0x0x7ff7093aa3f3]
	GetHandleVerifier [0x0x7ff70989dc7d+2960429]
	GetHandleVerifier [0x0x7ff709897f3a+2936554]
	GetHandleVerifier [0x0x7ff7098b8977+3070247]
	GetHandleVerifier [0x0x7ff7095f83ce+185214]
	GetHandleVerifier [0x0x7ff7095ffe1f+216527]
	GetHandleVerifier [0x0x7ff7095e7b24+117460]
	GetHandleVerifier [0x0x7ff7095e7cdf+117903]
	GetHandleVerifier [0x0x7ff7095cdbb8+11112]
	BaseThreadInitThunk [0x0x7ff96f65e8d7+23]
	RtlUserThreadStart [0x0x7ff96ffac53c+44]


2025-11-05 15:06:08,716 - werkzeug - INFO - 127.0.0.1 - - [05/Nov/2025 15:06:08] "GET /api/systems/all HTTP/1.1" 200 -
2025-11-05 15:06:08,966 - werkzeug - INFO - 127.0.0.1 - - [05/Nov/2025 15:06:08] "GET /api/screenshot/google HTTP/1.1" 200 -
2025-11-05 15:06:09,033 - werkzeug - INFO - 127.0.0.1 - - [05/Nov/2025 15:06:09] "GET /api/screenshot/peoplesoft HTTP/1.1" 200 -
2025-11-05 15:06:09,042 - werkzeug - INFO - 127.0.0.1 - - [05/Nov/2025 15:06:09] "GET /storage/screenshots/google/screenshot_20251105_150120.png?t=1762365968970 HTTP/1.1" 200 -
2025-11-05 15:06:09,280 - werkzeug - INFO - 127.0.0.1 - - [05/Nov/2025 15:06:09] "GET /storage/screenshots/peoplesoft/screenshot_20251105_125932.png?t=1762365969068 HTTP/1.1" 200 -
2025-11-05 15:06:10,724 - werkzeug - INFO - 127.0.0.1 - - [05/Nov/2025 15:06:10] "GET /api/screenshot/peoplesoft HTTP/1.1" 200 -
2025-11-05 15:06:10,992 - werkzeug - INFO - 127.0.0.1 - - [05/Nov/2025 15:06:10] "GET /storage/screenshots/peoplesoft/screenshot_20251105_125932.png?t=1762365970729 HTTP/1.1" 200 -
2025-11-05 15:06:14,902 - collectors.base_collector - ERROR - ❌ Erro em PeopleSoft: Falha ao capturar dados
2025-11-05 15:06:14,903 - processors.data_processors - INFO - ✓ Dados de peoplesoft processados
2025-11-05 15:06:14,925 - backend.websocket_handlers - INFO - 📡 Broadcasting update: peoplesoft
2025-11-05 15:06:14,925 - orchestrator.orchestrator - INFO - ✓ Coleta concluída: peoplesoft
2025-11-05 15:06:14,927 - apscheduler.executors.default - INFO - Job "Coleta peoplesoft (trigger: interval[0:05:00], next run at: 2025-11-05 15:11:03 -03)" executed successfully
2025-11-05 15:06:18,737 - werkzeug - INFO - 127.0.0.1 - - [05/Nov/2025 15:06:18] "GET /api/screenshot/peoplesoft HTTP/1.1" 200 -
2025-11-05 15:06:18,737 - werkzeug - INFO - 127.0.0.1 - - [05/Nov/2025 15:06:18] "GET /api/screenshot/google HTTP/1.1" 200 -
2025-11-05 15:06:18,739 - werkzeug - INFO - 127.0.0.1 - - [05/Nov/2025 15:06:18] "GET /api/systems/all HTTP/1.1" 200 -
2025-11-05 15:06:18,998 - werkzeug - INFO - 127.0.0.1 - - [05/Nov/2025 15:06:18] "GET /api/screenshot/google HTTP/1.1" 200 -
2025-11-05 15:06:19,066 - werkzeug - INFO - 127.0.0.1 - - [05/Nov/2025 15:06:19] "GET /api/screenshot/peoplesoft HTTP/1.1" 200 -
2025-11-05 15:06:19,067 - werkzeug - INFO - 127.0.0.1 - - [05/Nov/2025 15:06:19] "GET /storage/screenshots/google/screenshot_20251105_150120.png?t=1762365978747 HTTP/1.1" 200 -
2025-11-05 15:06:19,067 - werkzeug - INFO - 127.0.0.1 - - [05/Nov/2025 15:06:19] "GET /storage/screenshots/peoplesoft/screenshot_20251105_125932.png?t=1762365978745 HTTP/1.1" 200 -
2025-11-05 15:06:19,070 - werkzeug - INFO - 127.0.0.1 - - [05/Nov/2025 15:06:19] "GET /storage/screenshots/google/screenshot_20251105_150120.png?t=1762365979002 HTTP/1.1" 200 -
2025-11-05 15:06:19,309 - werkzeug - INFO - 127.0.0.1 - - [05/Nov/2025 15:06:19] "GET /storage/screenshots/peoplesoft/screenshot_20251105_125932.png?t=1762365979072 HTTP/1.1" 200 -
2025-11-05 15:06:20,574 - collectors.google_collector - WARNING - ⚠ Logo do Google não encontrado
2025-11-05 15:06:20,618 - collectors.google_collector - INFO - ✓ Screenshot salvo: storage/screenshots/google/screenshot_20251105_150620.png
2025-11-05 15:06:27,037 - processors.data_processors - INFO - ✓ Dados de google processados
2025-11-05 15:06:27,058 - backend.websocket_handlers - INFO - 📡 Broadcasting update: google
2025-11-05 15:06:27,058 - orchestrator.orchestrator - INFO - ✓ Coleta concluída: google
2025-11-05 15:06:27,059 - apscheduler.executors.default - INFO - Job "Coleta google (trigger: interval[0:05:00], next run at: 2025-11-05 15:11:03 -03)" executed successfully
2025-11-05 15:06:42,929 - werkzeug - INFO - 127.0.0.1 - - [05/Nov/2025 15:06:42] "GET /api/systems/all HTTP/1.1" 200 -
2025-11-05 15:06:42,932 - werkzeug - INFO - 127.0.0.1 - - [05/Nov/2025 15:06:42] "GET /api/screenshot/google HTTP/1.1" 200 -
2025-11-05 15:06:43,032 - werkzeug - INFO - 127.0.0.1 - - [05/Nov/2025 15:06:43] "GET /api/screenshot/peoplesoft HTTP/1.1" 200 -
2025-11-05 15:06:43,276 - werkzeug - INFO - 127.0.0.1 - - [05/Nov/2025 15:06:43] "GET /api/screenshot/google HTTP/1.1" 200 -
2025-11-05 15:06:43,432 - werkzeug - INFO - 127.0.0.1 - - [05/Nov/2025 15:06:43] "GET /api/screenshot/peoplesoft HTTP/1.1" 200 -
2025-11-05 15:06:43,494 - werkzeug - INFO - 127.0.0.1 - - [05/Nov/2025 15:06:43] "GET /storage/screenshots/google/screenshot_20251105_150620.png?t=1762366003040 HTTP/1.1" 200 -
2025-11-05 15:06:43,512 - werkzeug - INFO - 127.0.0.1 - - [05/Nov/2025 15:06:43] "GET /storage/screenshots/peoplesoft/screenshot_20251105_125932.png?t=1762366003286 HTTP/1.1" 200 -
2025-11-05 15:06:43,671 - werkzeug - INFO - 127.0.0.1 - - [05/Nov/2025 15:06:43] "GET /storage/screenshots/google/screenshot_20251105_150620.png?t=1762366003478 HTTP/1.1" 200 -
2025-11-05 15:06:43,799 - werkzeug - INFO - 127.0.0.1 - - [05/Nov/2025 15:06:43] "GET /storage/screenshots/peoplesoft/screenshot_20251105_125932.png?t=1762366003488 HTTP/1.1" 200 -
2025-11-05 15:06:48,237 - werkzeug - INFO - 127.0.0.1 - - [05/Nov/2025 15:06:48] "GET /api/systems/all HTTP/1.1" 200 -
2025-11-05 15:06:48,549 - werkzeug - INFO - 127.0.0.1 - - [05/Nov/2025 15:06:48] "GET /api/screenshot/google HTTP/1.1" 200 -
2025-11-05 15:06:48,550 - werkzeug - INFO - 127.0.0.1 - - [05/Nov/2025 15:06:48] "GET /api/screenshot/peoplesoft HTTP/1.1" 200 -
2025-11-05 15:06:48,567 - werkzeug - INFO - 127.0.0.1 - - [05/Nov/2025 15:06:48] "GET /api/screenshot/peoplesoft HTTP/1.1" 200 -
2025-11-05 15:06:48,569 - werkzeug - INFO - 127.0.0.1 - - [05/Nov/2025 15:06:48] "GET /api/screenshot/google HTTP/1.1" 200 -
2025-11-05 15:06:48,875 - werkzeug - INFO - 127.0.0.1 - - [05/Nov/2025 15:06:48] "GET /storage/screenshots/google/screenshot_20251105_150620.png?t=1762366008557 HTTP/1.1" 200 -
2025-11-05 15:06:48,877 - werkzeug - INFO - 127.0.0.1 - - [05/Nov/2025 15:06:48] "GET /storage/screenshots/peoplesoft/screenshot_20251105_125932.png?t=1762366008559 HTTP/1.1" 200 -
2025-11-05 15:06:48,890 - werkzeug - INFO - 127.0.0.1 - - [05/Nov/2025 15:06:48] "GET /storage/screenshots/peoplesoft/screenshot_20251105_125932.png?t=1762366008573 HTTP/1.1" 200 -
2025-11-05 15:06:48,891 - werkzeug - INFO - 127.0.0.1 - - [05/Nov/2025 15:06:48] "GET /storage/screenshots/google/screenshot_20251105_150620.png?t=1762366008574 HTTP/1.1" 200 -
2025-11-05 15:06:58,558 - werkzeug - INFO - 127.0.0.1 - - [05/Nov/2025 15:06:58] "GET /api/systems/all HTTP/1.1" 200 -
2025-11-05 15:06:58,807 - werkzeug - INFO - 127.0.0.1 - - [05/Nov/2025 15:06:58] "GET /api/screenshot/google HTTP/1.1" 200 -
2025-11-05 15:06:58,897 - werkzeug - INFO - 127.0.0.1 - - [05/Nov/2025 15:06:58] "GET /api/screenshot/peoplesoft HTTP/1.1" 200 -
2025-11-05 15:06:58,904 - werkzeug - INFO - 127.0.0.1 - - [05/Nov/2025 15:06:58] "GET /storage/screenshots/google/screenshot_20251105_150620.png?t=1762366018810 HTTP/1.1" 200 -
2025-11-05 15:06:59,118 - werkzeug - INFO - 127.0.0.1 - - [05/Nov/2025 15:06:59] "GET /storage/screenshots/peoplesoft/screenshot_20251105_125932.png?t=1762366018902 HTTP/1.1" 200 -
2025-11-05 15:07:03,241 - werkzeug - INFO - 127.0.0.1 - - [05/Nov/2025 15:07:03] "GET /api/screenshot/google HTTP/1.1" 200 -
2025-11-05 15:07:03,685 - werkzeug - INFO - 127.0.0.1 - - [05/Nov/2025 15:07:03] "GET /storage/screenshots/google/screenshot_20251105_150620.png?t=1762366023245 HTTP/1.1" 200 -
2025-11-05 15:07:03,693 - werkzeug - INFO - 127.0.0.1 - - [05/Nov/2025 15:07:03] "GET /api/screenshot/peoplesoft HTTP/1.1" 200 -
2025-11-05 15:07:04,038 - werkzeug - INFO - 127.0.0.1 - - [05/Nov/2025 15:07:04] "GET /storage/screenshots/peoplesoft/screenshot_20251105_125932.png?t=1762366023709 HTTP/1.1" 200 -
2025-11-05 15:07:08,238 - werkzeug - INFO - 127.0.0.1 - - [05/Nov/2025 15:07:08] "GET /api/systems/all HTTP/1.1" 200 -
2025-11-05 15:07:08,563 - werkzeug - INFO - 127.0.0.1 - - [05/Nov/2025 15:07:08] "GET /api/screenshot/google HTTP/1.1" 200 -
2025-11-05 15:07:08,565 - werkzeug - INFO - 127.0.0.1 - - [05/Nov/2025 15:07:08] "GET /api/screenshot/peoplesoft HTTP/1.1" 200 -
2025-11-05 15:07:08,810 - werkzeug - INFO - 127.0.0.1 - - [05/Nov/2025 15:07:08] "GET /storage/screenshots/google/screenshot_20251105_150620.png?t=1762366028567 HTTP/1.1" 200 -
2025-11-05 15:07:08,887 - werkzeug - INFO - 127.0.0.1 - - [05/Nov/2025 15:07:08] "GET /storage/screenshots/peoplesoft/screenshot_20251105_125932.png?t=1762366028568 HTTP/1.1" 200 -
2025-11-05 15:07:10,694 - werkzeug - INFO - 127.0.0.1 - - [05/Nov/2025 15:07:10] "GET /api/screenshot/peoplesoft HTTP/1.1" 200 -
2025-11-05 15:07:10,959 - werkzeug - INFO - 127.0.0.1 - - [05/Nov/2025 15:07:10] "GET /storage/screenshots/peoplesoft/screenshot_20251105_125932.png?t=1762366030696 HTTP/1.1" 200 -
2025-11-05 15:07:18,559 - werkzeug - INFO - 127.0.0.1 - - [05/Nov/2025 15:07:18] "GET /api/systems/all HTTP/1.1" 200 -
2025-11-05 15:07:18,564 - werkzeug - INFO - 127.0.0.1 - - [05/Nov/2025 15:07:18] "GET /api/screenshot/peoplesoft HTTP/1.1" 200 -
2025-11-05 15:07:18,594 - werkzeug - INFO - 127.0.0.1 - - [05/Nov/2025 15:07:18] "GET /api/screenshot/google HTTP/1.1" 200 -
2025-11-05 15:07:18,833 - werkzeug - INFO - 127.0.0.1 - - [05/Nov/2025 15:07:18] "GET /api/screenshot/google HTTP/1.1" 200 -
2025-11-05 15:07:18,963 - werkzeug - INFO - 127.0.0.1 - - [05/Nov/2025 15:07:18] "GET /api/screenshot/peoplesoft HTTP/1.1" 200 -
2025-11-05 15:07:18,968 - werkzeug - INFO - 127.0.0.1 - - [05/Nov/2025 15:07:18] "GET /storage/screenshots/peoplesoft/screenshot_20251105_125932.png?t=1762366038583 HTTP/1.1" 200 -
2025-11-05 15:07:18,992 - werkzeug - INFO - 127.0.0.1 - - [05/Nov/2025 15:07:18] "GET /storage/screenshots/google/screenshot_20251105_150620.png?t=1762366038611 HTTP/1.1" 200 -
2025-11-05 15:07:18,995 - werkzeug - INFO - 127.0.0.1 - - [05/Nov/2025 15:07:18] "GET /storage/screenshots/google/screenshot_20251105_150620.png?t=1762366038851 HTTP/1.1" 200 -
2025-11-05 15:07:19,168 - werkzeug - INFO - 127.0.0.1 - - [05/Nov/2025 15:07:19] "GET /storage/screenshots/peoplesoft/screenshot_20251105_125932.png?t=1762366038983 HTTP/1.1" 200 -
2025-11-05 15:07:28,557 - werkzeug - INFO - 127.0.0.1 - - [05/Nov/2025 15:07:28] "GET /api/systems/all HTTP/1.1" 200 -
2025-11-05 15:07:28,821 - werkzeug - INFO - 127.0.0.1 - - [05/Nov/2025 15:07:28] "GET /api/screenshot/google HTTP/1.1" 200 -
2025-11-05 15:07:28,869 - werkzeug - INFO - 127.0.0.1 - - [05/Nov/2025 15:07:28] "GET /api/screenshot/peoplesoft HTTP/1.1" 200 -
2025-11-05 15:07:28,870 - werkzeug - INFO - 127.0.0.1 - - [05/Nov/2025 15:07:28] "GET /storage/screenshots/google/screenshot_20251105_150620.png?t=1762366048824 HTTP/1.1" 200 -
2025-11-05 15:07:29,154 - werkzeug - INFO - 127.0.0.1 - - [05/Nov/2025 15:07:29] "GET /storage/screenshots/peoplesoft/screenshot_20251105_125932.png?t=1762366048872 HTTP/1.1" 200 -
2025-11-05 15:07:33,245 - werkzeug - INFO - 127.0.0.1 - - [05/Nov/2025 15:07:33] "GET /api/screenshot/google HTTP/1.1" 200 -
2025-11-05 15:07:33,550 - werkzeug - INFO - 127.0.0.1 - - [05/Nov/2025 15:07:33] "GET /api/screenshot/peoplesoft HTTP/1.1" 200 -
2025-11-05 15:07:33,562 - werkzeug - INFO - 127.0.0.1 - - [05/Nov/2025 15:07:33] "GET /storage/screenshots/google/screenshot_20251105_150620.png?t=1762366053250 HTTP/1.1" 200 -
2025-11-05 15:07:33,875 - werkzeug - INFO - 127.0.0.1 - - [05/Nov/2025 15:07:33] "GET /storage/screenshots/peoplesoft/screenshot_20251105_125932.png?t=1762366053555 HTTP/1.1" 200 -
2025-11-05 15:07:38,557 - werkzeug - INFO - 127.0.0.1 - - [05/Nov/2025 15:07:38] "GET /api/systems/all HTTP/1.1" 200 -
2025-11-05 15:07:38,825 - werkzeug - INFO - 127.0.0.1 - - [05/Nov/2025 15:07:38] "GET /api/screenshot/google HTTP/1.1" 200 -
2025-11-05 15:07:38,896 - werkzeug - INFO - 127.0.0.1 - - [05/Nov/2025 15:07:38] "GET /storage/screenshots/google/screenshot_20251105_150620.png?t=1762366058828 HTTP/1.1" 200 -
2025-11-05 15:07:38,897 - werkzeug - INFO - 127.0.0.1 - - [05/Nov/2025 15:07:38] "GET /api/screenshot/peoplesoft HTTP/1.1" 200 -
2025-11-05 15:07:39,155 - werkzeug - INFO - 127.0.0.1 - - [05/Nov/2025 15:07:39] "GET /storage/screenshots/peoplesoft/screenshot_20251105_125932.png?t=1762366058903 HTTP/1.1" 200 -
2025-11-05 15:07:48,704 - werkzeug - INFO - 127.0.0.1 - - [05/Nov/2025 15:07:48] "GET /api/screenshot/google HTTP/1.1" 200 -
2025-11-05 15:07:48,707 - werkzeug - INFO - 127.0.0.1 - - [05/Nov/2025 15:07:48] "GET /api/screenshot/peoplesoft HTTP/1.1" 200 -
2025-11-05 15:07:48,709 - werkzeug - INFO - 127.0.0.1 - - [05/Nov/2025 15:07:48] "GET /api/systems/all HTTP/1.1" 200 -
2025-11-05 15:07:48,966 - werkzeug - INFO - 127.0.0.1 - - [05/Nov/2025 15:07:48] "GET /api/screenshot/google HTTP/1.1" 200 -
2025-11-05 15:07:49,031 - werkzeug - INFO - 127.0.0.1 - - [05/Nov/2025 15:07:49] "GET /api/screenshot/peoplesoft HTTP/1.1" 200 -
2025-11-05 15:07:49,031 - werkzeug - INFO - 127.0.0.1 - - [05/Nov/2025 15:07:49] "GET /storage/screenshots/google/screenshot_20251105_150620.png?t=1762366068713 HTTP/1.1" 200 -
2025-11-05 15:07:49,033 - werkzeug - INFO - 127.0.0.1 - - [05/Nov/2025 15:07:49] "GET /storage/screenshots/google/screenshot_20251105_150620.png?t=1762366068969 HTTP/1.1" 200 -
2025-11-05 15:07:49,034 - werkzeug - INFO - 127.0.0.1 - - [05/Nov/2025 15:07:49] "GET /storage/screenshots/peoplesoft/screenshot_20251105_125932.png?t=1762366068716 HTTP/1.1" 200 -
2025-11-05 15:07:49,277 - werkzeug - INFO - 127.0.0.1 - - [05/Nov/2025 15:07:49] "GET /storage/screenshots/peoplesoft/screenshot_20251105_125932.png?t=1762366069042 HTTP/1.1" 200 -
2025-11-05 15:07:58,678 - werkzeug - INFO - 127.0.0.1 - - [05/Nov/2025 15:07:58] "GET /api/systems/all HTTP/1.1" 200 -
2025-11-05 15:07:59,037 - werkzeug - INFO - 127.0.0.1 - - [05/Nov/2025 15:07:59] "GET /api/screenshot/google HTTP/1.1" 200 -
2025-11-05 15:07:59,066 - werkzeug - INFO - 127.0.0.1 - - [05/Nov/2025 15:07:59] "GET /storage/screenshots/google/screenshot_20251105_150620.png?t=1762366079056 HTTP/1.1" 200 -
2025-11-05 15:07:59,117 - werkzeug - INFO - 127.0.0.1 - - [05/Nov/2025 15:07:59] "GET /api/screenshot/peoplesoft HTTP/1.1" 200 -
2025-11-05 15:07:59,470 - werkzeug - INFO - 127.0.0.1 - - [05/Nov/2025 15:07:59] "GET /storage/screenshots/peoplesoft/screenshot_20251105_125932.png?t=1762366079156 HTTP/1.1" 200 -
2025-11-05 15:08:03,241 - werkzeug - INFO - 127.0.0.1 - - [05/Nov/2025 15:08:03] "GET /api/screenshot/google HTTP/1.1" 200 -
2025-11-05 15:08:03,558 - werkzeug - INFO - 127.0.0.1 - - [05/Nov/2025 15:08:03] "GET /api/screenshot/peoplesoft HTTP/1.1" 200 -
2025-11-05 15:08:03,560 - werkzeug - INFO - 127.0.0.1 - - [05/Nov/2025 15:08:03] "GET /storage/screenshots/google/screenshot_20251105_150620.png?t=1762366083245 HTTP/1.1" 200 -
2025-11-05 15:08:03,875 - werkzeug - INFO - 127.0.0.1 - - [05/Nov/2025 15:08:03] "GET /storage/screenshots/peoplesoft/screenshot_20251105_125932.png?t=1762366083564 HTTP/1.1" 200 -
2025-11-05 15:08:08,244 - werkzeug - INFO - 127.0.0.1 - - [05/Nov/2025 15:08:08] "GET /api/systems/all HTTP/1.1" 200 -
2025-11-05 15:08:08,558 - werkzeug - INFO - 127.0.0.1 - - [05/Nov/2025 15:08:08] "GET /api/screenshot/peoplesoft HTTP/1.1" 200 -
2025-11-05 15:08:08,559 - werkzeug - INFO - 127.0.0.1 - - [05/Nov/2025 15:08:08] "GET /api/screenshot/google HTTP/1.1" 200 -
2025-11-05 15:08:08,817 - werkzeug - INFO - 127.0.0.1 - - [05/Nov/2025 15:08:08] "GET /storage/screenshots/peoplesoft/screenshot_20251105_125932.png?t=1762366088564 HTTP/1.1" 200 -
2025-11-05 15:08:08,881 - werkzeug - INFO - 127.0.0.1 - - [05/Nov/2025 15:08:08] "GET /storage/screenshots/google/screenshot_20251105_150620.png?t=1762366088565 HTTP/1.1" 200 -
2025-11-05 15:08:10,714 - werkzeug - INFO - 127.0.0.1 - - [05/Nov/2025 15:08:10] "GET /api/screenshot/peoplesoft HTTP/1.1" 200 -
2025-11-05 15:08:10,962 - werkzeug - INFO - 127.0.0.1 - - [05/Nov/2025 15:08:10] "GET /storage/screenshots/peoplesoft/screenshot_20251105_125932.png?t=1762366090724 HTTP/1.1" 200 -
2025-11-05 15:08:18,543 - werkzeug - INFO - 127.0.0.1 - - [05/Nov/2025 15:08:18] "GET /api/screenshot/google HTTP/1.1" 200 -
2025-11-05 15:08:18,544 - werkzeug - INFO - 127.0.0.1 - - [05/Nov/2025 15:08:18] "GET /api/systems/all HTTP/1.1" 200 -
2025-11-05 15:08:18,545 - werkzeug - INFO - 127.0.0.1 - - [05/Nov/2025 15:08:18] "GET /api/screenshot/peoplesoft HTTP/1.1" 200 -
2025-11-05 15:08:18,805 - werkzeug - INFO - 127.0.0.1 - - [05/Nov/2025 15:08:18] "GET /api/screenshot/google HTTP/1.1" 200 -
2025-11-05 15:08:18,872 - werkzeug - INFO - 127.0.0.1 - - [05/Nov/2025 15:08:18] "GET /api/screenshot/peoplesoft HTTP/1.1" 200 -
2025-11-05 15:08:18,873 - werkzeug - INFO - 127.0.0.1 - - [05/Nov/2025 15:08:18] "GET /storage/screenshots/google/screenshot_20251105_150620.png?t=1762366098552 HTTP/1.1" 200 -
2025-11-05 15:08:18,874 - werkzeug - INFO - 127.0.0.1 - - [05/Nov/2025 15:08:18] "GET /storage/screenshots/peoplesoft/screenshot_20251105_125932.png?t=1762366098556 HTTP/1.1" 200 -
2025-11-05 15:08:18,878 - werkzeug - INFO - 127.0.0.1 - - [05/Nov/2025 15:08:18] "GET /storage/screenshots/google/screenshot_20251105_150620.png?t=1762366098808 HTTP/1.1" 200 -
2025-11-05 15:08:19,115 - werkzeug - INFO - 127.0.0.1 - - [05/Nov/2025 15:08:19] "GET /storage/screenshots/peoplesoft/screenshot_20251105_125932.png?t=1762366098878 HTTP/1.1" 200 -
2025-11-05 15:08:28,552 - werkzeug - INFO - 127.0.0.1 - - [05/Nov/2025 15:08:28] "GET /api/systems/all HTTP/1.1" 200 -
2025-11-05 15:08:28,815 - werkzeug - INFO - 127.0.0.1 - - [05/Nov/2025 15:08:28] "GET /api/screenshot/google HTTP/1.1" 200 -
2025-11-05 15:08:28,867 - werkzeug - INFO - 127.0.0.1 - - [05/Nov/2025 15:08:28] "GET /api/screenshot/peoplesoft HTTP/1.1" 200 -
2025-11-05 15:08:28,872 - werkzeug - INFO - 127.0.0.1 - - [05/Nov/2025 15:08:28] "GET /storage/screenshots/google/screenshot_20251105_150620.png?t=1762366108819 HTTP/1.1" 200 -
2025-11-05 15:08:29,141 - werkzeug - INFO - 127.0.0.1 - - [05/Nov/2025 15:08:29] "GET /storage/screenshots/peoplesoft/screenshot_20251105_125932.png?t=1762366108871 HTTP/1.1" 200 -
2025-11-05 15:08:33,237 - werkzeug - INFO - 127.0.0.1 - - [05/Nov/2025 15:08:33] "GET /api/screenshot/google HTTP/1.1" 200 -
2025-11-05 15:08:33,546 - werkzeug - INFO - 127.0.0.1 - - [05/Nov/2025 15:08:33] "GET /api/screenshot/peoplesoft HTTP/1.1" 200 -
2025-11-05 15:08:33,562 - werkzeug - INFO - 127.0.0.1 - - [05/Nov/2025 15:08:33] "GET /storage/screenshots/google/screenshot_20251105_150620.png?t=1762366113245 HTTP/1.1" 200 -
2025-11-05 15:08:33,867 - werkzeug - INFO - 127.0.0.1 - - [05/Nov/2025 15:08:33] "GET /storage/screenshots/peoplesoft/screenshot_20251105_125932.png?t=1762366113550 HTTP/1.1" 200 -
2025-11-05 15:08:38,582 - werkzeug - INFO - 127.0.0.1 - - [05/Nov/2025 15:08:38] "GET /api/systems/all HTTP/1.1" 200 -
2025-11-05 15:08:38,842 - werkzeug - INFO - 127.0.0.1 - - [05/Nov/2025 15:08:38] "GET /api/screenshot/google HTTP/1.1" 200 -
2025-11-05 15:08:38,903 - werkzeug - INFO - 127.0.0.1 - - [05/Nov/2025 15:08:38] "GET /storage/screenshots/google/screenshot_20251105_150620.png?t=1762366118846 HTTP/1.1" 200 -
2025-11-05 15:08:38,904 - werkzeug - INFO - 127.0.0.1 - - [05/Nov/2025 15:08:38] "GET /api/screenshot/peoplesoft HTTP/1.1" 200 -
2025-11-05 15:08:39,164 - werkzeug - INFO - 127.0.0.1 - - [05/Nov/2025 15:08:39] "GET /storage/screenshots/peoplesoft/screenshot_20251105_125932.png?t=1762366118910 HTTP/1.1" 200 -
2025-11-05 15:08:48,717 - werkzeug - INFO - 127.0.0.1 - - [05/Nov/2025 15:08:48] "GET /api/screenshot/google HTTP/1.1" 200 -
2025-11-05 15:08:48,718 - werkzeug - INFO - 127.0.0.1 - - [05/Nov/2025 15:08:48] "GET /api/systems/all HTTP/1.1" 200 -
2025-11-05 15:08:48,727 - werkzeug - INFO - 127.0.0.1 - - [05/Nov/2025 15:08:48] "GET /api/screenshot/peoplesoft HTTP/1.1" 200 -
2025-11-05 15:08:48,975 - werkzeug - INFO - 127.0.0.1 - - [05/Nov/2025 15:08:48] "GET /api/screenshot/google HTTP/1.1" 200 -
2025-11-05 15:08:49,082 - werkzeug - INFO - 127.0.0.1 - - [05/Nov/2025 15:08:49] "GET /api/screenshot/peoplesoft HTTP/1.1" 200 -
2025-11-05 15:08:49,086 - werkzeug - INFO - 127.0.0.1 - - [05/Nov/2025 15:08:49] "GET /storage/screenshots/google/screenshot_20251105_150620.png?t=1762366128757 HTTP/1.1" 200 -
2025-11-05 15:08:49,087 - werkzeug - INFO - 127.0.0.1 - - [05/Nov/2025 15:08:49] "GET /storage/screenshots/peoplesoft/screenshot_20251105_125932.png?t=1762366128767 HTTP/1.1" 200 -
2025-11-05 15:08:49,089 - werkzeug - INFO - 127.0.0.1 - - [05/Nov/2025 15:08:49] "GET /storage/screenshots/google/screenshot_20251105_150620.png?t=1762366128977 HTTP/1.1" 200 -
2025-11-05 15:08:49,285 - werkzeug - INFO - 127.0.0.1 - - [05/Nov/2025 15:08:49] "GET /storage/screenshots/peoplesoft/screenshot_20251105_125932.png?t=1762366129086 HTTP/1.1" 200 -
2025-11-05 15:08:58,715 - werkzeug - INFO - 127.0.0.1 - - [05/Nov/2025 15:08:58] "GET /api/systems/all HTTP/1.1" 200 -
2025-11-05 15:08:58,980 - werkzeug - INFO - 127.0.0.1 - - [05/Nov/2025 15:08:58] "GET /api/screenshot/google HTTP/1.1" 200 -
2025-11-05 15:08:59,039 - werkzeug - INFO - 127.0.0.1 - - [05/Nov/2025 15:08:59] "GET /api/screenshot/peoplesoft HTTP/1.1" 200 -
2025-11-05 15:08:59,046 - werkzeug - INFO - 127.0.0.1 - - [05/Nov/2025 15:08:59] "GET /storage/screenshots/google/screenshot_20251105_150620.png?t=1762366139022 HTTP/1.1" 200 -
2025-11-05 15:08:59,356 - werkzeug - INFO - 127.0.0.1 - - [05/Nov/2025 15:08:59] "GET /storage/screenshots/peoplesoft/screenshot_20251105_125932.png?t=1762366139045 HTTP/1.1" 200 -
2025-11-05 15:09:03,464 - werkzeug - INFO - 127.0.0.1 - - [05/Nov/2025 15:09:03] "GET /api/screenshot/google HTTP/1.1" 200 -
2025-11-05 15:09:03,804 - werkzeug - INFO - 127.0.0.1 - - [05/Nov/2025 15:09:03] "GET /api/screenshot/peoplesoft HTTP/1.1" 200 -
2025-11-05 15:09:04,079 - werkzeug - INFO - 127.0.0.1 - - [05/Nov/2025 15:09:04] "GET /storage/screenshots/google/screenshot_20251105_150620.png?t=1762366143639 HTTP/1.1" 200 -
2025-11-05 15:09:04,397 - werkzeug - INFO - 127.0.0.1 - - [05/Nov/2025 15:09:04] "GET /storage/screenshots/peoplesoft/screenshot_20251105_125932.png?t=1762366143947 HTTP/1.1" 200 -
2025-11-05 15:09:08,750 - werkzeug - INFO - 127.0.0.1 - - [05/Nov/2025 15:09:08] "GET /api/systems/all HTTP/1.1" 200 -
2025-11-05 15:09:08,967 - werkzeug - INFO - 127.0.0.1 - - [05/Nov/2025 15:09:08] "GET /api/screenshot/google HTTP/1.1" 200 -
2025-11-05 15:09:09,139 - werkzeug - INFO - 127.0.0.1 - - [05/Nov/2025 15:09:09] "GET /api/screenshot/peoplesoft HTTP/1.1" 200 -
2025-11-05 15:09:09,151 - werkzeug - INFO - 127.0.0.1 - - [05/Nov/2025 15:09:09] "GET /storage/screenshots/google/screenshot_20251105_150620.png?t=1762366148989 HTTP/1.1" 200 -
2025-11-05 15:09:09,308 - werkzeug - INFO - 127.0.0.1 - - [05/Nov/2025 15:09:09] "GET /storage/screenshots/peoplesoft/screenshot_20251105_125932.png?t=1762366149188 HTTP/1.1" 200 -
2025-11-05 15:09:10,704 - werkzeug - INFO - 127.0.0.1 - - [05/Nov/2025 15:09:10] "GET /api/screenshot/peoplesoft HTTP/1.1" 200 -
2025-11-05 15:09:11,033 - werkzeug - INFO - 127.0.0.1 - - [05/Nov/2025 15:09:11] "GET /storage/screenshots/peoplesoft/screenshot_20251105_125932.png?t=1762366150707 HTTP/1.1" 200 -
2025-11-05 15:09:18,773 - werkzeug - INFO - 127.0.0.1 - - [05/Nov/2025 15:09:18] "GET /api/screenshot/peoplesoft HTTP/1.1" 200 -
2025-11-05 15:09:18,787 - werkzeug - INFO - 127.0.0.1 - - [05/Nov/2025 15:09:18] "GET /api/screenshot/google HTTP/1.1" 200 -
2025-11-05 15:09:18,798 - werkzeug - INFO - 127.0.0.1 - - [05/Nov/2025 15:09:18] "GET /api/systems/all HTTP/1.1" 200 -
2025-11-05 15:09:18,963 - werkzeug - INFO - 127.0.0.1 - - [05/Nov/2025 15:09:18] "GET /api/screenshot/google HTTP/1.1" 200 -
2025-11-05 15:09:19,101 - werkzeug - INFO - 127.0.0.1 - - [05/Nov/2025 15:09:19] "GET /api/screenshot/peoplesoft HTTP/1.1" 200 -
2025-11-05 15:09:19,106 - werkzeug - INFO - 127.0.0.1 - - [05/Nov/2025 15:09:19] "GET /storage/screenshots/peoplesoft/screenshot_20251105_125932.png?t=1762366158787 HTTP/1.1" 200 -
2025-11-05 15:09:19,118 - werkzeug - INFO - 127.0.0.1 - - [05/Nov/2025 15:09:19] "GET /storage/screenshots/google/screenshot_20251105_150620.png?t=1762366158798 HTTP/1.1" 200 -
2025-11-05 15:09:19,119 - werkzeug - INFO - 127.0.0.1 - - [05/Nov/2025 15:09:19] "GET /storage/screenshots/google/screenshot_20251105_150620.png?t=1762366158966 HTTP/1.1" 200 -
2025-11-05 15:09:19,286 - werkzeug - INFO - 127.0.0.1 - - [05/Nov/2025 15:09:19] "GET /storage/screenshots/peoplesoft/screenshot_20251105_125932.png?t=1762366159105 HTTP/1.1" 200 -
2025-11-05 15:09:28,702 - werkzeug - INFO - 127.0.0.1 - - [05/Nov/2025 15:09:28] "GET /api/systems/all HTTP/1.1" 200 -
2025-11-05 15:09:28,963 - werkzeug - INFO - 127.0.0.1 - - [05/Nov/2025 15:09:28] "GET /api/screenshot/google HTTP/1.1" 200 -
2025-11-05 15:09:29,019 - werkzeug - INFO - 127.0.0.1 - - [05/Nov/2025 15:09:29] "GET /api/screenshot/peoplesoft HTTP/1.1" 200 -
2025-11-05 15:09:29,031 - werkzeug - INFO - 127.0.0.1 - - [05/Nov/2025 15:09:29] "GET /storage/screenshots/google/screenshot_20251105_150620.png?t=1762366168987 HTTP/1.1" 200 -
2025-11-05 15:09:29,301 - werkzeug - INFO - 127.0.0.1 - - [05/Nov/2025 15:09:29] "GET /storage/screenshots/peoplesoft/screenshot_20251105_125932.png?t=1762366169066 HTTP/1.1" 200 -
2025-11-05 15:09:33,383 - werkzeug - INFO - 127.0.0.1 - - [05/Nov/2025 15:09:33] "GET /api/screenshot/google HTTP/1.1" 200 -
2025-11-05 15:09:33,705 - werkzeug - INFO - 127.0.0.1 - - [05/Nov/2025 15:09:33] "GET /api/screenshot/peoplesoft HTTP/1.1" 200 -
2025-11-05 15:09:33,717 - werkzeug - INFO - 127.0.0.1 - - [05/Nov/2025 15:09:33] "GET /storage/screenshots/google/screenshot_20251105_150620.png?t=1762366173387 HTTP/1.1" 200 -
2025-11-05 15:09:34,091 - werkzeug - INFO - 127.0.0.1 - - [05/Nov/2025 15:09:34] "GET /storage/screenshots/peoplesoft/screenshot_20251105_125932.png?t=1762366173718 HTTP/1.1" 200 -
2025-11-05 15:09:38,523 - werkzeug - INFO - 127.0.0.1 - - [05/Nov/2025 15:09:38] "GET /api/systems/all HTTP/1.1" 200 -
2025-11-05 15:09:39,079 - werkzeug - INFO - 127.0.0.1 - - [05/Nov/2025 15:09:39] "GET /api/screenshot/google HTTP/1.1" 200 -
2025-11-05 15:09:39,082 - werkzeug - INFO - 127.0.0.1 - - [05/Nov/2025 15:09:39] "GET /api/screenshot/peoplesoft HTTP/1.1" 200 -
2025-11-05 15:09:39,352 - werkzeug - INFO - 127.0.0.1 - - [05/Nov/2025 15:09:39] "GET /storage/screenshots/google/screenshot_20251105_150620.png?t=1762366179087 HTTP/1.1" 200 -
2025-11-05 15:09:39,405 - werkzeug - INFO - 127.0.0.1 - - [05/Nov/2025 15:09:39] "GET /storage/screenshots/peoplesoft/screenshot_20251105_125932.png?t=1762366179098 HTTP/1.1" 200 -
2025-11-05 15:10:10,703 - werkzeug - INFO - 127.0.0.1 - - [05/Nov/2025 15:10:10] "GET /api/screenshot/peoplesoft HTTP/1.1" 200 -
2025-11-05 15:10:10,703 - werkzeug - INFO - 127.0.0.1 - - [05/Nov/2025 15:10:10] "GET /api/screenshot/google HTTP/1.1" 200 -
2025-11-05 15:10:10,705 - werkzeug - INFO - 127.0.0.1 - - [05/Nov/2025 15:10:10] "GET /api/systems/all HTTP/1.1" 200 -
2025-11-05 15:10:10,707 - werkzeug - INFO - 127.0.0.1 - - [05/Nov/2025 15:10:10] "GET /api/screenshot/peoplesoft HTTP/1.1" 200 -
2025-11-05 15:10:10,972 - werkzeug - INFO - 127.0.0.1 - - [05/Nov/2025 15:10:10] "GET /storage/screenshots/peoplesoft/screenshot_20251105_125932.png?t=1762366210712 HTTP/1.1" 200 -
2025-11-05 15:10:10,974 - werkzeug - INFO - 127.0.0.1 - - [05/Nov/2025 15:10:10] "GET /api/screenshot/google HTTP/1.1" 200 -
2025-11-05 15:10:11,033 - werkzeug - INFO - 127.0.0.1 - - [05/Nov/2025 15:10:11] "GET /api/screenshot/peoplesoft HTTP/1.1" 200 -
2025-11-05 15:10:11,034 - werkzeug - INFO - 127.0.0.1 - - [05/Nov/2025 15:10:11] "GET /storage/screenshots/google/screenshot_20251105_130016.png?t=1762366210714 HTTP/1.1" 200 -
2025-11-05 15:10:11,034 - werkzeug - INFO - 127.0.0.1 - - [05/Nov/2025 15:10:11] "GET /storage/screenshots/peoplesoft/screenshot_20251105_125932.png?t=1762366210716 HTTP/1.1" 200 -
2025-11-05 15:10:11,034 - werkzeug - INFO - 127.0.0.1 - - [05/Nov/2025 15:10:11] "GET /storage/screenshots/google/screenshot_20251105_130016.png?t=1762366210990 HTTP/1.1" 200 -
2025-11-05 15:10:11,306 - werkzeug - INFO - 127.0.0.1 - - [05/Nov/2025 15:10:11] "GET /storage/screenshots/peoplesoft/screenshot_20251105_125932.png?t=1762366211042 HTTP/1.1" 200 -
2025-11-05 15:10:53,758 - __main__ - INFO - 

🛑 Recebido sinal de interrupção...
2025-11-05 15:10:53,758 - orchestrator.orchestrator - INFO - 🛑 Parando orquestrador...
2025-11-05 15:10:53,759 - apscheduler.scheduler - INFO - Scheduler has been shut down
2025-11-05 15:10:53,759 - orchestrator.orchestrator - INFO - ✓ Orquestrador parado
2025-11-05 15:10:53,760 - __main__ - INFO - 👋 Encerrando aplicação...
2025-11-05 15:11:07,093 - storage.local_storage - INFO - ✓ Banco de dados inicializado
2025-11-05 15:11:07,136 - backend.routes - INFO - ✓ Rotas registradas
2025-11-05 15:11:07,193 - backend.websocket_handlers - INFO - ✓ Handlers WebSocket registrados
2025-11-05 15:11:07,305 - backend.app - INFO - ✓ Backend Flask inicializado
2025-11-05 15:11:07,326 - __main__ - INFO - 
============================================================
2025-11-05 15:11:07,383 - __main__ - INFO -     PROCESS MONITOR DASHBOARD
2025-11-05 15:11:07,412 - __main__ - INFO -     Versão 1.0.0
2025-11-05 15:11:07,430 - __main__ - INFO - ============================================================

2025-11-05 15:11:07,454 - __main__ - INFO - ✓ Estrutura de diretórios verificada
2025-11-05 15:11:07,464 - __main__ - INFO - 🔧 Iniciando componentes...
2025-11-05 15:11:07,494 - storage.local_storage - INFO - ✓ Banco de dados inicializado
2025-11-05 15:11:07,495 - orchestrator.orchestrator - INFO - 📋 Orquestrador criado
2025-11-05 15:11:07,496 - orchestrator.orchestrator - INFO - ✓ SocketIO configurado no orquestrador
2025-11-05 15:11:07,496 - orchestrator.orchestrator - INFO - ============================================================
2025-11-05 15:11:07,497 - orchestrator.orchestrator - INFO - 🚀 INICIANDO ORQUESTRADOR
2025-11-05 15:11:07,500 - orchestrator.orchestrator - INFO - ============================================================
2025-11-05 15:11:07,509 - orchestrator.orchestrator - INFO - 🔧 Inicializando coletores...
2025-11-05 15:11:07,509 - collectors.base_collector - INFO - ✓ Coletor PeopleSoft inicializado
2025-11-05 15:11:07,510 - collectors.peoplesoft_collector - INFO - 🔍 DEBUG __init__: Filtros carregados do config:
2025-11-05 15:11:07,588 - collectors.peoplesoft_collector - INFO -    - Total de chaves: 2
2025-11-05 15:11:07,593 - collectors.peoplesoft_collector - INFO -    - Conteúdo: {'status': ['error', 'warning'], 'last_hours': 24}
2025-11-05 15:11:07,597 - orchestrator.orchestrator - INFO - ✓ Coletor peoplesoft inicializado
2025-11-05 15:11:07,598 - orchestrator.orchestrator - WARNING - ⚠ Coletor oracle_fusion não implementado
2025-11-05 15:11:07,599 - orchestrator.orchestrator - WARNING - ⚠ Coletor bonita não implementado
2025-11-05 15:11:07,599 - orchestrator.orchestrator - WARNING - ⚠ Coletor n8n não implementado
2025-11-05 15:11:07,602 - collectors.base_collector - INFO - ✓ Coletor Google inicializado
2025-11-05 15:11:07,603 - collectors.google_collector - INFO - 🔍 GoogleCollector inicializado: Google
2025-11-05 15:11:07,603 - orchestrator.orchestrator - INFO - ✓ Coletor google inicializado
2025-11-05 15:11:07,616 - orchestrator.orchestrator - INFO - ✓ 2 coletores inicializados
2025-11-05 15:11:07,632 - orchestrator.orchestrator - INFO - 📅 Agendando jobs de coleta...
2025-11-05 15:11:08,433 - apscheduler.scheduler - INFO - Adding job tentatively -- it will be properly scheduled when the scheduler starts
2025-11-05 15:11:08,445 - orchestrator.orchestrator - INFO - ✓ Job agendado: peoplesoft a cada 300s
2025-11-05 15:11:08,539 - apscheduler.scheduler - INFO - Adding job tentatively -- it will be properly scheduled when the scheduler starts
2025-11-05 15:11:08,547 - orchestrator.orchestrator - INFO - ✓ Job agendado: google a cada 300s
2025-11-05 15:11:08,632 - apscheduler.scheduler - INFO - Adding job tentatively -- it will be properly scheduled when the scheduler starts
2025-11-05 15:11:08,638 - orchestrator.orchestrator - INFO - ✓ Jobs agendados
2025-11-05 15:11:08,670 - apscheduler.scheduler - INFO - Added job "Coleta peoplesoft" to job store "default"
2025-11-05 15:11:08,681 - apscheduler.scheduler - INFO - Added job "Coleta google" to job store "default"
2025-11-05 15:11:08,682 - apscheduler.scheduler - INFO - Added job "Limpeza diária" to job store "default"
2025-11-05 15:11:08,683 - apscheduler.scheduler - INFO - Scheduler started
2025-11-05 15:11:08,692 - orchestrator.orchestrator - INFO - ✓ Orquestrador ativo!
2025-11-05 15:11:08,697 - apscheduler.executors.default - INFO - Running job "Coleta peoplesoft (trigger: interval[0:05:00], next run at: 2025-11-05 15:11:08 -03)" (scheduled at 2025-11-05 15:11:08.432593-03:00)
2025-11-05 15:11:08,699 - apscheduler.executors.default - INFO - Running job "Coleta google (trigger: interval[0:05:00], next run at: 2025-11-05 15:11:08 -03)" (scheduled at 2025-11-05 15:11:08.538884-03:00)
2025-11-05 15:11:08,716 - orchestrator.orchestrator - INFO - 🔄 Coletando: peoplesoft
2025-11-05 15:11:08,717 - orchestrator.orchestrator - INFO - 
📋 Jobs agendados (3):
2025-11-05 15:11:08,724 - collectors.peoplesoft_collector - INFO - 📸 Coletando dados: PeopleSoft
2025-11-05 15:11:08,735 - orchestrator.orchestrator - INFO - 🔄 Coletando: google
2025-11-05 15:11:08,748 - orchestrator.orchestrator - INFO -   • Coleta peoplesoft | próxima execução: 2025-11-05 15:16:08.432593-03:00
2025-11-05 15:11:08,763 - collectors.peoplesoft_collector - INFO - 👀 Modo VISUAL ativado (com interface)
2025-11-05 15:11:08,793 - collectors.google_collector - INFO - 📸 Coletando dados: Google
2025-11-05 15:11:08,831 - orchestrator.orchestrator - INFO -   • Coleta google | próxima execução: 2025-11-05 15:16:08.538884-03:00
2025-11-05 15:11:08,853 - collectors.google_collector - INFO - 🎭 Modo HEADLESS ativado
2025-11-05 15:11:08,855 - orchestrator.orchestrator - INFO -   • Limpeza diária | próxima execução: 2025-11-06 02:00:00-03:00
2025-11-05 15:11:10,494 - __main__ - INFO - 
============================================================
2025-11-05 15:11:10,494 - __main__ - INFO - ✓ Dashboard disponível em: http://localhost:5000
2025-11-05 15:11:10,496 - __main__ - INFO - ✓ Versão TV disponível em: http://localhost:5000/tv
2025-11-05 15:11:10,496 - __main__ - INFO - ============================================================

2025-11-05 15:11:10,497 - __main__ - INFO - 🌐 Iniciando servidor web...
2025-11-05 15:11:10,539 - werkzeug - INFO - [31m[1mWARNING: This is a development server. Do not use it in a production deployment. Use a production WSGI server instead.[0m
 * Running on all addresses (0.0.0.0)
 * Running on http://127.0.0.1:5000
 * Running on http://192.168.0.157:5000
2025-11-05 15:11:10,540 - werkzeug - INFO - [33mPress CTRL+C to quit[0m
2025-11-05 15:11:10,726 - werkzeug - INFO - 127.0.0.1 - - [05/Nov/2025 15:11:10] "GET /api/screenshot/peoplesoft HTTP/1.1" 200 -
2025-11-05 15:11:11,052 - werkzeug - INFO - 127.0.0.1 - - [05/Nov/2025 15:11:11] "GET /storage/screenshots/peoplesoft/screenshot_20251105_125932.png?t=1762366270729 HTTP/1.1" 200 -
2025-11-05 15:11:11,189 - werkzeug - INFO - 127.0.0.1 - - [05/Nov/2025 15:11:11] "GET /tv HTTP/1.1" 200 -
2025-11-05 15:11:11,923 - werkzeug - INFO - 127.0.0.1 - - [05/Nov/2025 15:11:11] "GET /api/systems/all HTTP/1.1" 200 -
2025-11-05 15:11:12,012 - werkzeug - INFO - 127.0.0.1 - - [05/Nov/2025 15:11:12] "GET /api/screenshot/google HTTP/1.1" 200 -
2025-11-05 15:11:12,345 - werkzeug - INFO - 127.0.0.1 - - [05/Nov/2025 15:11:12] "GET /api/screenshot/peoplesoft HTTP/1.1" 200 -
2025-11-05 15:11:12,554 - werkzeug - INFO - 127.0.0.1 - - [05/Nov/2025 15:11:12] "GET /storage/screenshots/google/screenshot_20251105_130016.png?t=1762366272066 HTTP/1.1" 200 -
2025-11-05 15:11:12,869 - werkzeug - INFO - 127.0.0.1 - - [05/Nov/2025 15:11:12] "GET /storage/screenshots/peoplesoft/screenshot_20251105_125932.png?t=1762366272462 HTTP/1.1" 200 -
2025-11-05 15:11:12,890 - collectors.peoplesoft_collector - INFO - ✓ WebDriver inicializado
2025-11-05 15:11:12,911 - collectors.peoplesoft_collector - INFO - 🔐 Fazendo login...
2025-11-05 15:11:13,058 - collectors.google_collector - INFO - ✓ WebDriver inicializado
2025-11-05 15:11:13,073 - collectors.google_collector - INFO - Navegando para: https://www.google.com
2025-11-05 15:11:13,905 - collectors.peoplesoft_collector - ERROR - ❌ Erro ao capturar: Message: unknown error: net::ERR_NAME_NOT_RESOLVED
  (Session info: chrome=141.0.7390.123)
Stacktrace:
	GetHandleVerifier [0x0x7ff7095de8e5+80021]
	GetHandleVerifier [0x0x7ff7095de940+80112]
	(No symbol) [0x0x7ff70936060f]
	(No symbol) [0x0x7ff70935d0bf]
	(No symbol) [0x0x7ff70934dae9]
	(No symbol) [0x0x7ff70934f94e]
	(No symbol) [0x0x7ff70934e0d2]
	(No symbol) [0x0x7ff70934d859]
	(No symbol) [0x0x7ff70934d51d]
	(No symbol) [0x0x7ff70934b08c]
	(No symbol) [0x0x7ff70934b91c]
	(No symbol) [0x0x7ff7093646da]
	(No symbol) [0x0x7ff70940a47e]
	(No symbol) [0x0x7ff7093e122a]
	(No symbol) [0x0x7ff70940968a]
	(No symbol) [0x0x7ff7093e1003]
	(No symbol) [0x0x7ff7093a95d1]
	(No symbol) [0x0x7ff7093aa3f3]
	GetHandleVerifier [0x0x7ff70989dc7d+2960429]
	GetHandleVerifier [0x0x7ff709897f3a+2936554]
	GetHandleVerifier [0x0x7ff7098b8977+3070247]
	GetHandleVerifier [0x0x7ff7095f83ce+185214]
	GetHandleVerifier [0x0x7ff7095ffe1f+216527]
	GetHandleVerifier [0x0x7ff7095e7b24+117460]
	GetHandleVerifier [0x0x7ff7095e7cdf+117903]
	GetHandleVerifier [0x0x7ff7095cdbb8+11112]
	BaseThreadInitThunk [0x0x7ff96f65e8d7+23]
	RtlUserThreadStart [0x0x7ff96ffac53c+44]

Traceback (most recent call last):
  File "C:\Users\ferib\OneDrive\Documentos\Projetos\process_screen_monitoring\process_screen_monitoring\collectors\peoplesoft_collector.py", line 150, in _capture_and_extract
    self.driver.get(self.base_url)
  File "C:\Users\ferib\AppData\Roaming\Python\Python312\site-packages\selenium\webdriver\remote\webdriver.py", line 356, in get
    self.execute(Command.GET, {"url": url})
  File "C:\Users\ferib\AppData\Roaming\Python\Python312\site-packages\selenium\webdriver\remote\webdriver.py", line 347, in execute
    self.error_handler.check_response(response)
  File "C:\Users\ferib\AppData\Roaming\Python\Python312\site-packages\selenium\webdriver\remote\errorhandler.py", line 229, in check_response
    raise exception_class(message, screen, stacktrace)
selenium.common.exceptions.WebDriverException: Message: unknown error: net::ERR_NAME_NOT_RESOLVED
  (Session info: chrome=141.0.7390.123)
Stacktrace:
	GetHandleVerifier [0x0x7ff7095de8e5+80021]
	GetHandleVerifier [0x0x7ff7095de940+80112]
	(No symbol) [0x0x7ff70936060f]
	(No symbol) [0x0x7ff70935d0bf]
	(No symbol) [0x0x7ff70934dae9]
	(No symbol) [0x0x7ff70934f94e]
	(No symbol) [0x0x7ff70934e0d2]
	(No symbol) [0x0x7ff70934d859]
	(No symbol) [0x0x7ff70934d51d]
	(No symbol) [0x0x7ff70934b08c]
	(No symbol) [0x0x7ff70934b91c]
	(No symbol) [0x0x7ff7093646da]
	(No symbol) [0x0x7ff70940a47e]
	(No symbol) [0x0x7ff7093e122a]
	(No symbol) [0x0x7ff70940968a]
	(No symbol) [0x0x7ff7093e1003]
	(No symbol) [0x0x7ff7093a95d1]
	(No symbol) [0x0x7ff7093aa3f3]
	GetHandleVerifier [0x0x7ff70989dc7d+2960429]
	GetHandleVerifier [0x0x7ff709897f3a+2936554]
	GetHandleVerifier [0x0x7ff7098b8977+3070247]
	GetHandleVerifier [0x0x7ff7095f83ce+185214]
	GetHandleVerifier [0x0x7ff7095ffe1f+216527]
	GetHandleVerifier [0x0x7ff7095e7b24+117460]
	GetHandleVerifier [0x0x7ff7095e7cdf+117903]
	GetHandleVerifier [0x0x7ff7095cdbb8+11112]
	BaseThreadInitThunk [0x0x7ff96f65e8d7+23]
	RtlUserThreadStart [0x0x7ff96ffac53c+44]


2025-11-05 15:11:22,698 - werkzeug - INFO - 127.0.0.1 - - [05/Nov/2025 15:11:22] "GET /api/systems/all HTTP/1.1" 200 -
2025-11-05 15:11:22,879 - collectors.base_collector - ERROR - ❌ Erro em PeopleSoft: Falha ao capturar dados
2025-11-05 15:11:22,879 - processors.data_processors - INFO - ✓ Dados de peoplesoft processados
2025-11-05 15:11:22,903 - backend.websocket_handlers - INFO - 📡 Broadcasting update: peoplesoft
2025-11-05 15:11:22,903 - orchestrator.orchestrator - INFO - ✓ Coleta concluída: peoplesoft
2025-11-05 15:11:22,904 - apscheduler.executors.default - INFO - Job "Coleta peoplesoft (trigger: interval[0:05:00], next run at: 2025-11-05 15:16:08 -03)" executed successfully
2025-11-05 15:11:22,963 - werkzeug - INFO - 127.0.0.1 - - [05/Nov/2025 15:11:22] "GET /api/screenshot/google HTTP/1.1" 200 -
2025-11-05 15:11:23,007 - werkzeug - INFO - 127.0.0.1 - - [05/Nov/2025 15:11:23] "GET /api/screenshot/peoplesoft HTTP/1.1" 200 -
2025-11-05 15:11:23,009 - werkzeug - INFO - 127.0.0.1 - - [05/Nov/2025 15:11:23] "GET /storage/screenshots/google/screenshot_20251105_130016.png?t=1762366282965 HTTP/1.1" 200 -
2025-11-05 15:11:23,287 - werkzeug - INFO - 127.0.0.1 - - [05/Nov/2025 15:11:23] "GET /storage/screenshots/peoplesoft/screenshot_20251105_125932.png?t=1762366283010 HTTP/1.1" 200 -
2025-11-05 15:11:27,704 - werkzeug - INFO - 127.0.0.1 - - [05/Nov/2025 15:11:27] "GET /api/screenshot/google HTTP/1.1" 200 -
2025-11-05 15:11:27,705 - werkzeug - INFO - 127.0.0.1 - - [05/Nov/2025 15:11:27] "GET /api/screenshot/peoplesoft HTTP/1.1" 200 -
2025-11-05 15:11:27,969 - werkzeug - INFO - 127.0.0.1 - - [05/Nov/2025 15:11:27] "GET /storage/screenshots/google/screenshot_20251105_130016.png?t=1762366287708 HTTP/1.1" 200 -
2025-11-05 15:11:28,026 - werkzeug - INFO - 127.0.0.1 - - [05/Nov/2025 15:11:28] "GET /storage/screenshots/peoplesoft/screenshot_20251105_125932.png?t=1762366287710 HTTP/1.1" 200 -
2025-11-05 15:11:28,278 - collectors.google_collector - WARNING - ⚠ Logo do Google não encontrado
2025-11-05 15:11:28,327 - collectors.google_collector - INFO - ✓ Screenshot salvo: storage/screenshots/google/screenshot_20251105_151128.png
2025-11-05 15:11:32,388 - werkzeug - INFO - 127.0.0.1 - - [05/Nov/2025 15:11:32] "GET /api/systems/all HTTP/1.1" 200 -
2025-11-05 15:11:32,714 - werkzeug - INFO - 127.0.0.1 - - [05/Nov/2025 15:11:32] "GET /api/screenshot/google HTTP/1.1" 200 -
2025-11-05 15:11:32,714 - werkzeug - INFO - 127.0.0.1 - - [05/Nov/2025 15:11:32] "GET /api/screenshot/peoplesoft HTTP/1.1" 200 -
2025-11-05 15:11:32,983 - werkzeug - INFO - 127.0.0.1 - - [05/Nov/2025 15:11:32] "GET /storage/screenshots/google/screenshot_20251105_151128.png?t=1762366292719 HTTP/1.1" 200 -
2025-11-05 15:11:33,037 - werkzeug - INFO - 127.0.0.1 - - [05/Nov/2025 15:11:33] "GET /storage/screenshots/peoplesoft/screenshot_20251105_125932.png?t=1762366292720 HTTP/1.1" 200 -
2025-11-05 15:11:34,762 - processors.data_processors - INFO - ✓ Dados de google processados
2025-11-05 15:11:34,767 - backend.websocket_handlers - INFO - 📡 Broadcasting update: google
2025-11-05 15:11:34,767 - orchestrator.orchestrator - INFO - ✓ Coleta concluída: google
2025-11-05 15:11:34,767 - apscheduler.executors.default - INFO - Job "Coleta google (trigger: interval[0:05:00], next run at: 2025-11-05 15:16:08 -03)" executed successfully
2025-11-05 15:11:42,391 - werkzeug - INFO - 127.0.0.1 - - [05/Nov/2025 15:11:42] "GET /api/systems/all HTTP/1.1" 200 -
2025-11-05 15:11:42,708 - werkzeug - INFO - 127.0.0.1 - - [05/Nov/2025 15:11:42] "GET /api/screenshot/peoplesoft HTTP/1.1" 200 -
2025-11-05 15:11:42,708 - werkzeug - INFO - 127.0.0.1 - - [05/Nov/2025 15:11:42] "GET /api/screenshot/google HTTP/1.1" 200 -
2025-11-05 15:11:42,708 - werkzeug - INFO - 127.0.0.1 - - [05/Nov/2025 15:11:42] "GET /api/screenshot/google HTTP/1.1" 200 -
2025-11-05 15:11:42,708 - werkzeug - INFO - 127.0.0.1 - - [05/Nov/2025 15:11:42] "GET /api/screenshot/peoplesoft HTTP/1.1" 200 -
2025-11-05 15:11:43,018 - werkzeug - INFO - 127.0.0.1 - - [05/Nov/2025 15:11:43] "GET /storage/screenshots/google/screenshot_20251105_151128.png?t=1762366302717 HTTP/1.1" 200 -
2025-11-05 15:11:43,018 - werkzeug - INFO - 127.0.0.1 - - [05/Nov/2025 15:11:43] "GET /storage/screenshots/peoplesoft/screenshot_20251105_125932.png?t=1762366302716 HTTP/1.1" 200 -
2025-11-05 15:11:43,018 - werkzeug - INFO - 127.0.0.1 - - [05/Nov/2025 15:11:43] "GET /storage/screenshots/peoplesoft/screenshot_20251105_125932.png?t=1762366302717 HTTP/1.1" 200 -
2025-11-05 15:11:52,385 - werkzeug - INFO - 127.0.0.1 - - [05/Nov/2025 15:11:52] "GET /api/systems/all HTTP/1.1" 200 -
2025-11-05 15:11:52,708 - werkzeug - INFO - 127.0.0.1 - - [05/Nov/2025 15:11:52] "GET /api/screenshot/google HTTP/1.1" 200 -
2025-11-05 15:11:52,708 - werkzeug - INFO - 127.0.0.1 - - [05/Nov/2025 15:11:52] "GET /api/screenshot/peoplesoft HTTP/1.1" 200 -
2025-11-05 15:11:52,949 - werkzeug - INFO - 127.0.0.1 - - [05/Nov/2025 15:11:52] "GET /storage/screenshots/google/screenshot_20251105_151128.png?t=1762366312715 HTTP/1.1" 200 -
2025-11-05 15:11:53,029 - werkzeug - INFO - 127.0.0.1 - - [05/Nov/2025 15:11:53] "GET /storage/screenshots/peoplesoft/screenshot_20251105_125932.png?t=1762366312716 HTTP/1.1" 200 -
2025-11-05 15:11:57,382 - werkzeug - INFO - 127.0.0.1 - - [05/Nov/2025 15:11:57] "GET /api/screenshot/google HTTP/1.1" 200 -
2025-11-05 15:11:57,693 - werkzeug - INFO - 127.0.0.1 - - [05/Nov/2025 15:11:57] "GET /api/screenshot/peoplesoft HTTP/1.1" 200 -
2025-11-05 15:11:57,693 - werkzeug - INFO - 127.0.0.1 - - [05/Nov/2025 15:11:57] "GET /storage/screenshots/google/screenshot_20251105_151128.png?t=1762366317384 HTTP/1.1" 200 -
2025-11-05 15:11:58,001 - werkzeug - INFO - 127.0.0.1 - - [05/Nov/2025 15:11:58] "GET /storage/screenshots/peoplesoft/screenshot_20251105_125932.png?t=1762366317699 HTTP/1.1" 200 -
2025-11-05 15:12:02,382 - werkzeug - INFO - 127.0.0.1 - - [05/Nov/2025 15:12:02] "GET /api/systems/all HTTP/1.1" 200 -
2025-11-05 15:12:02,700 - werkzeug - INFO - 127.0.0.1 - - [05/Nov/2025 15:12:02] "GET /api/screenshot/google HTTP/1.1" 200 -
2025-11-05 15:12:02,700 - werkzeug - INFO - 127.0.0.1 - - [05/Nov/2025 15:12:02] "GET /api/screenshot/peoplesoft HTTP/1.1" 200 -
2025-11-05 15:12:02,969 - werkzeug - INFO - 127.0.0.1 - - [05/Nov/2025 15:12:02] "GET /storage/screenshots/google/screenshot_20251105_151128.png?t=1762366322706 HTTP/1.1" 200 -
2025-11-05 15:12:03,021 - werkzeug - INFO - 127.0.0.1 - - [05/Nov/2025 15:12:03] "GET /storage/screenshots/peoplesoft/screenshot_20251105_125932.png?t=1762366322707 HTTP/1.1" 200 -
2025-11-05 15:12:10,708 - werkzeug - INFO - 127.0.0.1 - - [05/Nov/2025 15:12:10] "GET /api/screenshot/peoplesoft HTTP/1.1" 200 -
2025-11-05 15:12:10,970 - werkzeug - INFO - 127.0.0.1 - - [05/Nov/2025 15:12:10] "GET /storage/screenshots/peoplesoft/screenshot_20251105_125932.png?t=1762366330710 HTTP/1.1" 200 -
2025-11-05 15:12:12,388 - werkzeug - INFO - 127.0.0.1 - - [05/Nov/2025 15:12:12] "GET /api/systems/all HTTP/1.1" 200 -
2025-11-05 15:12:12,698 - werkzeug - INFO - 127.0.0.1 - - [05/Nov/2025 15:12:12] "GET /api/screenshot/google HTTP/1.1" 200 -
2025-11-05 15:12:12,698 - werkzeug - INFO - 127.0.0.1 - - [05/Nov/2025 15:12:12] "GET /api/screenshot/peoplesoft HTTP/1.1" 200 -
2025-11-05 15:12:12,698 - werkzeug - INFO - 127.0.0.1 - - [05/Nov/2025 15:12:12] "GET /api/screenshot/google HTTP/1.1" 200 -
2025-11-05 15:12:12,698 - werkzeug - INFO - 127.0.0.1 - - [05/Nov/2025 15:12:12] "GET /api/screenshot/peoplesoft HTTP/1.1" 200 -
2025-11-05 15:12:13,013 - werkzeug - INFO - 127.0.0.1 - - [05/Nov/2025 15:12:13] "GET /storage/screenshots/peoplesoft/screenshot_20251105_125932.png?t=1762366332707 HTTP/1.1" 200 -
2025-11-05 15:12:13,013 - werkzeug - INFO - 127.0.0.1 - - [05/Nov/2025 15:12:13] "GET /storage/screenshots/google/screenshot_20251105_151128.png?t=1762366332706 HTTP/1.1" 200 -
2025-11-05 15:12:13,013 - werkzeug - INFO - 127.0.0.1 - - [05/Nov/2025 15:12:13] "GET /storage/screenshots/google/screenshot_20251105_151128.png?t=1762366332707 HTTP/1.1" 200 -
2025-11-05 15:12:13,328 - werkzeug - INFO - 127.0.0.1 - - [05/Nov/2025 15:12:13] "GET /storage/screenshots/peoplesoft/screenshot_20251105_125932.png?t=1762366332711 HTTP/1.1" 200 -
2025-11-05 15:12:27,387 - werkzeug - INFO - 127.0.0.1 - - [05/Nov/2025 15:12:27] "GET /api/screenshot/google HTTP/1.1" 200 -
2025-11-05 15:12:27,697 - werkzeug - INFO - 127.0.0.1 - - [05/Nov/2025 15:12:27] "GET /api/screenshot/peoplesoft HTTP/1.1" 200 -
2025-11-05 15:12:27,697 - werkzeug - INFO - 127.0.0.1 - - [05/Nov/2025 15:12:27] "GET /storage/screenshots/google/screenshot_20251105_151128.png?t=1762366347394 HTTP/1.1" 200 -
2025-11-05 15:12:28,005 - werkzeug - INFO - 127.0.0.1 - - [05/Nov/2025 15:12:28] "GET /storage/screenshots/peoplesoft/screenshot_20251105_125932.png?t=1762366347702 HTTP/1.1" 200 -
2025-11-05 15:12:42,384 - werkzeug - INFO - 127.0.0.1 - - [05/Nov/2025 15:12:42] "GET /api/screenshot/google HTTP/1.1" 200 -
2025-11-05 15:12:42,691 - werkzeug - INFO - 127.0.0.1 - - [05/Nov/2025 15:12:42] "GET /api/screenshot/peoplesoft HTTP/1.1" 200 -
2025-11-05 15:12:42,691 - werkzeug - INFO - 127.0.0.1 - - [05/Nov/2025 15:12:42] "GET /storage/screenshots/google/screenshot_20251105_151128.png?t=1762366362388 HTTP/1.1" 200 -
2025-11-05 15:12:43,009 - werkzeug - INFO - 127.0.0.1 - - [05/Nov/2025 15:12:43] "GET /storage/screenshots/peoplesoft/screenshot_20251105_125932.png?t=1762366362695 HTTP/1.1" 200 -
2025-11-05 15:13:10,383 - werkzeug - INFO - 127.0.0.1 - - [05/Nov/2025 15:13:10] "GET /api/screenshot/peoplesoft HTTP/1.1" 200 -
2025-11-05 15:13:10,692 - werkzeug - INFO - 127.0.0.1 - - [05/Nov/2025 15:13:10] "GET /api/screenshot/peoplesoft HTTP/1.1" 200 -
2025-11-05 15:13:10,692 - werkzeug - INFO - 127.0.0.1 - - [05/Nov/2025 15:13:10] "GET /api/screenshot/google HTTP/1.1" 200 -
2025-11-05 15:13:10,694 - werkzeug - INFO - 127.0.0.1 - - [05/Nov/2025 15:13:10] "GET /api/systems/all HTTP/1.1" 200 -
2025-11-05 15:13:10,694 - werkzeug - INFO - 127.0.0.1 - - [05/Nov/2025 15:13:10] "GET /storage/screenshots/peoplesoft/screenshot_20251105_125932.png?t=1762366390387 HTTP/1.1" 200 -
2025-11-05 15:13:10,946 - werkzeug - INFO - 127.0.0.1 - - [05/Nov/2025 15:13:10] "GET /api/screenshot/google HTTP/1.1" 200 -
2025-11-05 15:13:11,008 - werkzeug - INFO - 127.0.0.1 - - [05/Nov/2025 15:13:11] "GET /storage/screenshots/peoplesoft/screenshot_20251105_125932.png?t=1762366390700 HTTP/1.1" 200 -
2025-11-05 15:13:11,008 - werkzeug - INFO - 127.0.0.1 - - [05/Nov/2025 15:13:11] "GET /api/screenshot/peoplesoft HTTP/1.1" 200 -
2025-11-05 15:13:11,008 - werkzeug - INFO - 127.0.0.1 - - [05/Nov/2025 15:13:11] "GET /storage/screenshots/google/screenshot_20251105_151128.png?t=1762366390701 HTTP/1.1" 200 -
2025-11-05 15:13:11,008 - werkzeug - INFO - 127.0.0.1 - - [05/Nov/2025 15:13:11] "GET /storage/screenshots/google/screenshot_20251105_151128.png?t=1762366390951 HTTP/1.1" 200 -
2025-11-05 15:13:11,260 - werkzeug - INFO - 127.0.0.1 - - [05/Nov/2025 15:13:11] "GET /storage/screenshots/peoplesoft/screenshot_20251105_125932.png?t=1762366391020 HTTP/1.1" 200 -
2025-11-05 15:14:10,383 - werkzeug - INFO - 127.0.0.1 - - [05/Nov/2025 15:14:10] "GET /api/screenshot/peoplesoft HTTP/1.1" 200 -
2025-11-05 15:14:10,383 - werkzeug - INFO - 127.0.0.1 - - [05/Nov/2025 15:14:10] "GET /api/systems/all HTTP/1.1" 200 -
2025-11-05 15:14:10,692 - werkzeug - INFO - 127.0.0.1 - - [05/Nov/2025 15:14:10] "GET /api/screenshot/peoplesoft HTTP/1.1" 200 -
2025-11-05 15:14:10,692 - werkzeug - INFO - 127.0.0.1 - - [05/Nov/2025 15:14:10] "GET /storage/screenshots/peoplesoft/screenshot_20251105_125932.png?t=1762366450389 HTTP/1.1" 200 -
2025-11-05 15:14:10,692 - werkzeug - INFO - 127.0.0.1 - - [05/Nov/2025 15:14:10] "GET /api/screenshot/google HTTP/1.1" 200 -
2025-11-05 15:14:10,692 - werkzeug - INFO - 127.0.0.1 - - [05/Nov/2025 15:14:10] "GET /api/screenshot/google HTTP/1.1" 200 -
2025-11-05 15:14:10,692 - werkzeug - INFO - 127.0.0.1 - - [05/Nov/2025 15:14:10] "GET /api/screenshot/peoplesoft HTTP/1.1" 200 -
2025-11-05 15:14:11,009 - werkzeug - INFO - 127.0.0.1 - - [05/Nov/2025 15:14:11] "GET /storage/screenshots/peoplesoft/screenshot_20251105_125932.png?t=1762366450704 HTTP/1.1" 200 -
2025-11-05 15:14:11,009 - werkzeug - INFO - 127.0.0.1 - - [05/Nov/2025 15:14:11] "GET /storage/screenshots/google/screenshot_20251105_151128.png?t=1762366450706 HTTP/1.1" 200 -
2025-11-05 15:14:11,009 - werkzeug - INFO - 127.0.0.1 - - [05/Nov/2025 15:14:11] "GET /storage/screenshots/peoplesoft/screenshot_20251105_125932.png?t=1762366450706 HTTP/1.1" 200 -
2025-11-05 15:15:10,392 - werkzeug - INFO - 127.0.0.1 - - [05/Nov/2025 15:15:10] "GET /api/systems/all HTTP/1.1" 200 -
2025-11-05 15:15:10,392 - werkzeug - INFO - 127.0.0.1 - - [05/Nov/2025 15:15:10] "GET /api/screenshot/peoplesoft HTTP/1.1" 200 -
2025-11-05 15:15:10,699 - werkzeug - INFO - 127.0.0.1 - - [05/Nov/2025 15:15:10] "GET /api/screenshot/google HTTP/1.1" 200 -
2025-11-05 15:15:10,699 - werkzeug - INFO - 127.0.0.1 - - [05/Nov/2025 15:15:10] "GET /api/screenshot/peoplesoft HTTP/1.1" 200 -
2025-11-05 15:15:10,699 - werkzeug - INFO - 127.0.0.1 - - [05/Nov/2025 15:15:10] "GET /api/screenshot/google HTTP/1.1" 200 -
2025-11-05 15:15:10,699 - werkzeug - INFO - 127.0.0.1 - - [05/Nov/2025 15:15:10] "GET /api/screenshot/peoplesoft HTTP/1.1" 200 -
2025-11-05 15:15:10,711 - werkzeug - INFO - 127.0.0.1 - - [05/Nov/2025 15:15:10] "GET /storage/screenshots/peoplesoft/screenshot_20251105_125932.png?t=1762366510402 HTTP/1.1" 200 -
2025-11-05 15:15:11,022 - werkzeug - INFO - 127.0.0.1 - - [05/Nov/2025 15:15:11] "GET /storage/screenshots/peoplesoft/screenshot_20251105_125932.png?t=1762366510708 HTTP/1.1" 200 -
2025-11-05 15:15:11,022 - werkzeug - INFO - 127.0.0.1 - - [05/Nov/2025 15:15:11] "GET /storage/screenshots/google/screenshot_20251105_151128.png?t=1762366510708 HTTP/1.1" 200 -
2025-11-05 15:15:11,022 - werkzeug - INFO - 127.0.0.1 - - [05/Nov/2025 15:15:11] "GET /storage/screenshots/google/screenshot_20251105_151128.png?t=1762366510712 HTTP/1.1" 200 -
2025-11-05 15:15:11,341 - werkzeug - INFO - 127.0.0.1 - - [05/Nov/2025 15:15:11] "GET /storage/screenshots/peoplesoft/screenshot_20251105_125932.png?t=1762366510713 HTTP/1.1" 200 -
2025-11-05 15:16:08,439 - apscheduler.executors.default - INFO - Running job "Coleta peoplesoft (trigger: interval[0:05:00], next run at: 2025-11-05 15:21:08 -03)" (scheduled at 2025-11-05 15:16:08.432593-03:00)
2025-11-05 15:16:08,439 - orchestrator.orchestrator - INFO - 🔄 Coletando: peoplesoft
2025-11-05 15:16:08,439 - collectors.peoplesoft_collector - INFO - 📸 Coletando dados: PeopleSoft
2025-11-05 15:16:08,439 - collectors.peoplesoft_collector - INFO - 👀 Modo VISUAL ativado (com interface)
2025-11-05 15:16:08,543 - apscheduler.executors.default - INFO - Running job "Coleta google (trigger: interval[0:05:00], next run at: 2025-11-05 15:21:08 -03)" (scheduled at 2025-11-05 15:16:08.538884-03:00)
2025-11-05 15:16:08,543 - orchestrator.orchestrator - INFO - 🔄 Coletando: google
2025-11-05 15:16:08,543 - collectors.google_collector - INFO - 📸 Coletando dados: Google
2025-11-05 15:16:08,543 - collectors.google_collector - INFO - 🎭 Modo HEADLESS ativado
2025-11-05 15:16:10,418 - werkzeug - INFO - 127.0.0.1 - - [05/Nov/2025 15:16:10] "GET /api/systems/all HTTP/1.1" 200 -
2025-11-05 15:16:10,420 - werkzeug - INFO - 127.0.0.1 - - [05/Nov/2025 15:16:10] "GET /api/screenshot/peoplesoft HTTP/1.1" 200 -
2025-11-05 15:16:10,474 - collectors.google_collector - INFO - ✓ WebDriver inicializado
2025-11-05 15:16:10,475 - collectors.google_collector - INFO - Navegando para: https://www.google.com
2025-11-05 15:16:10,659 - collectors.peoplesoft_collector - INFO - ✓ WebDriver inicializado
2025-11-05 15:16:10,659 - collectors.peoplesoft_collector - INFO - 🔐 Fazendo login...
2025-11-05 15:16:10,731 - werkzeug - INFO - 127.0.0.1 - - [05/Nov/2025 15:16:10] "GET /api/screenshot/google HTTP/1.1" 200 -
2025-11-05 15:16:10,732 - werkzeug - INFO - 127.0.0.1 - - [05/Nov/2025 15:16:10] "GET /api/screenshot/peoplesoft HTTP/1.1" 200 -
2025-11-05 15:16:10,748 - werkzeug - INFO - 127.0.0.1 - - [05/Nov/2025 15:16:10] "GET /api/screenshot/peoplesoft HTTP/1.1" 200 -
2025-11-05 15:16:10,750 - werkzeug - INFO - 127.0.0.1 - - [05/Nov/2025 15:16:10] "GET /api/screenshot/google HTTP/1.1" 200 -
2025-11-05 15:16:10,752 - werkzeug - INFO - 127.0.0.1 - - [05/Nov/2025 15:16:10] "GET /storage/screenshots/peoplesoft/screenshot_20251105_125932.png?t=1762366570433 HTTP/1.1" 200 -
2025-11-05 15:16:11,052 - werkzeug - INFO - 127.0.0.1 - - [05/Nov/2025 15:16:11] "GET /storage/screenshots/google/screenshot_20251105_151128.png?t=1762366570737 HTTP/1.1" 200 -
2025-11-05 15:16:11,058 - werkzeug - INFO - 127.0.0.1 - - [05/Nov/2025 15:16:11] "GET /storage/screenshots/peoplesoft/screenshot_20251105_125932.png?t=1762366570738 HTTP/1.1" 200 -
2025-11-05 15:16:11,066 - werkzeug - INFO - 127.0.0.1 - - [05/Nov/2025 15:16:11] "GET /storage/screenshots/peoplesoft/screenshot_20251105_125932.png?t=1762366570755 HTTP/1.1" 200 -
2025-11-05 15:16:11,240 - collectors.peoplesoft_collector - ERROR - ❌ Erro ao capturar: Message: unknown error: net::ERR_NAME_NOT_RESOLVED
  (Session info: chrome=141.0.7390.123)
Stacktrace:
	GetHandleVerifier [0x0x7ff7095de8e5+80021]
	GetHandleVerifier [0x0x7ff7095de940+80112]
	(No symbol) [0x0x7ff70936060f]
	(No symbol) [0x0x7ff70935d0bf]
	(No symbol) [0x0x7ff70934dae9]
	(No symbol) [0x0x7ff70934f94e]
	(No symbol) [0x0x7ff70934e0d2]
	(No symbol) [0x0x7ff70934d859]
	(No symbol) [0x0x7ff70934d51d]
	(No symbol) [0x0x7ff70934b08c]
	(No symbol) [0x0x7ff70934b91c]
	(No symbol) [0x0x7ff7093646da]
	(No symbol) [0x0x7ff70940a47e]
	(No symbol) [0x0x7ff7093e122a]
	(No symbol) [0x0x7ff70940968a]
	(No symbol) [0x0x7ff7093e1003]
	(No symbol) [0x0x7ff7093a95d1]
	(No symbol) [0x0x7ff7093aa3f3]
	GetHandleVerifier [0x0x7ff70989dc7d+2960429]
	GetHandleVerifier [0x0x7ff709897f3a+2936554]
	GetHandleVerifier [0x0x7ff7098b8977+3070247]
	GetHandleVerifier [0x0x7ff7095f83ce+185214]
	GetHandleVerifier [0x0x7ff7095ffe1f+216527]
	GetHandleVerifier [0x0x7ff7095e7b24+117460]
	GetHandleVerifier [0x0x7ff7095e7cdf+117903]
	GetHandleVerifier [0x0x7ff7095cdbb8+11112]
	BaseThreadInitThunk [0x0x7ff96f65e8d7+23]
	RtlUserThreadStart [0x0x7ff96ffac53c+44]

Traceback (most recent call last):
  File "C:\Users\ferib\OneDrive\Documentos\Projetos\process_screen_monitoring\process_screen_monitoring\collectors\peoplesoft_collector.py", line 150, in _capture_and_extract
    self.driver.get(self.base_url)
  File "C:\Users\ferib\AppData\Roaming\Python\Python312\site-packages\selenium\webdriver\remote\webdriver.py", line 356, in get
    self.execute(Command.GET, {"url": url})
  File "C:\Users\ferib\AppData\Roaming\Python\Python312\site-packages\selenium\webdriver\remote\webdriver.py", line 347, in execute
    self.error_handler.check_response(response)
  File "C:\Users\ferib\AppData\Roaming\Python\Python312\site-packages\selenium\webdriver\remote\errorhandler.py", line 229, in check_response
    raise exception_class(message, screen, stacktrace)
selenium.common.exceptions.WebDriverException: Message: unknown error: net::ERR_NAME_NOT_RESOLVED
  (Session info: chrome=141.0.7390.123)
Stacktrace:
	GetHandleVerifier [0x0x7ff7095de8e5+80021]
	GetHandleVerifier [0x0x7ff7095de940+80112]
	(No symbol) [0x0x7ff70936060f]
	(No symbol) [0x0x7ff70935d0bf]
	(No symbol) [0x0x7ff70934dae9]
	(No symbol) [0x0x7ff70934f94e]
	(No symbol) [0x0x7ff70934e0d2]
	(No symbol) [0x0x7ff70934d859]
	(No symbol) [0x0x7ff70934d51d]
	(No symbol) [0x0x7ff70934b08c]
	(No symbol) [0x0x7ff70934b91c]
	(No symbol) [0x0x7ff7093646da]
	(No symbol) [0x0x7ff70940a47e]
	(No symbol) [0x0x7ff7093e122a]
	(No symbol) [0x0x7ff70940968a]
	(No symbol) [0x0x7ff7093e1003]
	(No symbol) [0x0x7ff7093a95d1]
	(No symbol) [0x0x7ff7093aa3f3]
	GetHandleVerifier [0x0x7ff70989dc7d+2960429]
	GetHandleVerifier [0x0x7ff709897f3a+2936554]
	GetHandleVerifier [0x0x7ff7098b8977+3070247]
	GetHandleVerifier [0x0x7ff7095f83ce+185214]
	GetHandleVerifier [0x0x7ff7095ffe1f+216527]
	GetHandleVerifier [0x0x7ff7095e7b24+117460]
	GetHandleVerifier [0x0x7ff7095e7cdf+117903]
	GetHandleVerifier [0x0x7ff7095cdbb8+11112]
	BaseThreadInitThunk [0x0x7ff96f65e8d7+23]
	RtlUserThreadStart [0x0x7ff96ffac53c+44]


2025-11-05 15:16:11,459 - werkzeug - INFO - 127.0.0.1 - - [05/Nov/2025 15:16:11] "GET /storage/screenshots/google/screenshot_20251105_151128.png?t=1762366570757 HTTP/1.1" 200 -
2025-11-05 15:16:17,709 - collectors.base_collector - ERROR - ❌ Erro em PeopleSoft: Falha ao capturar dados
2025-11-05 15:16:17,709 - processors.data_processors - INFO - ✓ Dados de peoplesoft processados
2025-11-05 15:16:17,725 - backend.websocket_handlers - INFO - 📡 Broadcasting update: peoplesoft
2025-11-05 15:16:17,726 - orchestrator.orchestrator - INFO - ✓ Coleta concluída: peoplesoft
2025-11-05 15:16:17,726 - apscheduler.executors.default - INFO - Job "Coleta peoplesoft (trigger: interval[0:05:00], next run at: 2025-11-05 15:21:08 -03)" executed successfully
2025-11-05 15:16:24,430 - collectors.google_collector - WARNING - ⚠ Logo do Google não encontrado
2025-11-05 15:16:24,482 - collectors.google_collector - INFO - ✓ Screenshot salvo: storage/screenshots/google/screenshot_20251105_151624.png
2025-11-05 15:16:30,721 - processors.data_processors - INFO - ✓ Dados de google processados
2025-11-05 15:16:30,721 - backend.websocket_handlers - INFO - 📡 Broadcasting update: google
2025-11-05 15:16:30,721 - orchestrator.orchestrator - INFO - ✓ Coleta concluída: google
2025-11-05 15:16:30,721 - apscheduler.executors.default - INFO - Job "Coleta google (trigger: interval[0:05:00], next run at: 2025-11-05 15:21:08 -03)" executed successfully
2025-11-05 15:17:10,385 - werkzeug - INFO - 127.0.0.1 - - [05/Nov/2025 15:17:10] "GET /api/screenshot/peoplesoft HTTP/1.1" 200 -
2025-11-05 15:17:10,688 - werkzeug - INFO - 127.0.0.1 - - [05/Nov/2025 15:17:10] "GET /api/screenshot/google HTTP/1.1" 200 -
2025-11-05 15:17:10,688 - werkzeug - INFO - 127.0.0.1 - - [05/Nov/2025 15:17:10] "GET /api/systems/all HTTP/1.1" 200 -
2025-11-05 15:17:10,688 - werkzeug - INFO - 127.0.0.1 - - [05/Nov/2025 15:17:10] "GET /api/screenshot/peoplesoft HTTP/1.1" 200 -
2025-11-05 15:17:10,688 - werkzeug - INFO - 127.0.0.1 - - [05/Nov/2025 15:17:10] "GET /storage/screenshots/peoplesoft/screenshot_20251105_125932.png?t=1762366630391 HTTP/1.1" 200 -
2025-11-05 15:17:10,943 - werkzeug - INFO - 127.0.0.1 - - [05/Nov/2025 15:17:10] "GET /api/screenshot/google HTTP/1.1" 200 -
2025-11-05 15:17:11,015 - werkzeug - INFO - 127.0.0.1 - - [05/Nov/2025 15:17:11] "GET /api/screenshot/peoplesoft HTTP/1.1" 200 -
2025-11-05 15:17:11,016 - werkzeug - INFO - 127.0.0.1 - - [05/Nov/2025 15:17:11] "GET /storage/screenshots/peoplesoft/screenshot_20251105_125932.png?t=1762366630698 HTTP/1.1" 200 -
2025-11-05 15:17:11,029 - werkzeug - INFO - 127.0.0.1 - - [05/Nov/2025 15:17:11] "GET /storage/screenshots/google/screenshot_20251105_151624.png?t=1762366630693 HTTP/1.1" 200 -
2025-11-05 15:17:11,029 - werkzeug - INFO - 127.0.0.1 - - [05/Nov/2025 15:17:11] "GET /storage/screenshots/google/screenshot_20251105_151624.png?t=1762366630944 HTTP/1.1" 200 -
2025-11-05 15:17:11,253 - werkzeug - INFO - 127.0.0.1 - - [05/Nov/2025 15:17:11] "GET /storage/screenshots/peoplesoft/screenshot_20251105_125932.png?t=1762366631023 HTTP/1.1" 200 -
2025-11-05 15:18:10,391 - werkzeug - INFO - 127.0.0.1 - - [05/Nov/2025 15:18:10] "GET /api/systems/all HTTP/1.1" 200 -
2025-11-05 15:18:10,391 - werkzeug - INFO - 127.0.0.1 - - [05/Nov/2025 15:18:10] "GET /api/screenshot/peoplesoft HTTP/1.1" 200 -
2025-11-05 15:18:10,696 - werkzeug - INFO - 127.0.0.1 - - [05/Nov/2025 15:18:10] "GET /api/screenshot/google HTTP/1.1" 200 -
2025-11-05 15:18:10,696 - werkzeug - INFO - 127.0.0.1 - - [05/Nov/2025 15:18:10] "GET /api/screenshot/peoplesoft HTTP/1.1" 200 -
2025-11-05 15:18:10,696 - werkzeug - INFO - 127.0.0.1 - - [05/Nov/2025 15:18:10] "GET /api/screenshot/google HTTP/1.1" 200 -
2025-11-05 15:18:10,696 - werkzeug - INFO - 127.0.0.1 - - [05/Nov/2025 15:18:10] "GET /storage/screenshots/peoplesoft/screenshot_20251105_125932.png?t=1762366690398 HTTP/1.1" 200 -
2025-11-05 15:18:10,696 - werkzeug - INFO - 127.0.0.1 - - [05/Nov/2025 15:18:10] "GET /api/screenshot/peoplesoft HTTP/1.1" 200 -
2025-11-05 15:18:11,006 - werkzeug - INFO - 127.0.0.1 - - [05/Nov/2025 15:18:11] "GET /storage/screenshots/google/screenshot_20251105_151624.png?t=1762366690704 HTTP/1.1" 200 -
2025-11-05 15:18:11,006 - werkzeug - INFO - 127.0.0.1 - - [05/Nov/2025 15:18:11] "GET /storage/screenshots/peoplesoft/screenshot_20251105_125932.png?t=1762366690704 HTTP/1.1" 200 -
2025-11-05 15:18:11,006 - werkzeug - INFO - 127.0.0.1 - - [05/Nov/2025 15:18:11] "GET /storage/screenshots/google/screenshot_20251105_151624.png?t=1762366690710 HTTP/1.1" 200 -
2025-11-05 15:18:11,323 - werkzeug - INFO - 127.0.0.1 - - [05/Nov/2025 15:18:11] "GET /storage/screenshots/peoplesoft/screenshot_20251105_125932.png?t=1762366690712 HTTP/1.1" 200 -
2025-11-05 15:19:10,385 - werkzeug - INFO - 127.0.0.1 - - [05/Nov/2025 15:19:10] "GET /api/screenshot/peoplesoft HTTP/1.1" 200 -
2025-11-05 15:19:10,697 - werkzeug - INFO - 127.0.0.1 - - [05/Nov/2025 15:19:10] "GET /api/screenshot/google HTTP/1.1" 200 -
2025-11-05 15:19:10,697 - werkzeug - INFO - 127.0.0.1 - - [05/Nov/2025 15:19:10] "GET /api/screenshot/peoplesoft HTTP/1.1" 200 -
2025-11-05 15:19:10,697 - werkzeug - INFO - 127.0.0.1 - - [05/Nov/2025 15:19:10] "GET /api/systems/all HTTP/1.1" 200 -
2025-11-05 15:19:10,697 - werkzeug - INFO - 127.0.0.1 - - [05/Nov/2025 15:19:10] "GET /storage/screenshots/peoplesoft/screenshot_20251105_125932.png?t=1762366750390 HTTP/1.1" 200 -
2025-11-05 15:19:10,957 - werkzeug - INFO - 127.0.0.1 - - [05/Nov/2025 15:19:10] "GET /api/screenshot/google HTTP/1.1" 200 -
2025-11-05 15:19:11,020 - werkzeug - INFO - 127.0.0.1 - - [05/Nov/2025 15:19:11] "GET /api/screenshot/peoplesoft HTTP/1.1" 200 -
2025-11-05 15:19:11,020 - werkzeug - INFO - 127.0.0.1 - - [05/Nov/2025 15:19:11] "GET /storage/screenshots/google/screenshot_20251105_151624.png?t=1762366750707 HTTP/1.1" 200 -
2025-11-05 15:19:11,020 - werkzeug - INFO - 127.0.0.1 - - [05/Nov/2025 15:19:11] "GET /storage/screenshots/peoplesoft/screenshot_20251105_125932.png?t=1762366750708 HTTP/1.1" 200 -
2025-11-05 15:19:11,020 - werkzeug - INFO - 127.0.0.1 - - [05/Nov/2025 15:19:11] "GET /storage/screenshots/google/screenshot_20251105_151624.png?t=1762366750960 HTTP/1.1" 200 -
2025-11-05 15:19:11,277 - werkzeug - INFO - 127.0.0.1 - - [05/Nov/2025 15:19:11] "GET /storage/screenshots/peoplesoft/screenshot_20251105_125932.png?t=1762366751030 HTTP/1.1" 200 -
2025-11-05 15:20:10,392 - werkzeug - INFO - 127.0.0.1 - - [05/Nov/2025 15:20:10] "GET /api/screenshot/peoplesoft HTTP/1.1" 200 -
2025-11-05 15:20:10,394 - werkzeug - INFO - 127.0.0.1 - - [05/Nov/2025 15:20:10] "GET /api/systems/all HTTP/1.1" 200 -
2025-11-05 15:20:10,697 - werkzeug - INFO - 127.0.0.1 - - [05/Nov/2025 15:20:10] "GET /api/screenshot/google HTTP/1.1" 200 -
2025-11-05 15:20:10,697 - werkzeug - INFO - 127.0.0.1 - - [05/Nov/2025 15:20:10] "GET /api/screenshot/peoplesoft HTTP/1.1" 200 -
2025-11-05 15:20:10,697 - werkzeug - INFO - 127.0.0.1 - - [05/Nov/2025 15:20:10] "GET /storage/screenshots/peoplesoft/screenshot_20251105_125932.png?t=1762366810395 HTTP/1.1" 200 -
2025-11-05 15:20:10,697 - werkzeug - INFO - 127.0.0.1 - - [05/Nov/2025 15:20:10] "GET /api/screenshot/google HTTP/1.1" 200 -
2025-11-05 15:20:10,697 - werkzeug - INFO - 127.0.0.1 - - [05/Nov/2025 15:20:10] "GET /api/screenshot/peoplesoft HTTP/1.1" 200 -
2025-11-05 15:20:11,017 - werkzeug - INFO - 127.0.0.1 - - [05/Nov/2025 15:20:11] "GET /storage/screenshots/google/screenshot_20251105_151624.png?t=1762366810704 HTTP/1.1" 200 -
2025-11-05 15:20:11,017 - werkzeug - INFO - 127.0.0.1 - - [05/Nov/2025 15:20:11] "GET /storage/screenshots/peoplesoft/screenshot_20251105_125932.png?t=1762366810705 HTTP/1.1" 200 -
2025-11-05 15:20:11,017 - werkzeug - INFO - 127.0.0.1 - - [05/Nov/2025 15:20:11] "GET /storage/screenshots/google/screenshot_20251105_151624.png?t=1762366810713 HTTP/1.1" 200 -
2025-11-05 15:20:11,338 - werkzeug - INFO - 127.0.0.1 - - [05/Nov/2025 15:20:11] "GET /storage/screenshots/peoplesoft/screenshot_20251105_125932.png?t=1762366810714 HTTP/1.1" 200 -
2025-11-05 15:21:08,443 - apscheduler.executors.default - INFO - Running job "Coleta peoplesoft (trigger: interval[0:05:00], next run at: 2025-11-05 15:26:08 -03)" (scheduled at 2025-11-05 15:21:08.432593-03:00)
2025-11-05 15:21:08,443 - orchestrator.orchestrator - INFO - 🔄 Coletando: peoplesoft
2025-11-05 15:21:08,443 - collectors.peoplesoft_collector - INFO - 📸 Coletando dados: PeopleSoft
2025-11-05 15:21:08,443 - collectors.peoplesoft_collector - INFO - 👀 Modo VISUAL ativado (com interface)
2025-11-05 15:21:08,539 - apscheduler.executors.default - INFO - Running job "Coleta google (trigger: interval[0:05:00], next run at: 2025-11-05 15:26:08 -03)" (scheduled at 2025-11-05 15:21:08.538884-03:00)
2025-11-05 15:21:08,539 - orchestrator.orchestrator - INFO - 🔄 Coletando: google
2025-11-05 15:21:08,541 - collectors.google_collector - INFO - 📸 Coletando dados: Google
2025-11-05 15:21:08,541 - collectors.google_collector - INFO - 🎭 Modo HEADLESS ativado
2025-11-05 15:21:10,471 - collectors.peoplesoft_collector - INFO - ✓ WebDriver inicializado
2025-11-05 15:21:10,473 - collectors.peoplesoft_collector - INFO - 🔐 Fazendo login...
2025-11-05 15:21:10,475 - werkzeug - INFO - 127.0.0.1 - - [05/Nov/2025 15:21:10] "GET /api/screenshot/peoplesoft HTTP/1.1" 200 -
2025-11-05 15:21:10,707 - collectors.google_collector - INFO - ✓ WebDriver inicializado
2025-11-05 15:21:10,708 - collectors.google_collector - INFO - Navegando para: https://www.google.com
2025-11-05 15:21:10,791 - werkzeug - INFO - 127.0.0.1 - - [05/Nov/2025 15:21:10] "GET /api/screenshot/peoplesoft HTTP/1.1" 200 -
2025-11-05 15:21:10,798 - werkzeug - INFO - 127.0.0.1 - - [05/Nov/2025 15:21:10] "GET /api/screenshot/google HTTP/1.1" 200 -
2025-11-05 15:21:10,802 - werkzeug - INFO - 127.0.0.1 - - [05/Nov/2025 15:21:10] "GET /api/systems/all HTTP/1.1" 200 -
2025-11-05 15:21:10,806 - werkzeug - INFO - 127.0.0.1 - - [05/Nov/2025 15:21:10] "GET /storage/screenshots/peoplesoft/screenshot_20251105_125932.png?t=1762366870489 HTTP/1.1" 200 -
2025-11-05 15:21:11,045 - werkzeug - INFO - 127.0.0.1 - - [05/Nov/2025 15:21:11] "GET /api/screenshot/google HTTP/1.1" 200 -
2025-11-05 15:21:11,124 - werkzeug - INFO - 127.0.0.1 - - [05/Nov/2025 15:21:11] "GET /api/screenshot/peoplesoft HTTP/1.1" 200 -
2025-11-05 15:21:11,168 - werkzeug - INFO - 127.0.0.1 - - [05/Nov/2025 15:21:11] "GET /storage/screenshots/peoplesoft/screenshot_20251105_125932.png?t=1762366870801 HTTP/1.1" 200 -
2025-11-05 15:21:11,186 - werkzeug - INFO - 127.0.0.1 - - [05/Nov/2025 15:21:11] "GET /storage/screenshots/google/screenshot_20251105_151624.png?t=1762366870808 HTTP/1.1" 200 -
2025-11-05 15:21:11,228 - werkzeug - INFO - 127.0.0.1 - - [05/Nov/2025 15:21:11] "GET /storage/screenshots/google/screenshot_20251105_151624.png?t=1762366871054 HTTP/1.1" 200 -
2025-11-05 15:21:11,316 - collectors.peoplesoft_collector - ERROR - ❌ Erro ao capturar: Message: unknown error: net::ERR_NAME_NOT_RESOLVED
  (Session info: chrome=141.0.7390.123)
Stacktrace:
	GetHandleVerifier [0x0x7ff7095de8e5+80021]
	GetHandleVerifier [0x0x7ff7095de940+80112]
	(No symbol) [0x0x7ff70936060f]
	(No symbol) [0x0x7ff70935d0bf]
	(No symbol) [0x0x7ff70934dae9]
	(No symbol) [0x0x7ff70934f94e]
	(No symbol) [0x0x7ff70934e0d2]
	(No symbol) [0x0x7ff70934d859]
	(No symbol) [0x0x7ff70934d51d]
	(No symbol) [0x0x7ff70934b08c]
	(No symbol) [0x0x7ff70934b91c]
	(No symbol) [0x0x7ff7093646da]
	(No symbol) [0x0x7ff70940a47e]
	(No symbol) [0x0x7ff7093e122a]
	(No symbol) [0x0x7ff70940968a]
	(No symbol) [0x0x7ff7093e1003]
	(No symbol) [0x0x7ff7093a95d1]
	(No symbol) [0x0x7ff7093aa3f3]
	GetHandleVerifier [0x0x7ff70989dc7d+2960429]
	GetHandleVerifier [0x0x7ff709897f3a+2936554]
	GetHandleVerifier [0x0x7ff7098b8977+3070247]
	GetHandleVerifier [0x0x7ff7095f83ce+185214]
	GetHandleVerifier [0x0x7ff7095ffe1f+216527]
	GetHandleVerifier [0x0x7ff7095e7b24+117460]
	GetHandleVerifier [0x0x7ff7095e7cdf+117903]
	GetHandleVerifier [0x0x7ff7095cdbb8+11112]
	BaseThreadInitThunk [0x0x7ff96f65e8d7+23]
	RtlUserThreadStart [0x0x7ff96ffac53c+44]

Traceback (most recent call last):
  File "C:\Users\ferib\OneDrive\Documentos\Projetos\process_screen_monitoring\process_screen_monitoring\collectors\peoplesoft_collector.py", line 150, in _capture_and_extract
    self.driver.get(self.base_url)
  File "C:\Users\ferib\AppData\Roaming\Python\Python312\site-packages\selenium\webdriver\remote\webdriver.py", line 356, in get
    self.execute(Command.GET, {"url": url})
  File "C:\Users\ferib\AppData\Roaming\Python\Python312\site-packages\selenium\webdriver\remote\webdriver.py", line 347, in execute
    self.error_handler.check_response(response)
  File "C:\Users\ferib\AppData\Roaming\Python\Python312\site-packages\selenium\webdriver\remote\errorhandler.py", line 229, in check_response
    raise exception_class(message, screen, stacktrace)
selenium.common.exceptions.WebDriverException: Message: unknown error: net::ERR_NAME_NOT_RESOLVED
  (Session info: chrome=141.0.7390.123)
Stacktrace:
	GetHandleVerifier [0x0x7ff7095de8e5+80021]
	GetHandleVerifier [0x0x7ff7095de940+80112]
	(No symbol) [0x0x7ff70936060f]
	(No symbol) [0x0x7ff70935d0bf]
	(No symbol) [0x0x7ff70934dae9]
	(No symbol) [0x0x7ff70934f94e]
	(No symbol) [0x0x7ff70934e0d2]
	(No symbol) [0x0x7ff70934d859]
	(No symbol) [0x0x7ff70934d51d]
	(No symbol) [0x0x7ff70934b08c]
	(No symbol) [0x0x7ff70934b91c]
	(No symbol) [0x0x7ff7093646da]
	(No symbol) [0x0x7ff70940a47e]
	(No symbol) [0x0x7ff7093e122a]
	(No symbol) [0x0x7ff70940968a]
	(No symbol) [0x0x7ff7093e1003]
	(No symbol) [0x0x7ff7093a95d1]
	(No symbol) [0x0x7ff7093aa3f3]
	GetHandleVerifier [0x0x7ff70989dc7d+2960429]
	GetHandleVerifier [0x0x7ff709897f3a+2936554]
	GetHandleVerifier [0x0x7ff7098b8977+3070247]
	GetHandleVerifier [0x0x7ff7095f83ce+185214]
	GetHandleVerifier [0x0x7ff7095ffe1f+216527]
	GetHandleVerifier [0x0x7ff7095e7b24+117460]
	GetHandleVerifier [0x0x7ff7095e7cdf+117903]
	GetHandleVerifier [0x0x7ff7095cdbb8+11112]
	BaseThreadInitThunk [0x0x7ff96f65e8d7+23]
	RtlUserThreadStart [0x0x7ff96ffac53c+44]


2025-11-05 15:21:11,373 - werkzeug - INFO - 127.0.0.1 - - [05/Nov/2025 15:21:11] "GET /storage/screenshots/peoplesoft/screenshot_20251105_125932.png?t=1762366871278 HTTP/1.1" 200 -
2025-11-05 15:21:18,005 - collectors.base_collector - ERROR - ❌ Erro em PeopleSoft: Falha ao capturar dados
2025-11-05 15:21:18,006 - processors.data_processors - INFO - ✓ Dados de peoplesoft processados
2025-11-05 15:21:18,021 - backend.websocket_handlers - INFO - 📡 Broadcasting update: peoplesoft
2025-11-05 15:21:18,022 - orchestrator.orchestrator - INFO - ✓ Coleta concluída: peoplesoft
2025-11-05 15:21:18,022 - apscheduler.executors.default - INFO - Job "Coleta peoplesoft (trigger: interval[0:05:00], next run at: 2025-11-05 15:26:08 -03)" executed successfully
2025-11-05 15:21:24,047 - collectors.google_collector - WARNING - ⚠ Logo do Google não encontrado
2025-11-05 15:21:24,072 - collectors.google_collector - INFO - ✓ Screenshot salvo: storage/screenshots/google/screenshot_20251105_152124.png
2025-11-05 15:21:30,340 - processors.data_processors - INFO - ✓ Dados de google processados
2025-11-05 15:21:30,353 - backend.websocket_handlers - INFO - 📡 Broadcasting update: google
2025-11-05 15:21:30,353 - orchestrator.orchestrator - INFO - ✓ Coleta concluída: google
2025-11-05 15:21:30,355 - apscheduler.executors.default - INFO - Job "Coleta google (trigger: interval[0:05:00], next run at: 2025-11-05 15:26:08 -03)" executed successfully
2025-11-05 15:22:10,393 - werkzeug - INFO - 127.0.0.1 - - [05/Nov/2025 15:22:10] "GET /api/screenshot/peoplesoft HTTP/1.1" 200 -
2025-11-05 15:22:10,412 - werkzeug - INFO - 127.0.0.1 - - [05/Nov/2025 15:22:10] "GET /api/systems/all HTTP/1.1" 200 -
2025-11-05 15:22:10,706 - werkzeug - INFO - 127.0.0.1 - - [05/Nov/2025 15:22:10] "GET /api/screenshot/google HTTP/1.1" 200 -
2025-11-05 15:22:10,706 - werkzeug - INFO - 127.0.0.1 - - [05/Nov/2025 15:22:10] "GET /api/screenshot/peoplesoft HTTP/1.1" 200 -
2025-11-05 15:22:10,706 - werkzeug - INFO - 127.0.0.1 - - [05/Nov/2025 15:22:10] "GET /storage/screenshots/peoplesoft/screenshot_20251105_125932.png?t=1762366930399 HTTP/1.1" 200 -
2025-11-05 15:22:10,717 - werkzeug - INFO - 127.0.0.1 - - [05/Nov/2025 15:22:10] "GET /api/screenshot/google HTTP/1.1" 200 -
2025-11-05 15:22:10,724 - werkzeug - INFO - 127.0.0.1 - - [05/Nov/2025 15:22:10] "GET /api/screenshot/peoplesoft HTTP/1.1" 200 -
2025-11-05 15:22:11,029 - werkzeug - INFO - 127.0.0.1 - - [05/Nov/2025 15:22:11] "GET /storage/screenshots/peoplesoft/screenshot_20251105_125932.png?t=1762366930715 HTTP/1.1" 200 -
2025-11-05 15:22:11,045 - werkzeug - INFO - 127.0.0.1 - - [05/Nov/2025 15:22:11] "GET /storage/screenshots/google/screenshot_20251105_152124.png?t=1762366930714 HTTP/1.1" 200 -
2025-11-05 15:22:11,046 - werkzeug - INFO - 127.0.0.1 - - [05/Nov/2025 15:22:11] "GET /storage/screenshots/google/screenshot_20251105_152124.png?t=1762366930724 HTTP/1.1" 200 -
2025-11-05 15:22:11,347 - werkzeug - INFO - 127.0.0.1 - - [05/Nov/2025 15:22:11] "GET /storage/screenshots/peoplesoft/screenshot_20251105_125932.png?t=1762366930727 HTTP/1.1" 200 -
2025-11-05 15:23:10,380 - werkzeug - INFO - 127.0.0.1 - - [05/Nov/2025 15:23:10] "GET /api/screenshot/peoplesoft HTTP/1.1" 200 -
2025-11-05 15:23:10,692 - werkzeug - INFO - 127.0.0.1 - - [05/Nov/2025 15:23:10] "GET /api/screenshot/peoplesoft HTTP/1.1" 200 -
2025-11-05 15:23:10,692 - werkzeug - INFO - 127.0.0.1 - - [05/Nov/2025 15:23:10] "GET /api/screenshot/google HTTP/1.1" 200 -
2025-11-05 15:23:10,692 - werkzeug - INFO - 127.0.0.1 - - [05/Nov/2025 15:23:10] "GET /storage/screenshots/peoplesoft/screenshot_20251105_125932.png?t=1762366990387 HTTP/1.1" 200 -
2025-11-05 15:23:10,692 - werkzeug - INFO - 127.0.0.1 - - [05/Nov/2025 15:23:10] "GET /api/systems/all HTTP/1.1" 200 -
2025-11-05 15:23:10,957 - werkzeug - INFO - 127.0.0.1 - - [05/Nov/2025 15:23:10] "GET /api/screenshot/google HTTP/1.1" 200 -
2025-11-05 15:23:11,009 - werkzeug - INFO - 127.0.0.1 - - [05/Nov/2025 15:23:11] "GET /api/screenshot/peoplesoft HTTP/1.1" 200 -
2025-11-05 15:23:11,010 - werkzeug - INFO - 127.0.0.1 - - [05/Nov/2025 15:23:11] "GET /storage/screenshots/peoplesoft/screenshot_20251105_125932.png?t=1762366990699 HTTP/1.1" 200 -
2025-11-05 15:23:11,011 - werkzeug - INFO - 127.0.0.1 - - [05/Nov/2025 15:23:11] "GET /storage/screenshots/google/screenshot_20251105_152124.png?t=1762366990700 HTTP/1.1" 200 -
2025-11-05 15:23:11,012 - werkzeug - INFO - 127.0.0.1 - - [05/Nov/2025 15:23:11] "GET /storage/screenshots/google/screenshot_20251105_152124.png?t=1762366990962 HTTP/1.1" 200 -
2025-11-05 15:23:11,272 - werkzeug - INFO - 127.0.0.1 - - [05/Nov/2025 15:23:11] "GET /storage/screenshots/peoplesoft/screenshot_20251105_125932.png?t=1762366991013 HTTP/1.1" 200 -
2025-11-05 15:24:10,392 - werkzeug - INFO - 127.0.0.1 - - [05/Nov/2025 15:24:10] "GET /api/systems/all HTTP/1.1" 200 -
2025-11-05 15:24:10,394 - werkzeug - INFO - 127.0.0.1 - - [05/Nov/2025 15:24:10] "GET /api/screenshot/peoplesoft HTTP/1.1" 200 -
2025-11-05 15:24:10,700 - werkzeug - INFO - 127.0.0.1 - - [05/Nov/2025 15:24:10] "GET /api/screenshot/google HTTP/1.1" 200 -
2025-11-05 15:24:10,700 - werkzeug - INFO - 127.0.0.1 - - [05/Nov/2025 15:24:10] "GET /api/screenshot/peoplesoft HTTP/1.1" 200 -
2025-11-05 15:24:10,704 - werkzeug - INFO - 127.0.0.1 - - [05/Nov/2025 15:24:10] "GET /api/screenshot/google HTTP/1.1" 200 -
2025-11-05 15:24:10,704 - werkzeug - INFO - 127.0.0.1 - - [05/Nov/2025 15:24:10] "GET /api/screenshot/peoplesoft HTTP/1.1" 200 -
2025-11-05 15:24:10,704 - werkzeug - INFO - 127.0.0.1 - - [05/Nov/2025 15:24:10] "GET /storage/screenshots/peoplesoft/screenshot_20251105_125932.png?t=1762367050399 HTTP/1.1" 200 -
2025-11-05 15:24:11,015 - werkzeug - INFO - 127.0.0.1 - - [05/Nov/2025 15:24:11] "GET /storage/screenshots/google/screenshot_20251105_152124.png?t=1762367050706 HTTP/1.1" 200 -
2025-11-05 15:24:11,015 - werkzeug - INFO - 127.0.0.1 - - [05/Nov/2025 15:24:11] "GET /storage/screenshots/peoplesoft/screenshot_20251105_125932.png?t=1762367050706 HTTP/1.1" 200 -
2025-11-05 15:24:11,022 - werkzeug - INFO - 127.0.0.1 - - [05/Nov/2025 15:24:11] "GET /storage/screenshots/google/screenshot_20251105_152124.png?t=1762367050715 HTTP/1.1" 200 -
2025-11-05 15:24:11,339 - werkzeug - INFO - 127.0.0.1 - - [05/Nov/2025 15:24:11] "GET /storage/screenshots/peoplesoft/screenshot_20251105_125932.png?t=1762367050715 HTTP/1.1" 200 -
2025-11-05 15:25:10,392 - werkzeug - INFO - 127.0.0.1 - - [05/Nov/2025 15:25:10] "GET /api/screenshot/peoplesoft HTTP/1.1" 200 -
2025-11-05 15:25:10,699 - werkzeug - INFO - 127.0.0.1 - - [05/Nov/2025 15:25:10] "GET /api/screenshot/google HTTP/1.1" 200 -
2025-11-05 15:25:10,699 - werkzeug - INFO - 127.0.0.1 - - [05/Nov/2025 15:25:10] "GET /api/screenshot/peoplesoft HTTP/1.1" 200 -
2025-11-05 15:25:10,699 - werkzeug - INFO - 127.0.0.1 - - [05/Nov/2025 15:25:10] "GET /api/systems/all HTTP/1.1" 200 -
2025-11-05 15:25:10,699 - werkzeug - INFO - 127.0.0.1 - - [05/Nov/2025 15:25:10] "GET /storage/screenshots/peoplesoft/screenshot_20251105_125932.png?t=1762367110396 HTTP/1.1" 200 -
2025-11-05 15:25:10,954 - werkzeug - INFO - 127.0.0.1 - - [05/Nov/2025 15:25:10] "GET /api/screenshot/google HTTP/1.1" 200 -
2025-11-05 15:25:11,017 - werkzeug - INFO - 127.0.0.1 - - [05/Nov/2025 15:25:11] "GET /api/screenshot/peoplesoft HTTP/1.1" 200 -
2025-11-05 15:25:11,017 - werkzeug - INFO - 127.0.0.1 - - [05/Nov/2025 15:25:11] "GET /storage/screenshots/google/screenshot_20251105_152124.png?t=1762367110707 HTTP/1.1" 200 -
2025-11-05 15:25:11,024 - werkzeug - INFO - 127.0.0.1 - - [05/Nov/2025 15:25:11] "GET /storage/screenshots/peoplesoft/screenshot_20251105_125932.png?t=1762367110708 HTTP/1.1" 200 -
2025-11-05 15:25:11,024 - werkzeug - INFO - 127.0.0.1 - - [05/Nov/2025 15:25:11] "GET /storage/screenshots/google/screenshot_20251105_152124.png?t=1762367110959 HTTP/1.1" 200 -
2025-11-05 15:25:11,272 - werkzeug - INFO - 127.0.0.1 - - [05/Nov/2025 15:25:11] "GET /storage/screenshots/peoplesoft/screenshot_20251105_125932.png?t=1762367111029 HTTP/1.1" 200 -
2025-11-05 15:26:08,443 - apscheduler.executors.default - INFO - Running job "Coleta peoplesoft (trigger: interval[0:05:00], next run at: 2025-11-05 15:31:08 -03)" (scheduled at 2025-11-05 15:26:08.432593-03:00)
2025-11-05 15:26:08,443 - orchestrator.orchestrator - INFO - 🔄 Coletando: peoplesoft
2025-11-05 15:26:08,443 - collectors.peoplesoft_collector - INFO - 📸 Coletando dados: PeopleSoft
2025-11-05 15:26:08,443 - collectors.peoplesoft_collector - INFO - 👀 Modo VISUAL ativado (com interface)
2025-11-05 15:26:08,554 - apscheduler.executors.default - INFO - Running job "Coleta google (trigger: interval[0:05:00], next run at: 2025-11-05 15:31:08 -03)" (scheduled at 2025-11-05 15:26:08.538884-03:00)
2025-11-05 15:26:08,554 - orchestrator.orchestrator - INFO - 🔄 Coletando: google
2025-11-05 15:26:08,554 - collectors.google_collector - INFO - 📸 Coletando dados: Google
2025-11-05 15:26:08,554 - collectors.google_collector - INFO - 🎭 Modo HEADLESS ativado
2025-11-05 15:26:10,650 - werkzeug - INFO - 127.0.0.1 - - [05/Nov/2025 15:26:10] "GET /api/systems/all HTTP/1.1" 200 -
2025-11-05 15:26:10,655 - werkzeug - INFO - 127.0.0.1 - - [05/Nov/2025 15:26:10] "GET /api/screenshot/peoplesoft HTTP/1.1" 200 -
2025-11-05 15:26:10,657 - collectors.google_collector - INFO - ✓ WebDriver inicializado
2025-11-05 15:26:10,662 - collectors.google_collector - INFO - Navegando para: https://www.google.com
2025-11-05 15:26:10,815 - collectors.peoplesoft_collector - INFO - ✓ WebDriver inicializado
2025-11-05 15:26:10,823 - collectors.peoplesoft_collector - INFO - 🔐 Fazendo login...
2025-11-05 15:26:10,968 - werkzeug - INFO - 127.0.0.1 - - [05/Nov/2025 15:26:10] "GET /api/screenshot/google HTTP/1.1" 200 -
2025-11-05 15:26:10,971 - werkzeug - INFO - 127.0.0.1 - - [05/Nov/2025 15:26:10] "GET /api/screenshot/peoplesoft HTTP/1.1" 200 -
2025-11-05 15:26:11,080 - werkzeug - INFO - 127.0.0.1 - - [05/Nov/2025 15:26:11] "GET /api/screenshot/google HTTP/1.1" 200 -
2025-11-05 15:26:11,085 - werkzeug - INFO - 127.0.0.1 - - [05/Nov/2025 15:26:11] "GET /api/screenshot/peoplesoft HTTP/1.1" 200 -
2025-11-05 15:26:11,093 - werkzeug - INFO - 127.0.0.1 - - [05/Nov/2025 15:26:11] "GET /storage/screenshots/peoplesoft/screenshot_20251105_125932.png?t=1762367170691 HTTP/1.1" 200 -
2025-11-05 15:26:11,266 - collectors.peoplesoft_collector - ERROR - ❌ Erro ao capturar: Message: unknown error: net::ERR_NAME_NOT_RESOLVED
  (Session info: chrome=141.0.7390.123)
Stacktrace:
	GetHandleVerifier [0x0x7ff7095de8e5+80021]
	GetHandleVerifier [0x0x7ff7095de940+80112]
	(No symbol) [0x0x7ff70936060f]
	(No symbol) [0x0x7ff70935d0bf]
	(No symbol) [0x0x7ff70934dae9]
	(No symbol) [0x0x7ff70934f94e]
	(No symbol) [0x0x7ff70934e0d2]
	(No symbol) [0x0x7ff70934d859]
	(No symbol) [0x0x7ff70934d51d]
	(No symbol) [0x0x7ff70934b08c]
	(No symbol) [0x0x7ff70934b91c]
	(No symbol) [0x0x7ff7093646da]
	(No symbol) [0x0x7ff70940a47e]
	(No symbol) [0x0x7ff7093e122a]
	(No symbol) [0x0x7ff70940968a]
	(No symbol) [0x0x7ff7093e1003]
	(No symbol) [0x0x7ff7093a95d1]
	(No symbol) [0x0x7ff7093aa3f3]
	GetHandleVerifier [0x0x7ff70989dc7d+2960429]
	GetHandleVerifier [0x0x7ff709897f3a+2936554]
	GetHandleVerifier [0x0x7ff7098b8977+3070247]
	GetHandleVerifier [0x0x7ff7095f83ce+185214]
	GetHandleVerifier [0x0x7ff7095ffe1f+216527]
	GetHandleVerifier [0x0x7ff7095e7b24+117460]
	GetHandleVerifier [0x0x7ff7095e7cdf+117903]
	GetHandleVerifier [0x0x7ff7095cdbb8+11112]
	BaseThreadInitThunk [0x0x7ff96f65e8d7+23]
	RtlUserThreadStart [0x0x7ff96ffac53c+44]

Traceback (most recent call last):
  File "C:\Users\ferib\OneDrive\Documentos\Projetos\process_screen_monitoring\process_screen_monitoring\collectors\peoplesoft_collector.py", line 150, in _capture_and_extract
    self.driver.get(self.base_url)
  File "C:\Users\ferib\AppData\Roaming\Python\Python312\site-packages\selenium\webdriver\remote\webdriver.py", line 356, in get
    self.execute(Command.GET, {"url": url})
  File "C:\Users\ferib\AppData\Roaming\Python\Python312\site-packages\selenium\webdriver\remote\webdriver.py", line 347, in execute
    self.error_handler.check_response(response)
  File "C:\Users\ferib\AppData\Roaming\Python\Python312\site-packages\selenium\webdriver\remote\errorhandler.py", line 229, in check_response
    raise exception_class(message, screen, stacktrace)
selenium.common.exceptions.WebDriverException: Message: unknown error: net::ERR_NAME_NOT_RESOLVED
  (Session info: chrome=141.0.7390.123)
Stacktrace:
	GetHandleVerifier [0x0x7ff7095de8e5+80021]
	GetHandleVerifier [0x0x7ff7095de940+80112]
	(No symbol) [0x0x7ff70936060f]
	(No symbol) [0x0x7ff70935d0bf]
	(No symbol) [0x0x7ff70934dae9]
	(No symbol) [0x0x7ff70934f94e]
	(No symbol) [0x0x7ff70934e0d2]
	(No symbol) [0x0x7ff70934d859]
	(No symbol) [0x0x7ff70934d51d]
	(No symbol) [0x0x7ff70934b08c]
	(No symbol) [0x0x7ff70934b91c]
	(No symbol) [0x0x7ff7093646da]
	(No symbol) [0x0x7ff70940a47e]
	(No symbol) [0x0x7ff7093e122a]
	(No symbol) [0x0x7ff70940968a]
	(No symbol) [0x0x7ff7093e1003]
	(No symbol) [0x0x7ff7093a95d1]
	(No symbol) [0x0x7ff7093aa3f3]
	GetHandleVerifier [0x0x7ff70989dc7d+2960429]
	GetHandleVerifier [0x0x7ff709897f3a+2936554]
	GetHandleVerifier [0x0x7ff7098b8977+3070247]
	GetHandleVerifier [0x0x7ff7095f83ce+185214]
	GetHandleVerifier [0x0x7ff7095ffe1f+216527]
	GetHandleVerifier [0x0x7ff7095e7b24+117460]
	GetHandleVerifier [0x0x7ff7095e7cdf+117903]
	GetHandleVerifier [0x0x7ff7095cdbb8+11112]
	BaseThreadInitThunk [0x0x7ff96f65e8d7+23]
	RtlUserThreadStart [0x0x7ff96ffac53c+44]


2025-11-05 15:26:11,305 - werkzeug - INFO - 127.0.0.1 - - [05/Nov/2025 15:26:11] "GET /storage/screenshots/google/screenshot_20251105_152124.png?t=1762367170976 HTTP/1.1" 200 -
2025-11-05 15:26:11,308 - werkzeug - INFO - 127.0.0.1 - - [05/Nov/2025 15:26:11] "GET /storage/screenshots/peoplesoft/screenshot_20251105_125932.png?t=1762367170981 HTTP/1.1" 200 -
2025-11-05 15:26:11,442 - werkzeug - INFO - 127.0.0.1 - - [05/Nov/2025 15:26:11] "GET /storage/screenshots/google/screenshot_20251105_152124.png?t=1762367171122 HTTP/1.1" 200 -
2025-11-05 15:26:11,636 - werkzeug - INFO - 127.0.0.1 - - [05/Nov/2025 15:26:11] "GET /storage/screenshots/peoplesoft/screenshot_20251105_125932.png?t=1762367171123 HTTP/1.1" 200 -
2025-11-05 15:26:17,697 - collectors.base_collector - ERROR - ❌ Erro em PeopleSoft: Falha ao capturar dados
2025-11-05 15:26:17,697 - processors.data_processors - INFO - ✓ Dados de peoplesoft processados
2025-11-05 15:26:17,703 - backend.websocket_handlers - INFO - 📡 Broadcasting update: peoplesoft
2025-11-05 15:26:17,703 - orchestrator.orchestrator - INFO - ✓ Coleta concluída: peoplesoft
2025-11-05 15:26:17,703 - apscheduler.executors.default - INFO - Job "Coleta peoplesoft (trigger: interval[0:05:00], next run at: 2025-11-05 15:31:08 -03)" executed successfully
2025-11-05 15:26:23,840 - collectors.google_collector - WARNING - ⚠ Logo do Google não encontrado
2025-11-05 15:26:23,875 - collectors.google_collector - INFO - ✓ Screenshot salvo: storage/screenshots/google/screenshot_20251105_152623.png
2025-11-05 15:26:30,080 - processors.data_processors - INFO - ✓ Dados de google processados
2025-11-05 15:26:30,096 - backend.websocket_handlers - INFO - 📡 Broadcasting update: google
2025-11-05 15:26:30,096 - orchestrator.orchestrator - INFO - ✓ Coleta concluída: google
2025-11-05 15:26:30,096 - apscheduler.executors.default - INFO - Job "Coleta google (trigger: interval[0:05:00], next run at: 2025-11-05 15:31:08 -03)" executed successfully
2025-11-05 15:27:10,381 - werkzeug - INFO - 127.0.0.1 - - [05/Nov/2025 15:27:10] "GET /api/screenshot/peoplesoft HTTP/1.1" 200 -
2025-11-05 15:27:10,696 - werkzeug - INFO - 127.0.0.1 - - [05/Nov/2025 15:27:10] "GET /api/screenshot/peoplesoft HTTP/1.1" 200 -
2025-11-05 15:27:10,696 - werkzeug - INFO - 127.0.0.1 - - [05/Nov/2025 15:27:10] "GET /api/screenshot/google HTTP/1.1" 200 -
2025-11-05 15:27:10,696 - werkzeug - INFO - 127.0.0.1 - - [05/Nov/2025 15:27:10] "GET /api/systems/all HTTP/1.1" 200 -
2025-11-05 15:27:10,696 - werkzeug - INFO - 127.0.0.1 - - [05/Nov/2025 15:27:10] "GET /storage/screenshots/peoplesoft/screenshot_20251105_125932.png?t=1762367230388 HTTP/1.1" 200 -
2025-11-05 15:27:10,966 - werkzeug - INFO - 127.0.0.1 - - [05/Nov/2025 15:27:10] "GET /api/screenshot/google HTTP/1.1" 200 -
2025-11-05 15:27:11,021 - werkzeug - INFO - 127.0.0.1 - - [05/Nov/2025 15:27:11] "GET /storage/screenshots/peoplesoft/screenshot_20251105_125932.png?t=1762367230703 HTTP/1.1" 200 -
2025-11-05 15:27:11,021 - werkzeug - INFO - 127.0.0.1 - - [05/Nov/2025 15:27:11] "GET /api/screenshot/peoplesoft HTTP/1.1" 200 -
2025-11-05 15:27:11,035 - werkzeug - INFO - 127.0.0.1 - - [05/Nov/2025 15:27:11] "GET /storage/screenshots/google/screenshot_20251105_152623.png?t=1762367230706 HTTP/1.1" 200 -
2025-11-05 15:27:11,035 - werkzeug - INFO - 127.0.0.1 - - [05/Nov/2025 15:27:11] "GET /storage/screenshots/google/screenshot_20251105_152623.png?t=1762367230971 HTTP/1.1" 200 -
2025-11-05 15:27:11,278 - werkzeug - INFO - 127.0.0.1 - - [05/Nov/2025 15:27:11] "GET /storage/screenshots/peoplesoft/screenshot_20251105_125932.png?t=1762367231026 HTTP/1.1" 200 -
2025-11-05 15:28:10,396 - werkzeug - INFO - 127.0.0.1 - - [05/Nov/2025 15:28:10] "GET /api/systems/all HTTP/1.1" 200 -
2025-11-05 15:28:10,409 - werkzeug - INFO - 127.0.0.1 - - [05/Nov/2025 15:28:10] "GET /api/screenshot/peoplesoft HTTP/1.1" 200 -
2025-11-05 15:28:10,717 - werkzeug - INFO - 127.0.0.1 - - [05/Nov/2025 15:28:10] "GET /api/screenshot/peoplesoft HTTP/1.1" 200 -
2025-11-05 15:28:10,717 - werkzeug - INFO - 127.0.0.1 - - [05/Nov/2025 15:28:10] "GET /api/screenshot/google HTTP/1.1" 200 -
2025-11-05 15:28:10,717 - werkzeug - INFO - 127.0.0.1 - - [05/Nov/2025 15:28:10] "GET /api/screenshot/google HTTP/1.1" 200 -
2025-11-05 15:28:10,717 - werkzeug - INFO - 127.0.0.1 - - [05/Nov/2025 15:28:10] "GET /api/screenshot/peoplesoft HTTP/1.1" 200 -
2025-11-05 15:28:10,717 - werkzeug - INFO - 127.0.0.1 - - [05/Nov/2025 15:28:10] "GET /storage/screenshots/peoplesoft/screenshot_20251105_125932.png?t=1762367290413 HTTP/1.1" 200 -
2025-11-05 15:28:11,029 - werkzeug - INFO - 127.0.0.1 - - [05/Nov/2025 15:28:11] "GET /storage/screenshots/peoplesoft/screenshot_20251105_125932.png?t=1762367290725 HTTP/1.1" 200 -
2025-11-05 15:28:11,029 - werkzeug - INFO - 127.0.0.1 - - [05/Nov/2025 15:28:11] "GET /storage/screenshots/google/screenshot_20251105_152623.png?t=1762367290727 HTTP/1.1" 200 -
2025-11-05 15:28:11,029 - werkzeug - INFO - 127.0.0.1 - - [05/Nov/2025 15:28:11] "GET /storage/screenshots/google/screenshot_20251105_152623.png?t=1762367290730 HTTP/1.1" 200 -
2025-11-05 15:28:11,296 - werkzeug - INFO - 127.0.0.1 - - [05/Nov/2025 15:28:11] "GET /storage/screenshots/peoplesoft/screenshot_20251105_125932.png?t=1762367290730 HTTP/1.1" 200 -
2025-11-05 15:29:10,395 - werkzeug - INFO - 127.0.0.1 - - [05/Nov/2025 15:29:10] "GET /api/systems/all HTTP/1.1" 200 -
2025-11-05 15:29:10,397 - werkzeug - INFO - 127.0.0.1 - - [05/Nov/2025 15:29:10] "GET /api/screenshot/peoplesoft HTTP/1.1" 200 -
2025-11-05 15:29:10,703 - werkzeug - INFO - 127.0.0.1 - - [05/Nov/2025 15:29:10] "GET /api/screenshot/google HTTP/1.1" 200 -
2025-11-05 15:29:10,703 - werkzeug - INFO - 127.0.0.1 - - [05/Nov/2025 15:29:10] "GET /api/screenshot/peoplesoft HTTP/1.1" 200 -
2025-11-05 15:29:10,703 - werkzeug - INFO - 127.0.0.1 - - [05/Nov/2025 15:29:10] "GET /api/screenshot/google HTTP/1.1" 200 -
2025-11-05 15:29:10,703 - werkzeug - INFO - 127.0.0.1 - - [05/Nov/2025 15:29:10] "GET /api/screenshot/peoplesoft HTTP/1.1" 200 -
2025-11-05 15:29:10,719 - werkzeug - INFO - 127.0.0.1 - - [05/Nov/2025 15:29:10] "GET /storage/screenshots/peoplesoft/screenshot_20251105_125932.png?t=1762367350403 HTTP/1.1" 200 -
2025-11-05 15:29:11,032 - werkzeug - INFO - 127.0.0.1 - - [05/Nov/2025 15:29:11] "GET /storage/screenshots/peoplesoft/screenshot_20251105_125932.png?t=1762367350715 HTTP/1.1" 200 -
2025-11-05 15:29:11,032 - werkzeug - INFO - 127.0.0.1 - - [05/Nov/2025 15:29:11] "GET /storage/screenshots/google/screenshot_20251105_152623.png?t=1762367350714 HTTP/1.1" 200 -
2025-11-05 15:29:11,032 - werkzeug - INFO - 127.0.0.1 - - [05/Nov/2025 15:29:11] "GET /storage/screenshots/google/screenshot_20251105_152623.png?t=1762367350715 HTTP/1.1" 200 -
2025-11-05 15:30:10,384 - werkzeug - INFO - 127.0.0.1 - - [05/Nov/2025 15:30:10] "GET /api/screenshot/peoplesoft HTTP/1.1" 200 -
2025-11-05 15:30:10,390 - werkzeug - INFO - 127.0.0.1 - - [05/Nov/2025 15:30:10] "GET /api/systems/all HTTP/1.1" 200 -
2025-11-05 15:30:10,694 - werkzeug - INFO - 127.0.0.1 - - [05/Nov/2025 15:30:10] "GET /api/screenshot/peoplesoft HTTP/1.1" 200 -
2025-11-05 15:30:10,694 - werkzeug - INFO - 127.0.0.1 - - [05/Nov/2025 15:30:10] "GET /api/screenshot/google HTTP/1.1" 200 -
2025-11-05 15:30:10,694 - werkzeug - INFO - 127.0.0.1 - - [05/Nov/2025 15:30:10] "GET /storage/screenshots/peoplesoft/screenshot_20251105_125932.png?t=1762367410391 HTTP/1.1" 200 -
2025-11-05 15:30:10,694 - werkzeug - INFO - 127.0.0.1 - - [05/Nov/2025 15:30:10] "GET /api/screenshot/google HTTP/1.1" 200 -
2025-11-05 15:30:10,694 - werkzeug - INFO - 127.0.0.1 - - [05/Nov/2025 15:30:10] "GET /api/screenshot/peoplesoft HTTP/1.1" 200 -
2025-11-05 15:30:11,024 - werkzeug - INFO - 127.0.0.1 - - [05/Nov/2025 15:30:11] "GET /storage/screenshots/peoplesoft/screenshot_20251105_125932.png?t=1762367410702 HTTP/1.1" 200 -
2025-11-05 15:30:11,024 - werkzeug - INFO - 127.0.0.1 - - [05/Nov/2025 15:30:11] "GET /storage/screenshots/google/screenshot_20251105_152623.png?t=1762367410704 HTTP/1.1" 200 -
2025-11-05 15:30:11,026 - werkzeug - INFO - 127.0.0.1 - - [05/Nov/2025 15:30:11] "GET /storage/screenshots/google/screenshot_20251105_152623.png?t=1762367410708 HTTP/1.1" 200 -
2025-11-05 15:30:11,270 - werkzeug - INFO - 127.0.0.1 - - [05/Nov/2025 15:30:11] "GET /storage/screenshots/peoplesoft/screenshot_20251105_125932.png?t=1762367410710 HTTP/1.1" 200 -
2025-11-05 15:31:08,447 - apscheduler.executors.default - INFO - Running job "Coleta peoplesoft (trigger: interval[0:05:00], next run at: 2025-11-05 15:36:08 -03)" (scheduled at 2025-11-05 15:31:08.432593-03:00)
2025-11-05 15:31:08,447 - orchestrator.orchestrator - INFO - 🔄 Coletando: peoplesoft
2025-11-05 15:31:08,447 - collectors.peoplesoft_collector - INFO - 📸 Coletando dados: PeopleSoft
2025-11-05 15:31:08,447 - collectors.peoplesoft_collector - INFO - 👀 Modo VISUAL ativado (com interface)
2025-11-05 15:31:08,542 - apscheduler.executors.default - INFO - Running job "Coleta google (trigger: interval[0:05:00], next run at: 2025-11-05 15:36:08 -03)" (scheduled at 2025-11-05 15:31:08.538884-03:00)
2025-11-05 15:31:08,542 - orchestrator.orchestrator - INFO - 🔄 Coletando: google
2025-11-05 15:31:08,542 - collectors.google_collector - INFO - 📸 Coletando dados: Google
2025-11-05 15:31:08,542 - collectors.google_collector - INFO - 🎭 Modo HEADLESS ativado
2025-11-05 15:31:10,244 - collectors.peoplesoft_collector - INFO - ✓ WebDriver inicializado
2025-11-05 15:31:10,245 - collectors.peoplesoft_collector - INFO - 🔐 Fazendo login...
2025-11-05 15:31:10,428 - werkzeug - INFO - 127.0.0.1 - - [05/Nov/2025 15:31:10] "GET /api/screenshot/peoplesoft HTTP/1.1" 200 -
2025-11-05 15:31:10,432 - werkzeug - INFO - 127.0.0.1 - - [05/Nov/2025 15:31:10] "GET /api/systems/all HTTP/1.1" 200 -
2025-11-05 15:31:10,453 - collectors.google_collector - INFO - ✓ WebDriver inicializado
2025-11-05 15:31:10,453 - collectors.google_collector - INFO - Navegando para: https://www.google.com
2025-11-05 15:31:10,676 - collectors.peoplesoft_collector - ERROR - ❌ Erro ao capturar: Message: unknown error: cannot determine loading status
from unknown error: net::ERR_NAME_NOT_RESOLVED
  (Session info: chrome=141.0.7390.123)
Stacktrace:
	GetHandleVerifier [0x0x7ff7095de8e5+80021]
	GetHandleVerifier [0x0x7ff7095de940+80112]
	(No symbol) [0x0x7ff70936060f]
	(No symbol) [0x0x7ff70935d0bf]
	(No symbol) [0x0x7ff70934dae9]
	(No symbol) [0x0x7ff70934f94e]
	(No symbol) [0x0x7ff70934e0d2]
	(No symbol) [0x0x7ff70934d859]
	(No symbol) [0x0x7ff70934d51d]
	(No symbol) [0x0x7ff70934b08c]
	(No symbol) [0x0x7ff70934bb0b]
	(No symbol) [0x0x7ff7093778db]
	(No symbol) [0x0x7ff70936ace0]
	(No symbol) [0x0x7ff70936ab7c]
	(No symbol) [0x0x7ff70935bd85]
	(No symbol) [0x0x7ff70935c273]
	(No symbol) [0x0x7ff70934d985]
	(No symbol) [0x0x7ff70934ebe0]
	(No symbol) [0x0x7ff70934e08e]
	(No symbol) [0x0x7ff70934d859]
	(No symbol) [0x0x7ff70934d51d]
	(No symbol) [0x0x7ff70934b08c]
	(No symbol) [0x0x7ff70934b91c]
	(No symbol) [0x0x7ff7093646da]
	(No symbol) [0x0x7ff70940a47e]
	(No symbol) [0x0x7ff7093e122a]
	(No symbol) [0x0x7ff70940968a]
	(No symbol) [0x0x7ff7093e1003]
	(No symbol) [0x0x7ff7093a95d1]
	(No symbol) [0x0x7ff7093aa3f3]
	GetHandleVerifier [0x0x7ff70989dc7d+2960429]
	GetHandleVerifier [0x0x7ff709897f3a+2936554]
	GetHandleVerifier [0x0x7ff7098b8977+3070247]
	GetHandleVerifier [0x0x7ff7095f83ce+185214]
	GetHandleVerifier [0x0x7ff7095ffe1f+216527]
	GetHandleVerifier [0x0x7ff7095e7b24+117460]
	GetHandleVerifier [0x0x7ff7095e7cdf+117903]
	GetHandleVerifier [0x0x7ff7095cdbb8+11112]
	BaseThreadInitThunk [0x0x7ff96f65e8d7+23]
	RtlUserThreadStart [0x0x7ff96ffac53c+44]

Traceback (most recent call last):
  File "C:\Users\ferib\OneDrive\Documentos\Projetos\process_screen_monitoring\process_screen_monitoring\collectors\peoplesoft_collector.py", line 150, in _capture_and_extract
    self.driver.get(self.base_url)
  File "C:\Users\ferib\AppData\Roaming\Python\Python312\site-packages\selenium\webdriver\remote\webdriver.py", line 356, in get
    self.execute(Command.GET, {"url": url})
  File "C:\Users\ferib\AppData\Roaming\Python\Python312\site-packages\selenium\webdriver\remote\webdriver.py", line 347, in execute
    self.error_handler.check_response(response)
  File "C:\Users\ferib\AppData\Roaming\Python\Python312\site-packages\selenium\webdriver\remote\errorhandler.py", line 229, in check_response
    raise exception_class(message, screen, stacktrace)
selenium.common.exceptions.WebDriverException: Message: unknown error: cannot determine loading status
from unknown error: net::ERR_NAME_NOT_RESOLVED
  (Session info: chrome=141.0.7390.123)
Stacktrace:
	GetHandleVerifier [0x0x7ff7095de8e5+80021]
	GetHandleVerifier [0x0x7ff7095de940+80112]
	(No symbol) [0x0x7ff70936060f]
	(No symbol) [0x0x7ff70935d0bf]
	(No symbol) [0x0x7ff70934dae9]
	(No symbol) [0x0x7ff70934f94e]
	(No symbol) [0x0x7ff70934e0d2]
	(No symbol) [0x0x7ff70934d859]
	(No symbol) [0x0x7ff70934d51d]
	(No symbol) [0x0x7ff70934b08c]
	(No symbol) [0x0x7ff70934bb0b]
	(No symbol) [0x0x7ff7093778db]
	(No symbol) [0x0x7ff70936ace0]
	(No symbol) [0x0x7ff70936ab7c]
	(No symbol) [0x0x7ff70935bd85]
	(No symbol) [0x0x7ff70935c273]
	(No symbol) [0x0x7ff70934d985]
	(No symbol) [0x0x7ff70934ebe0]
	(No symbol) [0x0x7ff70934e08e]
	(No symbol) [0x0x7ff70934d859]
	(No symbol) [0x0x7ff70934d51d]
	(No symbol) [0x0x7ff70934b08c]
	(No symbol) [0x0x7ff70934b91c]
	(No symbol) [0x0x7ff7093646da]
	(No symbol) [0x0x7ff70940a47e]
	(No symbol) [0x0x7ff7093e122a]
	(No symbol) [0x0x7ff70940968a]
	(No symbol) [0x0x7ff7093e1003]
	(No symbol) [0x0x7ff7093a95d1]
	(No symbol) [0x0x7ff7093aa3f3]
	GetHandleVerifier [0x0x7ff70989dc7d+2960429]
	GetHandleVerifier [0x0x7ff709897f3a+2936554]
	GetHandleVerifier [0x0x7ff7098b8977+3070247]
	GetHandleVerifier [0x0x7ff7095f83ce+185214]
	GetHandleVerifier [0x0x7ff7095ffe1f+216527]
	GetHandleVerifier [0x0x7ff7095e7b24+117460]
	GetHandleVerifier [0x0x7ff7095e7cdf+117903]
	GetHandleVerifier [0x0x7ff7095cdbb8+11112]
	BaseThreadInitThunk [0x0x7ff96f65e8d7+23]
	RtlUserThreadStart [0x0x7ff96ffac53c+44]


2025-11-05 15:31:10,754 - werkzeug - INFO - 127.0.0.1 - - [05/Nov/2025 15:31:10] "GET /api/screenshot/google HTTP/1.1" 200 -
2025-11-05 15:31:10,771 - werkzeug - INFO - 127.0.0.1 - - [05/Nov/2025 15:31:10] "GET /api/screenshot/peoplesoft HTTP/1.1" 200 -
2025-11-05 15:31:10,776 - werkzeug - INFO - 127.0.0.1 - - [05/Nov/2025 15:31:10] "GET /api/screenshot/google HTTP/1.1" 200 -
2025-11-05 15:31:10,789 - werkzeug - INFO - 127.0.0.1 - - [05/Nov/2025 15:31:10] "GET /storage/screenshots/peoplesoft/screenshot_20251105_125932.png?t=1762367470451 HTTP/1.1" 200 -
2025-11-05 15:31:10,798 - werkzeug - INFO - 127.0.0.1 - - [05/Nov/2025 15:31:10] "GET /api/screenshot/peoplesoft HTTP/1.1" 200 -
2025-11-05 15:31:11,085 - werkzeug - INFO - 127.0.0.1 - - [05/Nov/2025 15:31:11] "GET /storage/screenshots/google/screenshot_20251105_152623.png?t=1762367470773 HTTP/1.1" 200 -
2025-11-05 15:31:11,114 - werkzeug - INFO - 127.0.0.1 - - [05/Nov/2025 15:31:11] "GET /storage/screenshots/peoplesoft/screenshot_20251105_125932.png?t=1762367470787 HTTP/1.1" 200 -
2025-11-05 15:31:11,141 - werkzeug - INFO - 127.0.0.1 - - [05/Nov/2025 15:31:11] "GET /storage/screenshots/google/screenshot_20251105_152623.png?t=1762367470810 HTTP/1.1" 200 -
2025-11-05 15:31:11,396 - werkzeug - INFO - 127.0.0.1 - - [05/Nov/2025 15:31:11] "GET /storage/screenshots/peoplesoft/screenshot_20251105_125932.png?t=1762367470828 HTTP/1.1" 200 -
2025-11-05 15:31:17,062 - collectors.base_collector - ERROR - ❌ Erro em PeopleSoft: Falha ao capturar dados
2025-11-05 15:31:17,062 - processors.data_processors - INFO - ✓ Dados de peoplesoft processados
2025-11-05 15:31:17,078 - backend.websocket_handlers - INFO - 📡 Broadcasting update: peoplesoft
2025-11-05 15:31:17,078 - orchestrator.orchestrator - INFO - ✓ Coleta concluída: peoplesoft
2025-11-05 15:31:17,078 - apscheduler.executors.default - INFO - Job "Coleta peoplesoft (trigger: interval[0:05:00], next run at: 2025-11-05 15:36:08 -03)" executed successfully
2025-11-05 15:31:23,425 - collectors.google_collector - WARNING - ⚠ Logo do Google não encontrado
2025-11-05 15:31:23,446 - collectors.google_collector - INFO - ✓ Screenshot salvo: storage/screenshots/google/screenshot_20251105_153123.png
2025-11-05 15:31:29,673 - processors.data_processors - INFO - ✓ Dados de google processados
2025-11-05 15:31:29,673 - backend.websocket_handlers - INFO - 📡 Broadcasting update: google
2025-11-05 15:31:29,673 - orchestrator.orchestrator - INFO - ✓ Coleta concluída: google
2025-11-05 15:31:29,673 - apscheduler.executors.default - INFO - Job "Coleta google (trigger: interval[0:05:00], next run at: 2025-11-05 15:36:08 -03)" executed successfully
2025-11-05 15:32:10,389 - werkzeug - INFO - 127.0.0.1 - - [05/Nov/2025 15:32:10] "GET /api/screenshot/peoplesoft HTTP/1.1" 200 -
2025-11-05 15:32:10,706 - werkzeug - INFO - 127.0.0.1 - - [05/Nov/2025 15:32:10] "GET /api/screenshot/peoplesoft HTTP/1.1" 200 -
2025-11-05 15:32:10,711 - werkzeug - INFO - 127.0.0.1 - - [05/Nov/2025 15:32:10] "GET /api/screenshot/google HTTP/1.1" 200 -
2025-11-05 15:32:10,711 - werkzeug - INFO - 127.0.0.1 - - [05/Nov/2025 15:32:10] "GET /api/systems/all HTTP/1.1" 200 -
2025-11-05 15:32:10,711 - werkzeug - INFO - 127.0.0.1 - - [05/Nov/2025 15:32:10] "GET /storage/screenshots/peoplesoft/screenshot_20251105_125932.png?t=1762367530399 HTTP/1.1" 200 -
2025-11-05 15:32:10,968 - werkzeug - INFO - 127.0.0.1 - - [05/Nov/2025 15:32:10] "GET /api/screenshot/google HTTP/1.1" 200 -
2025-11-05 15:32:11,028 - werkzeug - INFO - 127.0.0.1 - - [05/Nov/2025 15:32:11] "GET /api/screenshot/peoplesoft HTTP/1.1" 200 -
2025-11-05 15:32:11,028 - werkzeug - INFO - 127.0.0.1 - - [05/Nov/2025 15:32:11] "GET /storage/screenshots/peoplesoft/screenshot_20251105_125932.png?t=1762367530720 HTTP/1.1" 200 -
2025-11-05 15:32:11,048 - werkzeug - INFO - 127.0.0.1 - - [05/Nov/2025 15:32:11] "GET /storage/screenshots/google/screenshot_20251105_153123.png?t=1762367530722 HTTP/1.1" 200 -
2025-11-05 15:32:11,048 - werkzeug - INFO - 127.0.0.1 - - [05/Nov/2025 15:32:11] "GET /storage/screenshots/google/screenshot_20251105_153123.png?t=1762367530971 HTTP/1.1" 200 -
2025-11-05 15:32:11,284 - werkzeug - INFO - 127.0.0.1 - - [05/Nov/2025 15:32:11] "GET /storage/screenshots/peoplesoft/screenshot_20251105_125932.png?t=1762367531036 HTTP/1.1" 200 -
2025-11-05 15:32:14,379 - __main__ - INFO - 

🛑 Recebido sinal de interrupção...
2025-11-05 15:32:14,379 - orchestrator.orchestrator - INFO - 🛑 Parando orquestrador...
2025-11-05 15:32:14,380 - apscheduler.scheduler - INFO - Scheduler has been shut down
2025-11-05 15:32:14,381 - orchestrator.orchestrator - INFO - ✓ Orquestrador parado
2025-11-05 15:32:14,381 - __main__ - INFO - 👋 Encerrando aplicação...
2025-11-05 15:36:08,451 - storage.local_storage - INFO - ✓ Banco de dados inicializado
2025-11-05 15:36:08,456 - backend.routes - INFO - ✓ Rotas registradas
2025-11-05 15:36:08,456 - backend.websocket_handlers - INFO - ✓ Handlers WebSocket registrados
2025-11-05 15:36:08,456 - backend.app - INFO - ✓ Backend Flask inicializado
2025-11-05 15:36:08,456 - __main__ - INFO - 
============================================================
2025-11-05 15:36:08,456 - __main__ - INFO -     PROCESS MONITOR DASHBOARD
2025-11-05 15:36:08,459 - __main__ - INFO -     Versão 1.0.0
2025-11-05 15:36:08,459 - __main__ - INFO - ============================================================

2025-11-05 15:36:08,460 - __main__ - INFO - ✓ Estrutura de diretórios verificada
2025-11-05 15:36:08,460 - __main__ - INFO - 🔧 Iniciando componentes...
2025-11-05 15:36:08,462 - storage.local_storage - INFO - ✓ Banco de dados inicializado
2025-11-05 15:36:08,462 - orchestrator.orchestrator - INFO - 📋 Orquestrador criado
2025-11-05 15:36:08,462 - orchestrator.orchestrator - INFO - ✓ SocketIO configurado no orquestrador
2025-11-05 15:36:08,463 - orchestrator.orchestrator - INFO - ============================================================
2025-11-05 15:36:08,463 - orchestrator.orchestrator - INFO - 🚀 INICIANDO ORQUESTRADOR
2025-11-05 15:36:08,463 - orchestrator.orchestrator - INFO - ============================================================
2025-11-05 15:36:08,463 - orchestrator.orchestrator - INFO - 🔧 Inicializando coletores...
2025-11-05 15:36:08,464 - collectors.base_collector - INFO - ✓ Coletor PeopleSoft inicializado
2025-11-05 15:36:08,464 - collectors.peoplesoft_collector - INFO - 🔍 DEBUG __init__: Filtros carregados do config:
2025-11-05 15:36:08,464 - collectors.peoplesoft_collector - INFO -    - Total de chaves: 2
2025-11-05 15:36:08,464 - collectors.peoplesoft_collector - INFO -    - Conteúdo: {'status': ['error', 'warning'], 'last_hours': 24}
2025-11-05 15:36:08,466 - orchestrator.orchestrator - INFO - ✓ Coletor peoplesoft inicializado
2025-11-05 15:36:08,466 - orchestrator.orchestrator - WARNING - ⚠ Coletor oracle_fusion não implementado
2025-11-05 15:36:08,467 - orchestrator.orchestrator - WARNING - ⚠ Coletor bonita não implementado
2025-11-05 15:36:08,467 - orchestrator.orchestrator - WARNING - ⚠ Coletor n8n não implementado
2025-11-05 15:36:08,467 - collectors.base_collector - INFO - ✓ Coletor Google inicializado
2025-11-05 15:36:08,467 - collectors.google_collector - INFO - 🔍 GoogleCollector inicializado: Google
2025-11-05 15:36:08,467 - orchestrator.orchestrator - INFO - ✓ Coletor google inicializado
2025-11-05 15:36:08,467 - orchestrator.orchestrator - INFO - ✓ 2 coletores inicializados
2025-11-05 15:36:08,467 - orchestrator.orchestrator - INFO - 📅 Agendando jobs de coleta...
2025-11-05 15:36:11,462 - __main__ - INFO - 
============================================================
2025-11-05 15:36:11,462 - __main__ - INFO - ✓ Dashboard disponível em: http://localhost:5000
2025-11-05 15:36:11,462 - __main__ - INFO - ✓ Versão TV disponível em: http://localhost:5000/tv
2025-11-05 15:36:11,462 - __main__ - INFO - ============================================================

2025-11-05 15:36:11,462 - __main__ - INFO - 🌐 Iniciando servidor web...
2025-11-05 15:36:11,541 - werkzeug - INFO - [31m[1mWARNING: This is a development server. Do not use it in a production deployment. Use a production WSGI server instead.[0m
 * Running on all addresses (0.0.0.0)
 * Running on http://127.0.0.1:5000
 * Running on http://192.168.0.157:5000
2025-11-05 15:36:11,547 - werkzeug - INFO - [33mPress CTRL+C to quit[0m
2025-11-05 15:36:11,699 - werkzeug - INFO - 127.0.0.1 - - [05/Nov/2025 15:36:11] "GET /api/systems/all HTTP/1.1" 200 -
2025-11-05 15:36:11,702 - werkzeug - INFO - 127.0.0.1 - - [05/Nov/2025 15:36:11] "GET /tv HTTP/1.1" 200 -
2025-11-05 15:36:11,716 - werkzeug - INFO - 127.0.0.1 - - [05/Nov/2025 15:36:11] "GET /api/screenshot/google HTTP/1.1" 200 -
2025-11-05 15:36:11,719 - werkzeug - INFO - 127.0.0.1 - - [05/Nov/2025 15:36:11] "GET /api/screenshot/peoplesoft HTTP/1.1" 200 -
2025-11-05 15:36:11,725 - werkzeug - INFO - 127.0.0.1 - - [05/Nov/2025 15:36:11] "GET /api/systems/all HTTP/1.1" 200 -
2025-11-05 15:36:11,727 - werkzeug - INFO - 127.0.0.1 - - [05/Nov/2025 15:36:11] "GET /api/screenshot/google HTTP/1.1" 200 -
2025-11-05 15:36:11,962 - werkzeug - INFO - 127.0.0.1 - - [05/Nov/2025 15:36:11] "GET /api/systems/all HTTP/1.1" 200 -
2025-11-05 15:36:12,011 - werkzeug - INFO - 127.0.0.1 - - [05/Nov/2025 15:36:12] "GET /storage/screenshots/peoplesoft/screenshot_20251105_125932.png?t=1762367771731 HTTP/1.1" 200 -
2025-11-05 15:36:12,733 - apscheduler.scheduler - INFO - Adding job tentatively -- it will be properly scheduled when the scheduler starts
2025-11-05 15:36:12,733 - orchestrator.orchestrator - INFO - ✓ Job agendado: peoplesoft a cada 300s
2025-11-05 15:36:12,734 - apscheduler.scheduler - INFO - Adding job tentatively -- it will be properly scheduled when the scheduler starts
2025-11-05 15:36:12,734 - orchestrator.orchestrator - INFO - ✓ Job agendado: google a cada 300s
2025-11-05 15:36:12,741 - apscheduler.scheduler - INFO - Adding job tentatively -- it will be properly scheduled when the scheduler starts
2025-11-05 15:36:12,741 - orchestrator.orchestrator - INFO - ✓ Jobs agendados
2025-11-05 15:36:12,767 - apscheduler.scheduler - INFO - Added job "Coleta peoplesoft" to job store "default"
2025-11-05 15:36:12,768 - apscheduler.scheduler - INFO - Added job "Coleta google" to job store "default"
2025-11-05 15:36:12,769 - apscheduler.scheduler - INFO - Added job "Limpeza diária" to job store "default"
2025-11-05 15:36:12,769 - apscheduler.scheduler - INFO - Scheduler started
2025-11-05 15:36:12,770 - orchestrator.orchestrator - INFO - ✓ Orquestrador ativo!
2025-11-05 15:36:12,770 - apscheduler.executors.default - INFO - Running job "Coleta peoplesoft (trigger: interval[0:05:00], next run at: 2025-11-05 15:41:12 -03)" (scheduled at 2025-11-05 15:36:12.732886-03:00)
2025-11-05 15:36:12,771 - apscheduler.executors.default - INFO - Running job "Coleta google (trigger: interval[0:05:00], next run at: 2025-11-05 15:41:12 -03)" (scheduled at 2025-11-05 15:36:12.733532-03:00)
2025-11-05 15:36:12,771 - orchestrator.orchestrator - INFO - 🔄 Coletando: peoplesoft
2025-11-05 15:36:12,771 - orchestrator.orchestrator - INFO - 
📋 Jobs agendados (3):
2025-11-05 15:36:12,771 - orchestrator.orchestrator - INFO - 🔄 Coletando: google
2025-11-05 15:36:12,771 - collectors.peoplesoft_collector - INFO - 📸 Coletando dados: PeopleSoft
2025-11-05 15:36:12,771 - orchestrator.orchestrator - INFO -   • Coleta peoplesoft | próxima execução: 2025-11-05 15:41:12.732886-03:00
2025-11-05 15:36:12,771 - collectors.google_collector - INFO - 📸 Coletando dados: Google
2025-11-05 15:36:12,771 - collectors.peoplesoft_collector - INFO - 👀 Modo VISUAL ativado (com interface)
2025-11-05 15:36:12,771 - orchestrator.orchestrator - INFO -   • Coleta google | próxima execução: 2025-11-05 15:41:12.733532-03:00
2025-11-05 15:36:12,773 - collectors.google_collector - INFO - 🎭 Modo HEADLESS ativado
2025-11-05 15:36:12,773 - orchestrator.orchestrator - INFO -   • Limpeza diária | próxima execução: 2025-11-06 02:00:00-03:00
2025-11-05 15:36:13,301 - werkzeug - INFO - 127.0.0.1 - - [05/Nov/2025 15:36:13] "GET /tv HTTP/1.1" 200 -
2025-11-05 15:36:13,322 - werkzeug - INFO - 127.0.0.1 - - [05/Nov/2025 15:36:13] "GET /api/systems/all HTTP/1.1" 200 -
2025-11-05 15:36:13,660 - werkzeug - INFO - 127.0.0.1 - - [05/Nov/2025 15:36:13] "GET /api/screenshot/peoplesoft HTTP/1.1" 200 -
2025-11-05 15:36:13,661 - werkzeug - INFO - 127.0.0.1 - - [05/Nov/2025 15:36:13] "GET /api/screenshot/google HTTP/1.1" 200 -
2025-11-05 15:36:13,895 - werkzeug - INFO - 127.0.0.1 - - [05/Nov/2025 15:36:13] "GET /storage/screenshots/peoplesoft/screenshot_20251105_125932.png?t=1762367773665 HTTP/1.1" 200 -
2025-11-05 15:36:13,977 - werkzeug - INFO - 127.0.0.1 - - [05/Nov/2025 15:36:13] "GET /storage/screenshots/google/screenshot_20251105_153123.png?t=1762367773666 HTTP/1.1" 200 -
2025-11-05 15:36:14,276 - werkzeug - INFO - 127.0.0.1 - - [05/Nov/2025 15:36:14] "GET /tv HTTP/1.1" 200 -
2025-11-05 15:36:14,732 - werkzeug - INFO - 127.0.0.1 - - [05/Nov/2025 15:36:14] "GET /api/systems/all HTTP/1.1" 200 -
2025-11-05 15:36:14,802 - collectors.google_collector - INFO - ✓ WebDriver inicializado
2025-11-05 15:36:14,807 - collectors.google_collector - INFO - Navegando para: https://www.google.com
2025-11-05 15:36:14,821 - collectors.peoplesoft_collector - INFO - ✓ WebDriver inicializado
2025-11-05 15:36:14,823 - collectors.peoplesoft_collector - INFO - 🔐 Fazendo login...
2025-11-05 15:36:14,984 - werkzeug - INFO - 127.0.0.1 - - [05/Nov/2025 15:36:14] "GET /api/screenshot/google HTTP/1.1" 200 -
2025-11-05 15:36:15,077 - werkzeug - INFO - 127.0.0.1 - - [05/Nov/2025 15:36:15] "GET /api/screenshot/peoplesoft HTTP/1.1" 200 -
2025-11-05 15:36:15,077 - werkzeug - INFO - 127.0.0.1 - - [05/Nov/2025 15:36:15] "GET /storage/screenshots/google/screenshot_20251105_153123.png?t=1762367774987 HTTP/1.1" 200 -
2025-11-05 15:36:15,293 - werkzeug - INFO - 127.0.0.1 - - [05/Nov/2025 15:36:15] "GET /storage/screenshots/peoplesoft/screenshot_20251105_125932.png?t=1762367775082 HTTP/1.1" 200 -
2025-11-05 15:36:15,404 - werkzeug - INFO - 127.0.0.1 - - [05/Nov/2025 15:36:15] "GET /tv HTTP/1.1" 200 -
2025-11-05 15:36:15,590 - collectors.peoplesoft_collector - ERROR - ❌ Erro ao capturar: Message: unknown error: net::ERR_NAME_NOT_RESOLVED
  (Session info: chrome=141.0.7390.123)
Stacktrace:
	GetHandleVerifier [0x0x7ff7095de8e5+80021]
	GetHandleVerifier [0x0x7ff7095de940+80112]
	(No symbol) [0x0x7ff70936060f]
	(No symbol) [0x0x7ff70935d0bf]
	(No symbol) [0x0x7ff70934dae9]
	(No symbol) [0x0x7ff70934f94e]
	(No symbol) [0x0x7ff70934e0d2]
	(No symbol) [0x0x7ff70934d859]
	(No symbol) [0x0x7ff70934d51d]
	(No symbol) [0x0x7ff70934b08c]
	(No symbol) [0x0x7ff70934b91c]
	(No symbol) [0x0x7ff7093646da]
	(No symbol) [0x0x7ff70940a47e]
	(No symbol) [0x0x7ff7093e122a]
	(No symbol) [0x0x7ff70940968a]
	(No symbol) [0x0x7ff7093e1003]
	(No symbol) [0x0x7ff7093a95d1]
	(No symbol) [0x0x7ff7093aa3f3]
	GetHandleVerifier [0x0x7ff70989dc7d+2960429]
	GetHandleVerifier [0x0x7ff709897f3a+2936554]
	GetHandleVerifier [0x0x7ff7098b8977+3070247]
	GetHandleVerifier [0x0x7ff7095f83ce+185214]
	GetHandleVerifier [0x0x7ff7095ffe1f+216527]
	GetHandleVerifier [0x0x7ff7095e7b24+117460]
	GetHandleVerifier [0x0x7ff7095e7cdf+117903]
	GetHandleVerifier [0x0x7ff7095cdbb8+11112]
	BaseThreadInitThunk [0x0x7ff96f65e8d7+23]
	RtlUserThreadStart [0x0x7ff96ffac53c+44]

Traceback (most recent call last):
  File "C:\Users\ferib\OneDrive\Documentos\Projetos\process_screen_monitoring\process_screen_monitoring\collectors\peoplesoft_collector.py", line 150, in _capture_and_extract
    self.driver.get(self.base_url)
  File "C:\Users\ferib\AppData\Roaming\Python\Python312\site-packages\selenium\webdriver\remote\webdriver.py", line 356, in get
    self.execute(Command.GET, {"url": url})
  File "C:\Users\ferib\AppData\Roaming\Python\Python312\site-packages\selenium\webdriver\remote\webdriver.py", line 347, in execute
    self.error_handler.check_response(response)
  File "C:\Users\ferib\AppData\Roaming\Python\Python312\site-packages\selenium\webdriver\remote\errorhandler.py", line 229, in check_response
    raise exception_class(message, screen, stacktrace)
selenium.common.exceptions.WebDriverException: Message: unknown error: net::ERR_NAME_NOT_RESOLVED
  (Session info: chrome=141.0.7390.123)
Stacktrace:
	GetHandleVerifier [0x0x7ff7095de8e5+80021]
	GetHandleVerifier [0x0x7ff7095de940+80112]
	(No symbol) [0x0x7ff70936060f]
	(No symbol) [0x0x7ff70935d0bf]
	(No symbol) [0x0x7ff70934dae9]
	(No symbol) [0x0x7ff70934f94e]
	(No symbol) [0x0x7ff70934e0d2]
	(No symbol) [0x0x7ff70934d859]
	(No symbol) [0x0x7ff70934d51d]
	(No symbol) [0x0x7ff70934b08c]
	(No symbol) [0x0x7ff70934b91c]
	(No symbol) [0x0x7ff7093646da]
	(No symbol) [0x0x7ff70940a47e]
	(No symbol) [0x0x7ff7093e122a]
	(No symbol) [0x0x7ff70940968a]
	(No symbol) [0x0x7ff7093e1003]
	(No symbol) [0x0x7ff7093a95d1]
	(No symbol) [0x0x7ff7093aa3f3]
	GetHandleVerifier [0x0x7ff70989dc7d+2960429]
	GetHandleVerifier [0x0x7ff709897f3a+2936554]
	GetHandleVerifier [0x0x7ff7098b8977+3070247]
	GetHandleVerifier [0x0x7ff7095f83ce+185214]
	GetHandleVerifier [0x0x7ff7095ffe1f+216527]
	GetHandleVerifier [0x0x7ff7095e7b24+117460]
	GetHandleVerifier [0x0x7ff7095e7cdf+117903]
	GetHandleVerifier [0x0x7ff7095cdbb8+11112]
	BaseThreadInitThunk [0x0x7ff96f65e8d7+23]
	RtlUserThreadStart [0x0x7ff96ffac53c+44]


2025-11-05 15:36:15,652 - werkzeug - INFO - 127.0.0.1 - - [05/Nov/2025 15:36:15] "GET /api/systems/all HTTP/1.1" 200 -
2025-11-05 15:36:15,786 - werkzeug - INFO - 127.0.0.1 - - [05/Nov/2025 15:36:15] "GET /api/screenshot/google HTTP/1.1" 200 -
2025-11-05 15:36:15,972 - werkzeug - INFO - 127.0.0.1 - - [05/Nov/2025 15:36:15] "GET /api/screenshot/peoplesoft HTTP/1.1" 200 -
2025-11-05 15:36:15,973 - werkzeug - INFO - 127.0.0.1 - - [05/Nov/2025 15:36:15] "GET /storage/screenshots/google/screenshot_20251105_153123.png?t=1762367775791 HTTP/1.1" 200 -
2025-11-05 15:36:16,096 - werkzeug - INFO - 127.0.0.1 - - [05/Nov/2025 15:36:16] "GET /storage/screenshots/peoplesoft/screenshot_20251105_125932.png?t=1762367775975 HTTP/1.1" 200 -
2025-11-05 15:36:21,895 - collectors.base_collector - ERROR - ❌ Erro em PeopleSoft: Falha ao capturar dados
2025-11-05 15:36:21,895 - processors.data_processors - INFO - ✓ Dados de peoplesoft processados
2025-11-05 15:36:21,912 - backend.websocket_handlers - INFO - 📡 Broadcasting update: peoplesoft
2025-11-05 15:36:21,912 - orchestrator.orchestrator - INFO - ✓ Coleta concluída: peoplesoft
2025-11-05 15:36:21,912 - apscheduler.executors.default - INFO - Job "Coleta peoplesoft (trigger: interval[0:05:00], next run at: 2025-11-05 15:41:12 -03)" executed successfully
2025-11-05 15:36:25,428 - werkzeug - INFO - 127.0.0.1 - - [05/Nov/2025 15:36:25] "GET /api/systems/all HTTP/1.1" 200 -
2025-11-05 15:36:25,752 - werkzeug - INFO - 127.0.0.1 - - [05/Nov/2025 15:36:25] "GET /tv HTTP/1.1" 200 -
2025-11-05 15:36:25,754 - werkzeug - INFO - 127.0.0.1 - - [05/Nov/2025 15:36:25] "GET /api/screenshot/google HTTP/1.1" 200 -
2025-11-05 15:36:25,848 - werkzeug - INFO - 127.0.0.1 - - [05/Nov/2025 15:36:25] "GET /api/systems/all HTTP/1.1" 200 -
2025-11-05 15:36:25,999 - werkzeug - INFO - 127.0.0.1 - - [05/Nov/2025 15:36:25] "GET /api/screenshot/google HTTP/1.1" 200 -
2025-11-05 15:36:26,075 - werkzeug - INFO - 127.0.0.1 - - [05/Nov/2025 15:36:26] "GET /api/screenshot/peoplesoft HTTP/1.1" 200 -
2025-11-05 15:36:26,157 - werkzeug - INFO - 127.0.0.1 - - [05/Nov/2025 15:36:26] "GET /storage/screenshots/google/screenshot_20251105_153123.png?t=1762367786003 HTTP/1.1" 200 -
2025-11-05 15:36:26,157 - werkzeug - INFO - 127.0.0.1 - - [05/Nov/2025 15:36:26] "GET /storage/screenshots/peoplesoft/screenshot_20251105_125932.png?t=1762367786079 HTTP/1.1" 200 -
2025-11-05 15:36:27,197 - collectors.google_collector - WARNING - ⚠ Logo do Google não encontrado
2025-11-05 15:36:27,234 - collectors.google_collector - INFO - ✓ Screenshot salvo: storage/screenshots/google/screenshot_20251105_153627.png
2025-11-05 15:36:33,417 - processors.data_processors - INFO - ✓ Dados de google processados
2025-11-05 15:36:33,464 - backend.websocket_handlers - INFO - 📡 Broadcasting update: google
2025-11-05 15:36:33,465 - orchestrator.orchestrator - INFO - ✓ Coleta concluída: google
2025-11-05 15:36:33,467 - apscheduler.executors.default - INFO - Job "Coleta google (trigger: interval[0:05:00], next run at: 2025-11-05 15:41:12 -03)" executed successfully
2025-11-05 15:36:36,691 - werkzeug - INFO - 127.0.0.1 - - [05/Nov/2025 15:36:36] "GET /api/systems/all HTTP/1.1" 200 -
2025-11-05 15:36:36,955 - werkzeug - INFO - 127.0.0.1 - - [05/Nov/2025 15:36:36] "GET /api/screenshot/google HTTP/1.1" 200 -
2025-11-05 15:36:37,002 - werkzeug - INFO - 127.0.0.1 - - [05/Nov/2025 15:36:37] "GET /api/screenshot/peoplesoft HTTP/1.1" 200 -
2025-11-05 15:36:37,021 - werkzeug - INFO - 127.0.0.1 - - [05/Nov/2025 15:36:37] "GET /storage/screenshots/google/screenshot_20251105_153627.png?t=1762367796958 HTTP/1.1" 200 -
2025-11-05 15:36:37,262 - werkzeug - INFO - 127.0.0.1 - - [05/Nov/2025 15:36:37] "GET /storage/screenshots/peoplesoft/screenshot_20251105_125932.png?t=1762367797008 HTTP/1.1" 200 -
2025-11-05 15:36:41,393 - werkzeug - INFO - 127.0.0.1 - - [05/Nov/2025 15:36:41] "GET /api/screenshot/google HTTP/1.1" 200 -
2025-11-05 15:36:41,708 - werkzeug - INFO - 127.0.0.1 - - [05/Nov/2025 15:36:41] "GET /api/screenshot/peoplesoft HTTP/1.1" 200 -
2025-11-05 15:36:41,708 - werkzeug - INFO - 127.0.0.1 - - [05/Nov/2025 15:36:41] "GET /storage/screenshots/google/screenshot_20251105_153627.png?t=1762367801395 HTTP/1.1" 200 -
2025-11-05 15:36:42,027 - werkzeug - INFO - 127.0.0.1 - - [05/Nov/2025 15:36:42] "GET /storage/screenshots/peoplesoft/screenshot_20251105_125932.png?t=1762367801714 HTTP/1.1" 200 -
2025-11-05 15:36:46,377 - werkzeug - INFO - 127.0.0.1 - - [05/Nov/2025 15:36:46] "GET /api/systems/all HTTP/1.1" 200 -
2025-11-05 15:36:46,698 - werkzeug - INFO - 127.0.0.1 - - [05/Nov/2025 15:36:46] "GET /api/screenshot/google HTTP/1.1" 200 -
2025-11-05 15:36:46,698 - werkzeug - INFO - 127.0.0.1 - - [05/Nov/2025 15:36:46] "GET /api/screenshot/peoplesoft HTTP/1.1" 200 -
2025-11-05 15:36:46,949 - werkzeug - INFO - 127.0.0.1 - - [05/Nov/2025 15:36:46] "GET /storage/screenshots/google/screenshot_20251105_153627.png?t=1762367806703 HTTP/1.1" 200 -
2025-11-05 15:36:47,018 - werkzeug - INFO - 127.0.0.1 - - [05/Nov/2025 15:36:47] "GET /storage/screenshots/peoplesoft/screenshot_20251105_125932.png?t=1762367806703 HTTP/1.1" 200 -
2025-11-05 15:36:56,381 - werkzeug - INFO - 127.0.0.1 - - [05/Nov/2025 15:36:56] "GET /api/systems/all HTTP/1.1" 200 -
2025-11-05 15:36:56,688 - werkzeug - INFO - 127.0.0.1 - - [05/Nov/2025 15:36:56] "GET /api/screenshot/google HTTP/1.1" 200 -
2025-11-05 15:36:56,688 - werkzeug - INFO - 127.0.0.1 - - [05/Nov/2025 15:36:56] "GET /api/screenshot/google HTTP/1.1" 200 -
2025-11-05 15:36:56,688 - werkzeug - INFO - 127.0.0.1 - - [05/Nov/2025 15:36:56] "GET /api/screenshot/peoplesoft HTTP/1.1" 200 -
2025-11-05 15:36:56,688 - werkzeug - INFO - 127.0.0.1 - - [05/Nov/2025 15:36:56] "GET /api/screenshot/peoplesoft HTTP/1.1" 200 -
2025-11-05 15:36:57,027 - werkzeug - INFO - 127.0.0.1 - - [05/Nov/2025 15:36:57] "GET /storage/screenshots/google/screenshot_20251105_153627.png?t=1762367816707 HTTP/1.1" 200 -
2025-11-05 15:36:57,029 - werkzeug - INFO - 127.0.0.1 - - [05/Nov/2025 15:36:57] "GET /storage/screenshots/peoplesoft/screenshot_20251105_125932.png?t=1762367816709 HTTP/1.1" 200 -
2025-11-05 15:36:57,031 - werkzeug - INFO - 127.0.0.1 - - [05/Nov/2025 15:36:57] "GET /storage/screenshots/google/screenshot_20251105_153627.png?t=1762367816708 HTTP/1.1" 200 -
2025-11-05 15:37:06,387 - werkzeug - INFO - 127.0.0.1 - - [05/Nov/2025 15:37:06] "GET /api/systems/all HTTP/1.1" 200 -
2025-11-05 15:37:06,706 - werkzeug - INFO - 127.0.0.1 - - [05/Nov/2025 15:37:06] "GET /api/screenshot/google HTTP/1.1" 200 -
2025-11-05 15:37:06,706 - werkzeug - INFO - 127.0.0.1 - - [05/Nov/2025 15:37:06] "GET /api/screenshot/peoplesoft HTTP/1.1" 200 -
2025-11-05 15:37:06,963 - werkzeug - INFO - 127.0.0.1 - - [05/Nov/2025 15:37:06] "GET /storage/screenshots/google/screenshot_20251105_153627.png?t=1762367826714 HTTP/1.1" 200 -
2025-11-05 15:37:07,030 - werkzeug - INFO - 127.0.0.1 - - [05/Nov/2025 15:37:07] "GET /storage/screenshots/peoplesoft/screenshot_20251105_125932.png?t=1762367826714 HTTP/1.1" 200 -
2025-11-05 15:37:10,683 - werkzeug - INFO - 127.0.0.1 - - [05/Nov/2025 15:37:10] "GET /api/screenshot/peoplesoft HTTP/1.1" 200 -
2025-11-05 15:37:10,951 - werkzeug - INFO - 127.0.0.1 - - [05/Nov/2025 15:37:10] "GET /storage/screenshots/peoplesoft/screenshot_20251105_125932.png?t=1762367830688 HTTP/1.1" 200 -
2025-11-05 15:37:11,380 - werkzeug - INFO - 127.0.0.1 - - [05/Nov/2025 15:37:11] "GET /api/screenshot/google HTTP/1.1" 200 -
2025-11-05 15:37:11,685 - werkzeug - INFO - 127.0.0.1 - - [05/Nov/2025 15:37:11] "GET /api/screenshot/peoplesoft HTTP/1.1" 200 -
2025-11-05 15:37:11,690 - werkzeug - INFO - 127.0.0.1 - - [05/Nov/2025 15:37:11] "GET /storage/screenshots/google/screenshot_20251105_153627.png?t=1762367831383 HTTP/1.1" 200 -
2025-11-05 15:37:12,006 - werkzeug - INFO - 127.0.0.1 - - [05/Nov/2025 15:37:12] "GET /storage/screenshots/peoplesoft/screenshot_20251105_125932.png?t=1762367831691 HTTP/1.1" 200 -
2025-11-05 15:37:16,377 - werkzeug - INFO - 127.0.0.1 - - [05/Nov/2025 15:37:16] "GET /api/systems/all HTTP/1.1" 200 -
2025-11-05 15:37:16,699 - werkzeug - INFO - 127.0.0.1 - - [05/Nov/2025 15:37:16] "GET /api/screenshot/google HTTP/1.1" 200 -
2025-11-05 15:37:16,699 - werkzeug - INFO - 127.0.0.1 - - [05/Nov/2025 15:37:16] "GET /api/screenshot/peoplesoft HTTP/1.1" 200 -
2025-11-05 15:37:16,950 - werkzeug - INFO - 127.0.0.1 - - [05/Nov/2025 15:37:16] "GET /storage/screenshots/google/screenshot_20251105_153627.png?t=1762367836706 HTTP/1.1" 200 -
2025-11-05 15:37:17,036 - werkzeug - INFO - 127.0.0.1 - - [05/Nov/2025 15:37:17] "GET /storage/screenshots/peoplesoft/screenshot_20251105_125932.png?t=1762367836706 HTTP/1.1" 200 -
2025-11-05 15:37:26,381 - werkzeug - INFO - 127.0.0.1 - - [05/Nov/2025 15:37:26] "GET /api/systems/all HTTP/1.1" 200 -
2025-11-05 15:37:26,690 - werkzeug - INFO - 127.0.0.1 - - [05/Nov/2025 15:37:26] "GET /api/screenshot/peoplesoft HTTP/1.1" 200 -
2025-11-05 15:37:26,690 - werkzeug - INFO - 127.0.0.1 - - [05/Nov/2025 15:37:26] "GET /api/screenshot/google HTTP/1.1" 200 -
2025-11-05 15:37:26,699 - werkzeug - INFO - 127.0.0.1 - - [05/Nov/2025 15:37:26] "GET /api/screenshot/google HTTP/1.1" 200 -
2025-11-05 15:37:26,699 - werkzeug - INFO - 127.0.0.1 - - [05/Nov/2025 15:37:26] "GET /api/screenshot/peoplesoft HTTP/1.1" 200 -
2025-11-05 15:37:27,004 - werkzeug - INFO - 127.0.0.1 - - [05/Nov/2025 15:37:27] "GET /storage/screenshots/peoplesoft/screenshot_20251105_125932.png?t=1762367846696 HTTP/1.1" 200 -
2025-11-05 15:37:27,004 - werkzeug - INFO - 127.0.0.1 - - [05/Nov/2025 15:37:27] "GET /storage/screenshots/google/screenshot_20251105_153627.png?t=1762367846697 HTTP/1.1" 200 -
2025-11-05 15:37:27,009 - werkzeug - INFO - 127.0.0.1 - - [05/Nov/2025 15:37:27] "GET /storage/screenshots/google/screenshot_20251105_153627.png?t=1762367846703 HTTP/1.1" 200 -
2025-11-05 15:37:27,318 - werkzeug - INFO - 127.0.0.1 - - [05/Nov/2025 15:37:27] "GET /storage/screenshots/peoplesoft/screenshot_20251105_125932.png?t=1762367846704 HTTP/1.1" 200 -
2025-11-05 15:37:41,700 - werkzeug - INFO - 127.0.0.1 - - [05/Nov/2025 15:37:41] "GET /api/screenshot/google HTTP/1.1" 200 -
2025-11-05 15:37:41,700 - werkzeug - INFO - 127.0.0.1 - - [05/Nov/2025 15:37:41] "GET /api/screenshot/peoplesoft HTTP/1.1" 200 -
2025-11-05 15:37:41,947 - werkzeug - INFO - 127.0.0.1 - - [05/Nov/2025 15:37:41] "GET /storage/screenshots/google/screenshot_20251105_153627.png?t=1762367861704 HTTP/1.1" 200 -
2025-11-05 15:37:42,013 - werkzeug - INFO - 127.0.0.1 - - [05/Nov/2025 15:37:42] "GET /storage/screenshots/peoplesoft/screenshot_20251105_125932.png?t=1762367861704 HTTP/1.1" 200 -
2025-11-05 15:37:56,387 - werkzeug - INFO - 127.0.0.1 - - [05/Nov/2025 15:37:56] "GET /api/screenshot/google HTTP/1.1" 200 -
2025-11-05 15:37:56,702 - werkzeug - INFO - 127.0.0.1 - - [05/Nov/2025 15:37:56] "GET /api/screenshot/peoplesoft HTTP/1.1" 200 -
2025-11-05 15:37:56,703 - werkzeug - INFO - 127.0.0.1 - - [05/Nov/2025 15:37:56] "GET /storage/screenshots/google/screenshot_20251105_153627.png?t=1762367876393 HTTP/1.1" 200 -
2025-11-05 15:37:57,018 - werkzeug - INFO - 127.0.0.1 - - [05/Nov/2025 15:37:57] "GET /storage/screenshots/peoplesoft/screenshot_20251105_125932.png?t=1762367876706 HTTP/1.1" 200 -
2025-11-05 15:38:10,393 - werkzeug - INFO - 127.0.0.1 - - [05/Nov/2025 15:38:10] "GET /api/screenshot/peoplesoft HTTP/1.1" 200 -
2025-11-05 15:38:10,393 - werkzeug - INFO - 127.0.0.1 - - [05/Nov/2025 15:38:10] "GET /api/systems/all HTTP/1.1" 200 -
2025-11-05 15:38:10,721 - werkzeug - INFO - 127.0.0.1 - - [05/Nov/2025 15:38:10] "GET /api/screenshot/google HTTP/1.1" 200 -
2025-11-05 15:38:10,721 - werkzeug - INFO - 127.0.0.1 - - [05/Nov/2025 15:38:10] "GET /api/screenshot/peoplesoft HTTP/1.1" 200 -
2025-11-05 15:38:10,721 - werkzeug - INFO - 127.0.0.1 - - [05/Nov/2025 15:38:10] "GET /storage/screenshots/peoplesoft/screenshot_20251105_125932.png?t=1762367890407 HTTP/1.1" 200 -
2025-11-05 15:38:10,975 - werkzeug - INFO - 127.0.0.1 - - [05/Nov/2025 15:38:10] "GET /storage/screenshots/google/screenshot_20251105_153627.png?t=1762367890726 HTTP/1.1" 200 -
2025-11-05 15:38:11,043 - werkzeug - INFO - 127.0.0.1 - - [05/Nov/2025 15:38:11] "GET /storage/screenshots/peoplesoft/screenshot_20251105_125932.png?t=1762367890727 HTTP/1.1" 200 -
2025-11-05 15:38:39,540 - __main__ - INFO - 

🛑 Recebido sinal de interrupção...
2025-11-05 15:38:39,540 - orchestrator.orchestrator - INFO - 🛑 Parando orquestrador...
2025-11-05 15:38:39,540 - apscheduler.scheduler - INFO - Scheduler has been shut down
2025-11-05 15:38:39,540 - orchestrator.orchestrator - INFO - ✓ Orquestrador parado
2025-11-05 15:38:39,540 - __main__ - INFO - 👋 Encerrando aplicação...
2025-11-05 15:38:42,743 - storage.local_storage - INFO - ✓ Banco de dados inicializado
2025-11-05 15:38:42,743 - backend.routes - INFO - ✓ Rotas registradas
2025-11-05 15:38:42,743 - backend.websocket_handlers - INFO - ✓ Handlers WebSocket registrados
2025-11-05 15:38:42,743 - backend.app - INFO - ✓ Backend Flask inicializado
2025-11-05 15:38:42,743 - __main__ - INFO - 
============================================================
2025-11-05 15:38:42,751 - __main__ - INFO -     PROCESS MONITOR DASHBOARD
2025-11-05 15:38:42,751 - __main__ - INFO -     Versão 1.0.0
2025-11-05 15:38:42,751 - __main__ - INFO - ============================================================

2025-11-05 15:38:42,752 - __main__ - INFO - ✓ Estrutura de diretórios verificada
2025-11-05 15:38:42,752 - __main__ - INFO - 🔧 Iniciando componentes...
2025-11-05 15:38:42,754 - storage.local_storage - INFO - ✓ Banco de dados inicializado
2025-11-05 15:38:42,754 - orchestrator.orchestrator - INFO - 📋 Orquestrador criado
2025-11-05 15:38:42,754 - orchestrator.orchestrator - INFO - ✓ SocketIO configurado no orquestrador
2025-11-05 15:38:42,754 - orchestrator.orchestrator - INFO - ============================================================
2025-11-05 15:38:42,754 - orchestrator.orchestrator - INFO - 🚀 INICIANDO ORQUESTRADOR
2025-11-05 15:38:42,755 - orchestrator.orchestrator - INFO - ============================================================
2025-11-05 15:38:42,755 - orchestrator.orchestrator - INFO - 🔧 Inicializando coletores...
2025-11-05 15:38:42,755 - collectors.base_collector - INFO - ✓ Coletor PeopleSoft inicializado
2025-11-05 15:38:42,755 - collectors.peoplesoft_collector - INFO - 🔍 DEBUG __init__: Filtros carregados do config:
2025-11-05 15:38:42,755 - collectors.peoplesoft_collector - INFO -    - Total de chaves: 2
2025-11-05 15:38:42,755 - collectors.peoplesoft_collector - INFO -    - Conteúdo: {'status': ['error', 'warning'], 'last_hours': 24}
2025-11-05 15:38:42,755 - orchestrator.orchestrator - INFO - ✓ Coletor peoplesoft inicializado
2025-11-05 15:38:42,755 - orchestrator.orchestrator - WARNING - ⚠ Coletor oracle_fusion não implementado
2025-11-05 15:38:42,755 - orchestrator.orchestrator - WARNING - ⚠ Coletor bonita não implementado
2025-11-05 15:38:42,755 - orchestrator.orchestrator - WARNING - ⚠ Coletor n8n não implementado
2025-11-05 15:38:42,755 - collectors.base_collector - INFO - ✓ Coletor Google inicializado
2025-11-05 15:38:42,755 - collectors.google_collector - INFO - 🔍 GoogleCollector inicializado: Google
2025-11-05 15:38:42,755 - orchestrator.orchestrator - INFO - ✓ Coletor google inicializado
2025-11-05 15:38:42,755 - orchestrator.orchestrator - INFO - ✓ 2 coletores inicializados
2025-11-05 15:38:42,755 - orchestrator.orchestrator - INFO - 📅 Agendando jobs de coleta...
2025-11-05 15:38:42,814 - apscheduler.scheduler - INFO - Adding job tentatively -- it will be properly scheduled when the scheduler starts
2025-11-05 15:38:42,814 - orchestrator.orchestrator - INFO - ✓ Job agendado: peoplesoft a cada 300s
2025-11-05 15:38:42,814 - apscheduler.scheduler - INFO - Adding job tentatively -- it will be properly scheduled when the scheduler starts
2025-11-05 15:38:42,814 - orchestrator.orchestrator - INFO - ✓ Job agendado: google a cada 300s
2025-11-05 15:38:42,819 - apscheduler.scheduler - INFO - Adding job tentatively -- it will be properly scheduled when the scheduler starts
2025-11-05 15:38:42,819 - orchestrator.orchestrator - INFO - ✓ Jobs agendados
2025-11-05 15:38:42,822 - apscheduler.scheduler - INFO - Added job "Coleta peoplesoft" to job store "default"
2025-11-05 15:38:42,822 - apscheduler.scheduler - INFO - Added job "Coleta google" to job store "default"
2025-11-05 15:38:42,822 - apscheduler.scheduler - INFO - Added job "Limpeza diária" to job store "default"
2025-11-05 15:38:42,823 - apscheduler.scheduler - INFO - Scheduler started
2025-11-05 15:38:42,823 - orchestrator.orchestrator - INFO - ✓ Orquestrador ativo!
2025-11-05 15:38:42,823 - apscheduler.executors.default - INFO - Running job "Coleta google (trigger: interval[0:05:00], next run at: 2025-11-05 15:43:42 -03)" (scheduled at 2025-11-05 15:38:42.814413-03:00)
2025-11-05 15:38:42,824 - apscheduler.executors.default - INFO - Running job "Coleta peoplesoft (trigger: interval[0:05:00], next run at: 2025-11-05 15:43:42 -03)" (scheduled at 2025-11-05 15:38:42.814413-03:00)
2025-11-05 15:38:42,824 - orchestrator.orchestrator - INFO - 
📋 Jobs agendados (3):
2025-11-05 15:38:42,824 - orchestrator.orchestrator - INFO - 🔄 Coletando: google
2025-11-05 15:38:42,825 - orchestrator.orchestrator - INFO - 🔄 Coletando: peoplesoft
2025-11-05 15:38:42,825 - orchestrator.orchestrator - INFO -   • Coleta google | próxima execução: 2025-11-05 15:43:42.814413-03:00
2025-11-05 15:38:42,826 - collectors.google_collector - INFO - 📸 Coletando dados: Google
2025-11-05 15:38:42,826 - collectors.peoplesoft_collector - INFO - 📸 Coletando dados: PeopleSoft
2025-11-05 15:38:42,826 - orchestrator.orchestrator - INFO -   • Coleta peoplesoft | próxima execução: 2025-11-05 15:43:42.814413-03:00
2025-11-05 15:38:42,827 - collectors.google_collector - INFO - 🎭 Modo HEADLESS ativado
2025-11-05 15:38:42,827 - collectors.peoplesoft_collector - INFO - 👀 Modo VISUAL ativado (com interface)
2025-11-05 15:38:42,827 - orchestrator.orchestrator - INFO -   • Limpeza diária | próxima execução: 2025-11-06 02:00:00-03:00
2025-11-05 15:38:44,969 - collectors.peoplesoft_collector - INFO - ✓ WebDriver inicializado
2025-11-05 15:38:44,973 - collectors.peoplesoft_collector - INFO - 🔐 Fazendo login...
2025-11-05 15:38:45,041 - collectors.google_collector - INFO - ✓ WebDriver inicializado
2025-11-05 15:38:45,045 - collectors.google_collector - INFO - Navegando para: https://www.google.com
2025-11-05 15:38:45,539 - collectors.peoplesoft_collector - ERROR - ❌ Erro ao capturar: Message: unknown error: net::ERR_NAME_NOT_RESOLVED
  (Session info: chrome=141.0.7390.123)
Stacktrace:
	GetHandleVerifier [0x0x7ff7095de8e5+80021]
	GetHandleVerifier [0x0x7ff7095de940+80112]
	(No symbol) [0x0x7ff70936060f]
	(No symbol) [0x0x7ff70935d0bf]
	(No symbol) [0x0x7ff70934dae9]
	(No symbol) [0x0x7ff70934f94e]
	(No symbol) [0x0x7ff70934e0d2]
	(No symbol) [0x0x7ff70934d859]
	(No symbol) [0x0x7ff70934d51d]
	(No symbol) [0x0x7ff70934b08c]
	(No symbol) [0x0x7ff70934b91c]
	(No symbol) [0x0x7ff7093646da]
	(No symbol) [0x0x7ff70940a47e]
	(No symbol) [0x0x7ff7093e122a]
	(No symbol) [0x0x7ff70940968a]
	(No symbol) [0x0x7ff7093e1003]
	(No symbol) [0x0x7ff7093a95d1]
	(No symbol) [0x0x7ff7093aa3f3]
	GetHandleVerifier [0x0x7ff70989dc7d+2960429]
	GetHandleVerifier [0x0x7ff709897f3a+2936554]
	GetHandleVerifier [0x0x7ff7098b8977+3070247]
	GetHandleVerifier [0x0x7ff7095f83ce+185214]
	GetHandleVerifier [0x0x7ff7095ffe1f+216527]
	GetHandleVerifier [0x0x7ff7095e7b24+117460]
	GetHandleVerifier [0x0x7ff7095e7cdf+117903]
	GetHandleVerifier [0x0x7ff7095cdbb8+11112]
	BaseThreadInitThunk [0x0x7ff96f65e8d7+23]
	RtlUserThreadStart [0x0x7ff96ffac53c+44]

Traceback (most recent call last):
  File "C:\Users\ferib\OneDrive\Documentos\Projetos\process_screen_monitoring\process_screen_monitoring\collectors\peoplesoft_collector.py", line 150, in _capture_and_extract
    self.driver.get(self.base_url)
  File "C:\Users\ferib\AppData\Roaming\Python\Python312\site-packages\selenium\webdriver\remote\webdriver.py", line 356, in get
    self.execute(Command.GET, {"url": url})
  File "C:\Users\ferib\AppData\Roaming\Python\Python312\site-packages\selenium\webdriver\remote\webdriver.py", line 347, in execute
    self.error_handler.check_response(response)
  File "C:\Users\ferib\AppData\Roaming\Python\Python312\site-packages\selenium\webdriver\remote\errorhandler.py", line 229, in check_response
    raise exception_class(message, screen, stacktrace)
selenium.common.exceptions.WebDriverException: Message: unknown error: net::ERR_NAME_NOT_RESOLVED
  (Session info: chrome=141.0.7390.123)
Stacktrace:
	GetHandleVerifier [0x0x7ff7095de8e5+80021]
	GetHandleVerifier [0x0x7ff7095de940+80112]
	(No symbol) [0x0x7ff70936060f]
	(No symbol) [0x0x7ff70935d0bf]
	(No symbol) [0x0x7ff70934dae9]
	(No symbol) [0x0x7ff70934f94e]
	(No symbol) [0x0x7ff70934e0d2]
	(No symbol) [0x0x7ff70934d859]
	(No symbol) [0x0x7ff70934d51d]
	(No symbol) [0x0x7ff70934b08c]
	(No symbol) [0x0x7ff70934b91c]
	(No symbol) [0x0x7ff7093646da]
	(No symbol) [0x0x7ff70940a47e]
	(No symbol) [0x0x7ff7093e122a]
	(No symbol) [0x0x7ff70940968a]
	(No symbol) [0x0x7ff7093e1003]
	(No symbol) [0x0x7ff7093a95d1]
	(No symbol) [0x0x7ff7093aa3f3]
	GetHandleVerifier [0x0x7ff70989dc7d+2960429]
	GetHandleVerifier [0x0x7ff709897f3a+2936554]
	GetHandleVerifier [0x0x7ff7098b8977+3070247]
	GetHandleVerifier [0x0x7ff7095f83ce+185214]
	GetHandleVerifier [0x0x7ff7095ffe1f+216527]
	GetHandleVerifier [0x0x7ff7095e7b24+117460]
	GetHandleVerifier [0x0x7ff7095e7cdf+117903]
	GetHandleVerifier [0x0x7ff7095cdbb8+11112]
	BaseThreadInitThunk [0x0x7ff96f65e8d7+23]
	RtlUserThreadStart [0x0x7ff96ffac53c+44]


2025-11-05 15:38:45,753 - __main__ - INFO - 
============================================================
2025-11-05 15:38:45,754 - __main__ - INFO - ✓ Dashboard disponível em: http://localhost:5000
2025-11-05 15:38:45,755 - __main__ - INFO - ✓ Versão TV disponível em: http://localhost:5000/tv
2025-11-05 15:38:45,755 - __main__ - INFO - ============================================================

2025-11-05 15:38:45,756 - __main__ - INFO - 🌐 Iniciando servidor web...
2025-11-05 15:38:45,852 - werkzeug - INFO - [31m[1mWARNING: This is a development server. Do not use it in a production deployment. Use a production WSGI server instead.[0m
 * Running on all addresses (0.0.0.0)
 * Running on http://127.0.0.1:5000
 * Running on http://192.168.0.157:5000
2025-11-05 15:38:45,854 - werkzeug - INFO - [33mPress CTRL+C to quit[0m
2025-11-05 15:38:52,001 - collectors.base_collector - ERROR - ❌ Erro em PeopleSoft: Falha ao capturar dados
2025-11-05 15:38:52,001 - processors.data_processors - INFO - ✓ Dados de peoplesoft processados
2025-11-05 15:38:52,017 - backend.websocket_handlers - INFO - 📡 Broadcasting update: peoplesoft
2025-11-05 15:38:52,017 - orchestrator.orchestrator - INFO - ✓ Coleta concluída: peoplesoft
2025-11-05 15:38:52,019 - apscheduler.executors.default - INFO - Job "Coleta peoplesoft (trigger: interval[0:05:00], next run at: 2025-11-05 15:43:42 -03)" executed successfully
2025-11-05 15:38:52,787 - werkzeug - INFO - 127.0.0.1 - - [05/Nov/2025 15:38:52] "GET /api/screenshot/google HTTP/1.1" 200 -
2025-11-05 15:38:52,787 - werkzeug - INFO - 127.0.0.1 - - [05/Nov/2025 15:38:52] "GET /api/screenshot/peoplesoft HTTP/1.1" 200 -
2025-11-05 15:38:52,795 - werkzeug - INFO - 127.0.0.1 - - [05/Nov/2025 15:38:52] "GET /api/systems/all HTTP/1.1" 200 -
2025-11-05 15:38:53,047 - werkzeug - INFO - 127.0.0.1 - - [05/Nov/2025 15:38:53] "GET /api/screenshot/google HTTP/1.1" 200 -
2025-11-05 15:38:53,102 - werkzeug - INFO - 127.0.0.1 - - [05/Nov/2025 15:38:53] "GET /api/screenshot/peoplesoft HTTP/1.1" 200 -
2025-11-05 15:38:53,157 - werkzeug - INFO - 127.0.0.1 - - [05/Nov/2025 15:38:53] "GET /storage/screenshots/google/screenshot_20251105_153627.png?t=1762367932795 HTTP/1.1" 200 -
2025-11-05 15:38:53,170 - werkzeug - INFO - 127.0.0.1 - - [05/Nov/2025 15:38:53] "GET /storage/screenshots/peoplesoft/screenshot_20251105_125932.png?t=1762367932797 HTTP/1.1" 200 -
2025-11-05 15:38:53,170 - werkzeug - INFO - 127.0.0.1 - - [05/Nov/2025 15:38:53] "GET /storage/screenshots/google/screenshot_20251105_153627.png?t=1762367933051 HTTP/1.1" 200 -
2025-11-05 15:38:53,356 - werkzeug - INFO - 127.0.0.1 - - [05/Nov/2025 15:38:53] "GET /storage/screenshots/peoplesoft/screenshot_20251105_125932.png?t=1762367933103 HTTP/1.1" 200 -
2025-11-05 15:38:55,732 - werkzeug - INFO - 127.0.0.1 - - [05/Nov/2025 15:38:55] "GET /tv HTTP/1.1" 200 -
2025-11-05 15:38:56,076 - werkzeug - INFO - 127.0.0.1 - - [05/Nov/2025 15:38:56] "GET /api/systems/all HTTP/1.1" 200 -
2025-11-05 15:38:56,332 - werkzeug - INFO - 127.0.0.1 - - [05/Nov/2025 15:38:56] "GET /api/screenshot/google HTTP/1.1" 200 -
2025-11-05 15:38:56,387 - werkzeug - INFO - 127.0.0.1 - - [05/Nov/2025 15:38:56] "GET /api/screenshot/peoplesoft HTTP/1.1" 200 -
2025-11-05 15:38:56,388 - werkzeug - INFO - 127.0.0.1 - - [05/Nov/2025 15:38:56] "GET /storage/screenshots/google/screenshot_20251105_153627.png?t=1762367936335 HTTP/1.1" 200 -
2025-11-05 15:38:56,654 - werkzeug - INFO - 127.0.0.1 - - [05/Nov/2025 15:38:56] "GET /storage/screenshots/peoplesoft/screenshot_20251105_125932.png?t=1762367936391 HTTP/1.1" 200 -
2025-11-05 15:38:58,328 - collectors.google_collector - WARNING - ⚠ Logo do Google não encontrado
2025-11-05 15:38:58,365 - collectors.google_collector - INFO - ✓ Screenshot salvo: storage/screenshots/google/screenshot_20251105_153858.png
2025-11-05 15:39:04,565 - processors.data_processors - INFO - ✓ Dados de google processados
2025-11-05 15:39:04,582 - backend.websocket_handlers - INFO - 📡 Broadcasting update: google
2025-11-05 15:39:04,582 - orchestrator.orchestrator - INFO - ✓ Coleta concluída: google
2025-11-05 15:39:04,582 - apscheduler.executors.default - INFO - Job "Coleta google (trigger: interval[0:05:00], next run at: 2025-11-05 15:43:42 -03)" executed successfully
2025-11-05 15:39:05,767 - werkzeug - INFO - 127.0.0.1 - - [05/Nov/2025 15:39:05] "GET /api/systems/all HTTP/1.1" 200 -
2025-11-05 15:39:06,079 - werkzeug - INFO - 127.0.0.1 - - [05/Nov/2025 15:39:06] "GET /api/screenshot/google HTTP/1.1" 200 -
2025-11-05 15:39:06,079 - werkzeug - INFO - 127.0.0.1 - - [05/Nov/2025 15:39:06] "GET /api/screenshot/peoplesoft HTTP/1.1" 200 -
2025-11-05 15:39:06,342 - werkzeug - INFO - 127.0.0.1 - - [05/Nov/2025 15:39:06] "GET /storage/screenshots/google/screenshot_20251105_153858.png?t=1762367946085 HTTP/1.1" 200 -
2025-11-05 15:39:06,399 - werkzeug - INFO - 127.0.0.1 - - [05/Nov/2025 15:39:06] "GET /storage/screenshots/peoplesoft/screenshot_20251105_125932.png?t=1762367946086 HTTP/1.1" 200 -
2025-11-05 15:39:10,698 - werkzeug - INFO - 127.0.0.1 - - [05/Nov/2025 15:39:10] "GET /api/screenshot/peoplesoft HTTP/1.1" 200 -
2025-11-05 15:39:10,775 - werkzeug - INFO - 127.0.0.1 - - [05/Nov/2025 15:39:10] "GET /api/screenshot/google HTTP/1.1" 200 -
2025-11-05 15:39:10,954 - werkzeug - INFO - 127.0.0.1 - - [05/Nov/2025 15:39:10] "GET /storage/screenshots/peoplesoft/screenshot_20251105_125932.png?t=1762367950703 HTTP/1.1" 200 -
2025-11-05 15:39:11,077 - werkzeug - INFO - 127.0.0.1 - - [05/Nov/2025 15:39:11] "GET /api/screenshot/peoplesoft HTTP/1.1" 200 -
2025-11-05 15:39:11,077 - werkzeug - INFO - 127.0.0.1 - - [05/Nov/2025 15:39:11] "GET /storage/screenshots/google/screenshot_20251105_153858.png?t=1762367950776 HTTP/1.1" 200 -
2025-11-05 15:39:11,400 - werkzeug - INFO - 127.0.0.1 - - [05/Nov/2025 15:39:11] "GET /storage/screenshots/peoplesoft/screenshot_20251105_125932.png?t=1762367951083 HTTP/1.1" 200 -
2025-11-05 15:39:15,766 - werkzeug - INFO - 127.0.0.1 - - [05/Nov/2025 15:39:15] "GET /api/systems/all HTTP/1.1" 200 -
2025-11-05 15:39:16,083 - werkzeug - INFO - 127.0.0.1 - - [05/Nov/2025 15:39:16] "GET /api/screenshot/google HTTP/1.1" 200 -
2025-11-05 15:39:16,083 - werkzeug - INFO - 127.0.0.1 - - [05/Nov/2025 15:39:16] "GET /api/screenshot/peoplesoft HTTP/1.1" 200 -
2025-11-05 15:39:16,335 - werkzeug - INFO - 127.0.0.1 - - [05/Nov/2025 15:39:16] "GET /storage/screenshots/google/screenshot_20251105_153858.png?t=1762367956089 HTTP/1.1" 200 -
2025-11-05 15:39:16,403 - werkzeug - INFO - 127.0.0.1 - - [05/Nov/2025 15:39:16] "GET /storage/screenshots/peoplesoft/screenshot_20251105_125932.png?t=1762367956090 HTTP/1.1" 200 -
2025-11-05 15:39:25,768 - werkzeug - INFO - 127.0.0.1 - - [05/Nov/2025 15:39:25] "GET /api/systems/all HTTP/1.1" 200 -
2025-11-05 15:39:26,074 - werkzeug - INFO - 127.0.0.1 - - [05/Nov/2025 15:39:26] "GET /api/screenshot/google HTTP/1.1" 200 -
2025-11-05 15:39:26,074 - werkzeug - INFO - 127.0.0.1 - - [05/Nov/2025 15:39:26] "GET /api/screenshot/peoplesoft HTTP/1.1" 200 -
2025-11-05 15:39:26,074 - werkzeug - INFO - 127.0.0.1 - - [05/Nov/2025 15:39:26] "GET /api/screenshot/google HTTP/1.1" 200 -
2025-11-05 15:39:26,074 - werkzeug - INFO - 127.0.0.1 - - [05/Nov/2025 15:39:26] "GET /api/screenshot/peoplesoft HTTP/1.1" 200 -
2025-11-05 15:39:26,398 - werkzeug - INFO - 127.0.0.1 - - [05/Nov/2025 15:39:26] "GET /storage/screenshots/google/screenshot_20251105_153858.png?t=1762367966084 HTTP/1.1" 200 -
2025-11-05 15:39:26,399 - werkzeug - INFO - 127.0.0.1 - - [05/Nov/2025 15:39:26] "GET /storage/screenshots/peoplesoft/screenshot_20251105_125932.png?t=1762367966085 HTTP/1.1" 200 -
2025-11-05 15:39:26,399 - werkzeug - INFO - 127.0.0.1 - - [05/Nov/2025 15:39:26] "GET /storage/screenshots/google/screenshot_20251105_153858.png?t=1762367966085 HTTP/1.1" 200 -
2025-11-05 15:39:35,779 - werkzeug - INFO - 127.0.0.1 - - [05/Nov/2025 15:39:35] "GET /api/systems/all HTTP/1.1" 200 -
2025-11-05 15:39:36,091 - werkzeug - INFO - 127.0.0.1 - - [05/Nov/2025 15:39:36] "GET /api/screenshot/google HTTP/1.1" 200 -
2025-11-05 15:39:36,091 - werkzeug - INFO - 127.0.0.1 - - [05/Nov/2025 15:39:36] "GET /api/screenshot/peoplesoft HTTP/1.1" 200 -
2025-11-05 15:39:36,347 - werkzeug - INFO - 127.0.0.1 - - [05/Nov/2025 15:39:36] "GET /storage/screenshots/google/screenshot_20251105_153858.png?t=1762367976098 HTTP/1.1" 200 -
2025-11-05 15:39:36,411 - werkzeug - INFO - 127.0.0.1 - - [05/Nov/2025 15:39:36] "GET /storage/screenshots/peoplesoft/screenshot_20251105_125932.png?t=1762367976098 HTTP/1.1" 200 -
2025-11-05 15:39:40,774 - werkzeug - INFO - 127.0.0.1 - - [05/Nov/2025 15:39:40] "GET /api/screenshot/google HTTP/1.1" 200 -
2025-11-05 15:39:41,080 - werkzeug - INFO - 127.0.0.1 - - [05/Nov/2025 15:39:41] "GET /api/screenshot/peoplesoft HTTP/1.1" 200 -
2025-11-05 15:39:41,080 - werkzeug - INFO - 127.0.0.1 - - [05/Nov/2025 15:39:41] "GET /storage/screenshots/google/screenshot_20251105_153858.png?t=1762367980776 HTTP/1.1" 200 -
2025-11-05 15:39:41,401 - werkzeug - INFO - 127.0.0.1 - - [05/Nov/2025 15:39:41] "GET /storage/screenshots/peoplesoft/screenshot_20251105_125932.png?t=1762367981086 HTTP/1.1" 200 -
2025-11-05 15:39:45,771 - werkzeug - INFO - 127.0.0.1 - - [05/Nov/2025 15:39:45] "GET /api/systems/all HTTP/1.1" 200 -
2025-11-05 15:39:46,082 - werkzeug - INFO - 127.0.0.1 - - [05/Nov/2025 15:39:46] "GET /api/screenshot/google HTTP/1.1" 200 -
2025-11-05 15:39:46,082 - werkzeug - INFO - 127.0.0.1 - - [05/Nov/2025 15:39:46] "GET /api/screenshot/peoplesoft HTTP/1.1" 200 -
2025-11-05 15:39:46,337 - werkzeug - INFO - 127.0.0.1 - - [05/Nov/2025 15:39:46] "GET /storage/screenshots/google/screenshot_20251105_153858.png?t=1762367986088 HTTP/1.1" 200 -
2025-11-05 15:39:46,393 - werkzeug - INFO - 127.0.0.1 - - [05/Nov/2025 15:39:46] "GET /storage/screenshots/peoplesoft/screenshot_20251105_125932.png?t=1762367986089 HTTP/1.1" 200 -
2025-11-05 15:39:55,768 - werkzeug - INFO - 127.0.0.1 - - [05/Nov/2025 15:39:55] "GET /api/systems/all HTTP/1.1" 200 -
2025-11-05 15:39:56,075 - werkzeug - INFO - 127.0.0.1 - - [05/Nov/2025 15:39:56] "GET /api/screenshot/google HTTP/1.1" 200 -
2025-11-05 15:39:56,075 - werkzeug - INFO - 127.0.0.1 - - [05/Nov/2025 15:39:56] "GET /api/screenshot/google HTTP/1.1" 200 -
2025-11-05 15:39:56,075 - werkzeug - INFO - 127.0.0.1 - - [05/Nov/2025 15:39:56] "GET /api/screenshot/peoplesoft HTTP/1.1" 200 -
2025-11-05 15:39:56,075 - werkzeug - INFO - 127.0.0.1 - - [05/Nov/2025 15:39:56] "GET /api/screenshot/peoplesoft HTTP/1.1" 200 -
2025-11-05 15:39:56,393 - werkzeug - INFO - 127.0.0.1 - - [05/Nov/2025 15:39:56] "GET /storage/screenshots/google/screenshot_20251105_153858.png?t=1762367996084 HTTP/1.1" 200 -
2025-11-05 15:39:56,393 - werkzeug - INFO - 127.0.0.1 - - [05/Nov/2025 15:39:56] "GET /storage/screenshots/google/screenshot_20251105_153858.png?t=1762367996085 HTTP/1.1" 200 -
2025-11-05 15:39:56,393 - werkzeug - INFO - 127.0.0.1 - - [05/Nov/2025 15:39:56] "GET /storage/screenshots/peoplesoft/screenshot_20251105_125932.png?t=1762367996085 HTTP/1.1" 200 -
2025-11-05 15:39:56,393 - werkzeug - INFO - 127.0.0.1 - - [05/Nov/2025 15:39:56] "GET /storage/screenshots/peoplesoft/screenshot_20251105_125932.png?t=1762367996086 HTTP/1.1" 200 -
2025-11-05 15:40:05,771 - werkzeug - INFO - 127.0.0.1 - - [05/Nov/2025 15:40:05] "GET /api/systems/all HTTP/1.1" 200 -
2025-11-05 15:40:06,079 - werkzeug - INFO - 127.0.0.1 - - [05/Nov/2025 15:40:06] "GET /api/screenshot/google HTTP/1.1" 200 -
2025-11-05 15:40:06,079 - werkzeug - INFO - 127.0.0.1 - - [05/Nov/2025 15:40:06] "GET /api/screenshot/peoplesoft HTTP/1.1" 200 -
2025-11-05 15:40:06,350 - werkzeug - INFO - 127.0.0.1 - - [05/Nov/2025 15:40:06] "GET /storage/screenshots/google/screenshot_20251105_153858.png?t=1762368006084 HTTP/1.1" 200 -
2025-11-05 15:40:06,389 - werkzeug - INFO - 127.0.0.1 - - [05/Nov/2025 15:40:06] "GET /storage/screenshots/peoplesoft/screenshot_20251105_125932.png?t=1762368006085 HTTP/1.1" 200 -
2025-11-05 15:40:10,389 - werkzeug - INFO - 127.0.0.1 - - [05/Nov/2025 15:40:10] "GET /api/screenshot/peoplesoft HTTP/1.1" 200 -
2025-11-05 15:40:10,707 - werkzeug - INFO - 127.0.0.1 - - [05/Nov/2025 15:40:10] "GET /storage/screenshots/peoplesoft/screenshot_20251105_125932.png?t=1762368010395 HTTP/1.1" 200 -
2025-11-05 15:40:10,774 - werkzeug - INFO - 127.0.0.1 - - [05/Nov/2025 15:40:10] "GET /api/screenshot/google HTTP/1.1" 200 -
2025-11-05 15:40:11,080 - werkzeug - INFO - 127.0.0.1 - - [05/Nov/2025 15:40:11] "GET /api/screenshot/peoplesoft HTTP/1.1" 200 -
2025-11-05 15:40:11,080 - werkzeug - INFO - 127.0.0.1 - - [05/Nov/2025 15:40:11] "GET /storage/screenshots/google/screenshot_20251105_153858.png?t=1762368010777 HTTP/1.1" 200 -
2025-11-05 15:40:11,396 - werkzeug - INFO - 127.0.0.1 - - [05/Nov/2025 15:40:11] "GET /storage/screenshots/peoplesoft/screenshot_20251105_125932.png?t=1762368011085 HTTP/1.1" 200 -
2025-11-05 15:40:15,763 - werkzeug - INFO - 127.0.0.1 - - [05/Nov/2025 15:40:15] "GET /api/systems/all HTTP/1.1" 200 -
2025-11-05 15:40:16,083 - werkzeug - INFO - 127.0.0.1 - - [05/Nov/2025 15:40:16] "GET /api/screenshot/google HTTP/1.1" 200 -
2025-11-05 15:40:16,083 - werkzeug - INFO - 127.0.0.1 - - [05/Nov/2025 15:40:16] "GET /api/screenshot/peoplesoft HTTP/1.1" 200 -
2025-11-05 15:40:16,333 - werkzeug - INFO - 127.0.0.1 - - [05/Nov/2025 15:40:16] "GET /storage/screenshots/google/screenshot_20251105_153858.png?t=1762368016090 HTTP/1.1" 200 -
2025-11-05 15:40:16,401 - werkzeug - INFO - 127.0.0.1 - - [05/Nov/2025 15:40:16] "GET /storage/screenshots/peoplesoft/screenshot_20251105_125932.png?t=1762368016090 HTTP/1.1" 200 -
2025-11-05 15:40:25,768 - werkzeug - INFO - 127.0.0.1 - - [05/Nov/2025 15:40:25] "GET /api/systems/all HTTP/1.1" 200 -
2025-11-05 15:40:26,074 - werkzeug - INFO - 127.0.0.1 - - [05/Nov/2025 15:40:26] "GET /api/screenshot/google HTTP/1.1" 200 -
2025-11-05 15:40:26,074 - werkzeug - INFO - 127.0.0.1 - - [05/Nov/2025 15:40:26] "GET /api/screenshot/peoplesoft HTTP/1.1" 200 -
2025-11-05 15:40:26,074 - werkzeug - INFO - 127.0.0.1 - - [05/Nov/2025 15:40:26] "GET /api/screenshot/google HTTP/1.1" 200 -
2025-11-05 15:40:26,074 - werkzeug - INFO - 127.0.0.1 - - [05/Nov/2025 15:40:26] "GET /api/screenshot/peoplesoft HTTP/1.1" 200 -
2025-11-05 15:40:26,394 - werkzeug - INFO - 127.0.0.1 - - [05/Nov/2025 15:40:26] "GET /storage/screenshots/google/screenshot_20251105_153858.png?t=1762368026085 HTTP/1.1" 200 -
2025-11-05 15:40:26,394 - werkzeug - INFO - 127.0.0.1 - - [05/Nov/2025 15:40:26] "GET /storage/screenshots/peoplesoft/screenshot_20251105_125932.png?t=1762368026087 HTTP/1.1" 200 -
2025-11-05 15:40:26,394 - werkzeug - INFO - 127.0.0.1 - - [05/Nov/2025 15:40:26] "GET /storage/screenshots/google/screenshot_20251105_153858.png?t=1762368026088 HTTP/1.1" 200 -
2025-11-05 15:40:26,394 - werkzeug - INFO - 127.0.0.1 - - [05/Nov/2025 15:40:26] "GET /storage/screenshots/peoplesoft/screenshot_20251105_125932.png?t=1762368026088 HTTP/1.1" 200 -
2025-11-05 15:40:35,772 - werkzeug - INFO - 127.0.0.1 - - [05/Nov/2025 15:40:35] "GET /api/systems/all HTTP/1.1" 200 -
2025-11-05 15:40:36,079 - werkzeug - INFO - 127.0.0.1 - - [05/Nov/2025 15:40:36] "GET /api/screenshot/peoplesoft HTTP/1.1" 200 -
2025-11-05 15:40:36,079 - werkzeug - INFO - 127.0.0.1 - - [05/Nov/2025 15:40:36] "GET /api/screenshot/google HTTP/1.1" 200 -
2025-11-05 15:40:36,346 - werkzeug - INFO - 127.0.0.1 - - [05/Nov/2025 15:40:36] "GET /storage/screenshots/peoplesoft/screenshot_20251105_125932.png?t=1762368036085 HTTP/1.1" 200 -
2025-11-05 15:40:36,399 - werkzeug - INFO - 127.0.0.1 - - [05/Nov/2025 15:40:36] "GET /storage/screenshots/google/screenshot_20251105_153858.png?t=1762368036085 HTTP/1.1" 200 -
2025-11-05 15:40:40,773 - werkzeug - INFO - 127.0.0.1 - - [05/Nov/2025 15:40:40] "GET /api/screenshot/google HTTP/1.1" 200 -
2025-11-05 15:40:41,090 - werkzeug - INFO - 127.0.0.1 - - [05/Nov/2025 15:40:41] "GET /api/screenshot/peoplesoft HTTP/1.1" 200 -
2025-11-05 15:40:41,092 - werkzeug - INFO - 127.0.0.1 - - [05/Nov/2025 15:40:41] "GET /storage/screenshots/google/screenshot_20251105_153858.png?t=1762368040775 HTTP/1.1" 200 -
2025-11-05 15:40:41,446 - werkzeug - INFO - 127.0.0.1 - - [05/Nov/2025 15:40:41] "GET /storage/screenshots/peoplesoft/screenshot_20251105_125932.png?t=1762368041127 HTTP/1.1" 200 -
2025-11-05 15:40:46,382 - werkzeug - INFO - 127.0.0.1 - - [05/Nov/2025 15:40:46] "GET /api/systems/all HTTP/1.1" 200 -
2025-11-05 15:40:46,704 - werkzeug - INFO - 127.0.0.1 - - [05/Nov/2025 15:40:46] "GET /api/screenshot/google HTTP/1.1" 200 -
2025-11-05 15:40:46,705 - werkzeug - INFO - 127.0.0.1 - - [05/Nov/2025 15:40:46] "GET /api/screenshot/peoplesoft HTTP/1.1" 200 -
2025-11-05 15:40:46,960 - werkzeug - INFO - 127.0.0.1 - - [05/Nov/2025 15:40:46] "GET /storage/screenshots/google/screenshot_20251105_153858.png?t=1762368046710 HTTP/1.1" 200 -
2025-11-05 15:40:47,017 - werkzeug - INFO - 127.0.0.1 - - [05/Nov/2025 15:40:47] "GET /storage/screenshots/peoplesoft/screenshot_20251105_125932.png?t=1762368046710 HTTP/1.1" 200 -
2025-11-05 15:40:56,385 - werkzeug - INFO - 127.0.0.1 - - [05/Nov/2025 15:40:56] "GET /api/systems/all HTTP/1.1" 200 -
2025-11-05 15:40:56,686 - werkzeug - INFO - 127.0.0.1 - - [05/Nov/2025 15:40:56] "GET /api/screenshot/peoplesoft HTTP/1.1" 200 -
2025-11-05 15:40:56,686 - werkzeug - INFO - 127.0.0.1 - - [05/Nov/2025 15:40:56] "GET /api/screenshot/google HTTP/1.1" 200 -
2025-11-05 15:40:56,693 - werkzeug - INFO - 127.0.0.1 - - [05/Nov/2025 15:40:56] "GET /api/screenshot/peoplesoft HTTP/1.1" 200 -
2025-11-05 15:40:56,693 - werkzeug - INFO - 127.0.0.1 - - [05/Nov/2025 15:40:56] "GET /api/screenshot/google HTTP/1.1" 200 -
2025-11-05 15:40:56,999 - werkzeug - INFO - 127.0.0.1 - - [05/Nov/2025 15:40:56] "GET /storage/screenshots/peoplesoft/screenshot_20251105_125932.png?t=1762368056693 HTTP/1.1" 200 -
2025-11-05 15:40:56,999 - werkzeug - INFO - 127.0.0.1 - - [05/Nov/2025 15:40:56] "GET /storage/screenshots/google/screenshot_20251105_153858.png?t=1762368056694 HTTP/1.1" 200 -
2025-11-05 15:40:56,999 - werkzeug - INFO - 127.0.0.1 - - [05/Nov/2025 15:40:56] "GET /storage/screenshots/peoplesoft/screenshot_20251105_125932.png?t=1762368056700 HTTP/1.1" 200 -
2025-11-05 15:40:57,313 - werkzeug - INFO - 127.0.0.1 - - [05/Nov/2025 15:40:57] "GET /storage/screenshots/google/screenshot_20251105_153858.png?t=1762368056700 HTTP/1.1" 200 -
2025-11-05 15:41:06,387 - werkzeug - INFO - 127.0.0.1 - - [05/Nov/2025 15:41:06] "GET /api/systems/all HTTP/1.1" 200 -
2025-11-05 15:41:06,707 - werkzeug - INFO - 127.0.0.1 - - [05/Nov/2025 15:41:06] "GET /api/screenshot/google HTTP/1.1" 200 -
2025-11-05 15:41:06,707 - werkzeug - INFO - 127.0.0.1 - - [05/Nov/2025 15:41:06] "GET /api/screenshot/peoplesoft HTTP/1.1" 200 -
2025-11-05 15:41:06,957 - werkzeug - INFO - 127.0.0.1 - - [05/Nov/2025 15:41:06] "GET /storage/screenshots/google/screenshot_20251105_153858.png?t=1762368066710 HTTP/1.1" 200 -
2025-11-05 15:41:07,014 - werkzeug - INFO - 127.0.0.1 - - [05/Nov/2025 15:41:07] "GET /storage/screenshots/peoplesoft/screenshot_20251105_125932.png?t=1762368066710 HTTP/1.1" 200 -
2025-11-05 15:41:10,386 - werkzeug - INFO - 127.0.0.1 - - [05/Nov/2025 15:41:10] "GET /api/screenshot/peoplesoft HTTP/1.1" 200 -
2025-11-05 15:41:10,694 - werkzeug - INFO - 127.0.0.1 - - [05/Nov/2025 15:41:10] "GET /storage/screenshots/peoplesoft/screenshot_20251105_125932.png?t=1762368070392 HTTP/1.1" 200 -
2025-11-05 15:41:11,385 - werkzeug - INFO - 127.0.0.1 - - [05/Nov/2025 15:41:11] "GET /api/screenshot/google HTTP/1.1" 200 -
2025-11-05 15:41:11,692 - werkzeug - INFO - 127.0.0.1 - - [05/Nov/2025 15:41:11] "GET /api/screenshot/peoplesoft HTTP/1.1" 200 -
2025-11-05 15:41:11,692 - werkzeug - INFO - 127.0.0.1 - - [05/Nov/2025 15:41:11] "GET /storage/screenshots/google/screenshot_20251105_153858.png?t=1762368071392 HTTP/1.1" 200 -
2025-11-05 15:41:12,001 - werkzeug - INFO - 127.0.0.1 - - [05/Nov/2025 15:41:12] "GET /storage/screenshots/peoplesoft/screenshot_20251105_125932.png?t=1762368071698 HTTP/1.1" 200 -
2025-11-05 15:41:16,389 - werkzeug - INFO - 127.0.0.1 - - [05/Nov/2025 15:41:16] "GET /api/systems/all HTTP/1.1" 200 -
2025-11-05 15:41:16,700 - werkzeug - INFO - 127.0.0.1 - - [05/Nov/2025 15:41:16] "GET /api/screenshot/google HTTP/1.1" 200 -
2025-11-05 15:41:16,700 - werkzeug - INFO - 127.0.0.1 - - [05/Nov/2025 15:41:16] "GET /api/screenshot/peoplesoft HTTP/1.1" 200 -
2025-11-05 15:41:16,967 - werkzeug - INFO - 127.0.0.1 - - [05/Nov/2025 15:41:16] "GET /storage/screenshots/google/screenshot_20251105_153858.png?t=1762368076707 HTTP/1.1" 200 -
2025-11-05 15:41:17,022 - werkzeug - INFO - 127.0.0.1 - - [05/Nov/2025 15:41:17] "GET /storage/screenshots/peoplesoft/screenshot_20251105_125932.png?t=1762368076707 HTTP/1.1" 200 -
2025-11-05 15:41:26,383 - werkzeug - INFO - 127.0.0.1 - - [05/Nov/2025 15:41:26] "GET /api/systems/all HTTP/1.1" 200 -
2025-11-05 15:41:26,693 - werkzeug - INFO - 127.0.0.1 - - [05/Nov/2025 15:41:26] "GET /api/screenshot/peoplesoft HTTP/1.1" 200 -
2025-11-05 15:41:26,693 - werkzeug - INFO - 127.0.0.1 - - [05/Nov/2025 15:41:26] "GET /api/screenshot/google HTTP/1.1" 200 -
2025-11-05 15:41:26,695 - werkzeug - INFO - 127.0.0.1 - - [05/Nov/2025 15:41:26] "GET /api/screenshot/google HTTP/1.1" 200 -
2025-11-05 15:41:26,697 - werkzeug - INFO - 127.0.0.1 - - [05/Nov/2025 15:41:26] "GET /api/screenshot/peoplesoft HTTP/1.1" 200 -
2025-11-05 15:41:27,006 - werkzeug - INFO - 127.0.0.1 - - [05/Nov/2025 15:41:27] "GET /storage/screenshots/peoplesoft/screenshot_20251105_125932.png?t=1762368086700 HTTP/1.1" 200 -
2025-11-05 15:41:27,006 - werkzeug - INFO - 127.0.0.1 - - [05/Nov/2025 15:41:27] "GET /storage/screenshots/google/screenshot_20251105_153858.png?t=1762368086701 HTTP/1.1" 200 -
2025-11-05 15:41:27,006 - werkzeug - INFO - 127.0.0.1 - - [05/Nov/2025 15:41:27] "GET /storage/screenshots/peoplesoft/screenshot_20251105_125932.png?t=1762368086701 HTTP/1.1" 200 -
2025-11-05 15:41:36,386 - werkzeug - INFO - 127.0.0.1 - - [05/Nov/2025 15:41:36] "GET /api/systems/all HTTP/1.1" 200 -
2025-11-05 15:41:36,698 - werkzeug - INFO - 127.0.0.1 - - [05/Nov/2025 15:41:36] "GET /api/screenshot/google HTTP/1.1" 200 -
2025-11-05 15:41:36,698 - werkzeug - INFO - 127.0.0.1 - - [05/Nov/2025 15:41:36] "GET /api/screenshot/peoplesoft HTTP/1.1" 200 -
2025-11-05 15:41:36,963 - werkzeug - INFO - 127.0.0.1 - - [05/Nov/2025 15:41:36] "GET /storage/screenshots/google/screenshot_20251105_153858.png?t=1762368096703 HTTP/1.1" 200 -
2025-11-05 15:41:37,013 - werkzeug - INFO - 127.0.0.1 - - [05/Nov/2025 15:41:37] "GET /storage/screenshots/peoplesoft/screenshot_20251105_125932.png?t=1762368096703 HTTP/1.1" 200 -
2025-11-05 15:42:10,387 - werkzeug - INFO - 127.0.0.1 - - [05/Nov/2025 15:42:10] "GET /api/screenshot/google HTTP/1.1" 200 -
2025-11-05 15:42:10,392 - werkzeug - INFO - 127.0.0.1 - - [05/Nov/2025 15:42:10] "GET /api/screenshot/peoplesoft HTTP/1.1" 200 -
2025-11-05 15:42:10,700 - werkzeug - INFO - 127.0.0.1 - - [05/Nov/2025 15:42:10] "GET /storage/screenshots/google/screenshot_20251105_153858.png?t=1762368130397 HTTP/1.1" 200 -
2025-11-05 15:42:10,700 - werkzeug - INFO - 127.0.0.1 - - [05/Nov/2025 15:42:10] "GET /api/screenshot/peoplesoft HTTP/1.1" 200 -
2025-11-05 15:42:10,700 - werkzeug - INFO - 127.0.0.1 - - [05/Nov/2025 15:42:10] "GET /api/systems/all HTTP/1.1" 200 -
2025-11-05 15:42:10,700 - werkzeug - INFO - 127.0.0.1 - - [05/Nov/2025 15:42:10] "GET /storage/screenshots/peoplesoft/screenshot_20251105_125932.png?t=1762368130397 HTTP/1.1" 200 -
2025-11-05 15:42:11,028 - werkzeug - INFO - 127.0.0.1 - - [05/Nov/2025 15:42:11] "GET /api/screenshot/peoplesoft HTTP/1.1" 200 -
2025-11-05 15:42:11,028 - werkzeug - INFO - 127.0.0.1 - - [05/Nov/2025 15:42:11] "GET /api/screenshot/google HTTP/1.1" 200 -
2025-11-05 15:42:11,028 - werkzeug - INFO - 127.0.0.1 - - [05/Nov/2025 15:42:11] "GET /storage/screenshots/peoplesoft/screenshot_20251105_125932.png?t=1762368130714 HTTP/1.1" 200 -
2025-11-05 15:42:11,283 - werkzeug - INFO - 127.0.0.1 - - [05/Nov/2025 15:42:11] "GET /storage/screenshots/peoplesoft/screenshot_20251105_125932.png?t=1762368131036 HTTP/1.1" 200 -
2025-11-05 15:42:11,346 - werkzeug - INFO - 127.0.0.1 - - [05/Nov/2025 15:42:11] "GET /storage/screenshots/google/screenshot_20251105_153858.png?t=1762368131037 HTTP/1.1" 200 -
2025-11-05 15:43:10,378 - werkzeug - INFO - 127.0.0.1 - - [05/Nov/2025 15:43:10] "GET /api/screenshot/peoplesoft HTTP/1.1" 200 -
2025-11-05 15:43:10,378 - werkzeug - INFO - 127.0.0.1 - - [05/Nov/2025 15:43:10] "GET /api/systems/all HTTP/1.1" 200 -
2025-11-05 15:43:10,692 - werkzeug - INFO - 127.0.0.1 - - [05/Nov/2025 15:43:10] "GET /api/screenshot/google HTTP/1.1" 200 -
2025-11-05 15:43:10,692 - werkzeug - INFO - 127.0.0.1 - - [05/Nov/2025 15:43:10] "GET /api/screenshot/peoplesoft HTTP/1.1" 200 -
2025-11-05 15:43:10,692 - werkzeug - INFO - 127.0.0.1 - - [05/Nov/2025 15:43:10] "GET /storage/screenshots/peoplesoft/screenshot_20251105_125932.png?t=1762368190383 HTTP/1.1" 200 -
2025-11-05 15:43:10,692 - werkzeug - INFO - 127.0.0.1 - - [05/Nov/2025 15:43:10] "GET /api/screenshot/google HTTP/1.1" 200 -
2025-11-05 15:43:10,692 - werkzeug - INFO - 127.0.0.1 - - [05/Nov/2025 15:43:10] "GET /api/screenshot/peoplesoft HTTP/1.1" 200 -
2025-11-05 15:43:11,014 - werkzeug - INFO - 127.0.0.1 - - [05/Nov/2025 15:43:11] "GET /storage/screenshots/google/screenshot_20251105_153858.png?t=1762368190700 HTTP/1.1" 200 -
2025-11-05 15:43:11,014 - werkzeug - INFO - 127.0.0.1 - - [05/Nov/2025 15:43:11] "GET /storage/screenshots/peoplesoft/screenshot_20251105_125932.png?t=1762368190701 HTTP/1.1" 200 -
2025-11-05 15:43:11,014 - werkzeug - INFO - 127.0.0.1 - - [05/Nov/2025 15:43:11] "GET /storage/screenshots/google/screenshot_20251105_153858.png?t=1762368190707 HTTP/1.1" 200 -
2025-11-05 15:43:11,329 - werkzeug - INFO - 127.0.0.1 - - [05/Nov/2025 15:43:11] "GET /storage/screenshots/peoplesoft/screenshot_20251105_125932.png?t=1762368190708 HTTP/1.1" 200 -
2025-11-05 15:43:42,814 - apscheduler.executors.default - INFO - Running job "Coleta google (trigger: interval[0:05:00], next run at: 2025-11-05 15:48:42 -03)" (scheduled at 2025-11-05 15:43:42.814413-03:00)
2025-11-05 15:43:42,816 - apscheduler.executors.default - INFO - Running job "Coleta peoplesoft (trigger: interval[0:05:00], next run at: 2025-11-05 15:48:42 -03)" (scheduled at 2025-11-05 15:43:42.814413-03:00)
2025-11-05 15:43:42,816 - orchestrator.orchestrator - INFO - 🔄 Coletando: google
2025-11-05 15:43:42,816 - orchestrator.orchestrator - INFO - 🔄 Coletando: peoplesoft
2025-11-05 15:43:42,816 - collectors.google_collector - INFO - 📸 Coletando dados: Google
2025-11-05 15:43:42,816 - collectors.peoplesoft_collector - INFO - 📸 Coletando dados: PeopleSoft
2025-11-05 15:43:42,816 - collectors.google_collector - INFO - 🎭 Modo HEADLESS ativado
2025-11-05 15:43:42,816 - collectors.peoplesoft_collector - INFO - 👀 Modo VISUAL ativado (com interface)
2025-11-05 15:43:44,832 - collectors.google_collector - INFO - ✓ WebDriver inicializado
2025-11-05 15:43:44,832 - collectors.google_collector - INFO - Navegando para: https://www.google.com
2025-11-05 15:43:45,156 - collectors.peoplesoft_collector - INFO - ✓ WebDriver inicializado
2025-11-05 15:43:45,157 - collectors.peoplesoft_collector - INFO - 🔐 Fazendo login...
2025-11-05 15:43:45,640 - collectors.peoplesoft_collector - ERROR - ❌ Erro ao capturar: Message: unknown error: net::ERR_NAME_NOT_RESOLVED
  (Session info: chrome=141.0.7390.123)
Stacktrace:
	GetHandleVerifier [0x0x7ff7095de8e5+80021]
	GetHandleVerifier [0x0x7ff7095de940+80112]
	(No symbol) [0x0x7ff70936060f]
	(No symbol) [0x0x7ff70935d0bf]
	(No symbol) [0x0x7ff70934dae9]
	(No symbol) [0x0x7ff70934f94e]
	(No symbol) [0x0x7ff70934e0d2]
	(No symbol) [0x0x7ff70934d859]
	(No symbol) [0x0x7ff70934d51d]
	(No symbol) [0x0x7ff70934b08c]
	(No symbol) [0x0x7ff70934b91c]
	(No symbol) [0x0x7ff7093646da]
	(No symbol) [0x0x7ff70940a47e]
	(No symbol) [0x0x7ff7093e122a]
	(No symbol) [0x0x7ff70940968a]
	(No symbol) [0x0x7ff7093e1003]
	(No symbol) [0x0x7ff7093a95d1]
	(No symbol) [0x0x7ff7093aa3f3]
	GetHandleVerifier [0x0x7ff70989dc7d+2960429]
	GetHandleVerifier [0x0x7ff709897f3a+2936554]
	GetHandleVerifier [0x0x7ff7098b8977+3070247]
	GetHandleVerifier [0x0x7ff7095f83ce+185214]
	GetHandleVerifier [0x0x7ff7095ffe1f+216527]
	GetHandleVerifier [0x0x7ff7095e7b24+117460]
	GetHandleVerifier [0x0x7ff7095e7cdf+117903]
	GetHandleVerifier [0x0x7ff7095cdbb8+11112]
	BaseThreadInitThunk [0x0x7ff96f65e8d7+23]
	RtlUserThreadStart [0x0x7ff96ffac53c+44]

Traceback (most recent call last):
  File "C:\Users\ferib\OneDrive\Documentos\Projetos\process_screen_monitoring\process_screen_monitoring\collectors\peoplesoft_collector.py", line 150, in _capture_and_extract
    self.driver.get(self.base_url)
  File "C:\Users\ferib\AppData\Roaming\Python\Python312\site-packages\selenium\webdriver\remote\webdriver.py", line 356, in get
    self.execute(Command.GET, {"url": url})
  File "C:\Users\ferib\AppData\Roaming\Python\Python312\site-packages\selenium\webdriver\remote\webdriver.py", line 347, in execute
    self.error_handler.check_response(response)
  File "C:\Users\ferib\AppData\Roaming\Python\Python312\site-packages\selenium\webdriver\remote\errorhandler.py", line 229, in check_response
    raise exception_class(message, screen, stacktrace)
selenium.common.exceptions.WebDriverException: Message: unknown error: net::ERR_NAME_NOT_RESOLVED
  (Session info: chrome=141.0.7390.123)
Stacktrace:
	GetHandleVerifier [0x0x7ff7095de8e5+80021]
	GetHandleVerifier [0x0x7ff7095de940+80112]
	(No symbol) [0x0x7ff70936060f]
	(No symbol) [0x0x7ff70935d0bf]
	(No symbol) [0x0x7ff70934dae9]
	(No symbol) [0x0x7ff70934f94e]
	(No symbol) [0x0x7ff70934e0d2]
	(No symbol) [0x0x7ff70934d859]
	(No symbol) [0x0x7ff70934d51d]
	(No symbol) [0x0x7ff70934b08c]
	(No symbol) [0x0x7ff70934b91c]
	(No symbol) [0x0x7ff7093646da]
	(No symbol) [0x0x7ff70940a47e]
	(No symbol) [0x0x7ff7093e122a]
	(No symbol) [0x0x7ff70940968a]
	(No symbol) [0x0x7ff7093e1003]
	(No symbol) [0x0x7ff7093a95d1]
	(No symbol) [0x0x7ff7093aa3f3]
	GetHandleVerifier [0x0x7ff70989dc7d+2960429]
	GetHandleVerifier [0x0x7ff709897f3a+2936554]
	GetHandleVerifier [0x0x7ff7098b8977+3070247]
	GetHandleVerifier [0x0x7ff7095f83ce+185214]
	GetHandleVerifier [0x0x7ff7095ffe1f+216527]
	GetHandleVerifier [0x0x7ff7095e7b24+117460]
	GetHandleVerifier [0x0x7ff7095e7cdf+117903]
	GetHandleVerifier [0x0x7ff7095cdbb8+11112]
	BaseThreadInitThunk [0x0x7ff96f65e8d7+23]
	RtlUserThreadStart [0x0x7ff96ffac53c+44]


2025-11-05 15:43:51,898 - collectors.base_collector - ERROR - ❌ Erro em PeopleSoft: Falha ao capturar dados
2025-11-05 15:43:51,898 - processors.data_processors - INFO - ✓ Dados de peoplesoft processados
2025-11-05 15:43:51,916 - backend.websocket_handlers - INFO - 📡 Broadcasting update: peoplesoft
2025-11-05 15:43:51,916 - orchestrator.orchestrator - INFO - ✓ Coleta concluída: peoplesoft
2025-11-05 15:43:51,916 - apscheduler.executors.default - INFO - Job "Coleta peoplesoft (trigger: interval[0:05:00], next run at: 2025-11-05 15:48:42 -03)" executed successfully
2025-11-05 15:43:58,143 - collectors.google_collector - WARNING - ⚠ Logo do Google não encontrado
2025-11-05 15:43:58,166 - collectors.google_collector - INFO - ✓ Screenshot salvo: storage/screenshots/google/screenshot_20251105_154358.png
2025-11-05 15:44:04,408 - processors.data_processors - INFO - ✓ Dados de google processados
2025-11-05 15:44:04,428 - backend.websocket_handlers - INFO - 📡 Broadcasting update: google
2025-11-05 15:44:04,429 - orchestrator.orchestrator - INFO - ✓ Coleta concluída: google
2025-11-05 15:44:04,429 - apscheduler.executors.default - INFO - Job "Coleta google (trigger: interval[0:05:00], next run at: 2025-11-05 15:48:42 -03)" executed successfully
2025-11-05 15:44:10,391 - werkzeug - INFO - 127.0.0.1 - - [05/Nov/2025 15:44:10] "GET /api/screenshot/peoplesoft HTTP/1.1" 200 -
2025-11-05 15:44:10,392 - werkzeug - INFO - 127.0.0.1 - - [05/Nov/2025 15:44:10] "GET /api/systems/all HTTP/1.1" 200 -
2025-11-05 15:44:10,696 - werkzeug - INFO - 127.0.0.1 - - [05/Nov/2025 15:44:10] "GET /api/screenshot/google HTTP/1.1" 200 -
2025-11-05 15:44:10,696 - werkzeug - INFO - 127.0.0.1 - - [05/Nov/2025 15:44:10] "GET /api/screenshot/peoplesoft HTTP/1.1" 200 -
2025-11-05 15:44:10,703 - werkzeug - INFO - 127.0.0.1 - - [05/Nov/2025 15:44:10] "GET /storage/screenshots/peoplesoft/screenshot_20251105_125932.png?t=1762368250395 HTTP/1.1" 200 -
2025-11-05 15:44:10,703 - werkzeug - INFO - 127.0.0.1 - - [05/Nov/2025 15:44:10] "GET /api/screenshot/google HTTP/1.1" 200 -
2025-11-05 15:44:10,704 - werkzeug - INFO - 127.0.0.1 - - [05/Nov/2025 15:44:10] "GET /api/screenshot/peoplesoft HTTP/1.1" 200 -
2025-11-05 15:44:11,015 - werkzeug - INFO - 127.0.0.1 - - [05/Nov/2025 15:44:11] "GET /storage/screenshots/peoplesoft/screenshot_20251105_125932.png?t=1762368250699 HTTP/1.1" 200 -
2025-11-05 15:44:11,028 - werkzeug - INFO - 127.0.0.1 - - [05/Nov/2025 15:44:11] "GET /storage/screenshots/google/screenshot_20251105_154358.png?t=1762368250711 HTTP/1.1" 200 -
2025-11-05 15:44:11,028 - werkzeug - INFO - 127.0.0.1 - - [05/Nov/2025 15:44:11] "GET /storage/screenshots/google/screenshot_20251105_154358.png?t=1762368250698 HTTP/1.1" 200 -
2025-11-05 15:44:11,321 - werkzeug - INFO - 127.0.0.1 - - [05/Nov/2025 15:44:11] "GET /storage/screenshots/peoplesoft/screenshot_20251105_125932.png?t=1762368250712 HTTP/1.1" 200 -
2025-11-05 15:44:27,982 - werkzeug - INFO - 127.0.0.1 - - [05/Nov/2025 15:44:27] "GET /api/screenshot/peoplesoft HTTP/1.1" 200 -
2025-11-05 15:44:28,300 - werkzeug - INFO - 127.0.0.1 - - [05/Nov/2025 15:44:28] "GET /storage/screenshots/peoplesoft/screenshot_20251105_125932.png?t=1762368267991 HTTP/1.1" 200 -
2025-11-05 15:45:10,697 - werkzeug - INFO - 127.0.0.1 - - [05/Nov/2025 15:45:10] "GET /api/systems/all HTTP/1.1" 200 -
2025-11-05 15:45:10,697 - werkzeug - INFO - 127.0.0.1 - - [05/Nov/2025 15:45:10] "GET /api/screenshot/google HTTP/1.1" 200 -
2025-11-05 15:45:10,697 - werkzeug - INFO - 127.0.0.1 - - [05/Nov/2025 15:45:10] "GET /api/screenshot/peoplesoft HTTP/1.1" 200 -
2025-11-05 15:45:10,958 - werkzeug - INFO - 127.0.0.1 - - [05/Nov/2025 15:45:10] "GET /api/screenshot/google HTTP/1.1" 200 -
2025-11-05 15:45:11,025 - werkzeug - INFO - 127.0.0.1 - - [05/Nov/2025 15:45:11] "GET /storage/screenshots/google/screenshot_20251105_154358.png?t=1762368310704 HTTP/1.1" 200 -
2025-11-05 15:45:11,025 - werkzeug - INFO - 127.0.0.1 - - [05/Nov/2025 15:45:11] "GET /api/screenshot/peoplesoft HTTP/1.1" 200 -
2025-11-05 15:45:11,026 - werkzeug - INFO - 127.0.0.1 - - [05/Nov/2025 15:45:11] "GET /storage/screenshots/peoplesoft/screenshot_20251105_125932.png?t=1762368310706 HTTP/1.1" 200 -
2025-11-05 15:45:11,028 - werkzeug - INFO - 127.0.0.1 - - [05/Nov/2025 15:45:11] "GET /storage/screenshots/google/screenshot_20251105_154358.png?t=1762368310963 HTTP/1.1" 200 -
2025-11-05 15:45:11,266 - werkzeug - INFO - 127.0.0.1 - - [05/Nov/2025 15:45:11] "GET /storage/screenshots/peoplesoft/screenshot_20251105_125932.png?t=1762368311029 HTTP/1.1" 200 -
2025-11-05 15:46:10,390 - werkzeug - INFO - 127.0.0.1 - - [05/Nov/2025 15:46:10] "GET /api/systems/all HTTP/1.1" 200 -
2025-11-05 15:46:10,692 - werkzeug - INFO - 127.0.0.1 - - [05/Nov/2025 15:46:10] "GET /api/screenshot/google HTTP/1.1" 200 -
2025-11-05 15:46:10,692 - werkzeug - INFO - 127.0.0.1 - - [05/Nov/2025 15:46:10] "GET /api/screenshot/peoplesoft HTTP/1.1" 200 -
2025-11-05 15:46:10,692 - werkzeug - INFO - 127.0.0.1 - - [05/Nov/2025 15:46:10] "GET /api/screenshot/google HTTP/1.1" 200 -
2025-11-05 15:46:10,692 - werkzeug - INFO - 127.0.0.1 - - [05/Nov/2025 15:46:10] "GET /api/screenshot/peoplesoft HTTP/1.1" 200 -
2025-11-05 15:46:11,004 - werkzeug - INFO - 127.0.0.1 - - [05/Nov/2025 15:46:11] "GET /storage/screenshots/google/screenshot_20251105_154358.png?t=1762368370700 HTTP/1.1" 200 -
2025-11-05 15:46:11,004 - werkzeug - INFO - 127.0.0.1 - - [05/Nov/2025 15:46:11] "GET /storage/screenshots/peoplesoft/screenshot_20251105_125932.png?t=1762368370701 HTTP/1.1" 200 -
2025-11-05 15:46:11,004 - werkzeug - INFO - 127.0.0.1 - - [05/Nov/2025 15:46:11] "GET /storage/screenshots/google/screenshot_20251105_154358.png?t=1762368370705 HTTP/1.1" 200 -
2025-11-05 15:46:11,326 - werkzeug - INFO - 127.0.0.1 - - [05/Nov/2025 15:46:11] "GET /storage/screenshots/peoplesoft/screenshot_20251105_125932.png?t=1762368370706 HTTP/1.1" 200 -
2025-11-05 15:47:10,689 - werkzeug - INFO - 127.0.0.1 - - [05/Nov/2025 15:47:10] "GET /api/screenshot/google HTTP/1.1" 200 -
2025-11-05 15:47:10,689 - werkzeug - INFO - 127.0.0.1 - - [05/Nov/2025 15:47:10] "GET /api/systems/all HTTP/1.1" 200 -
2025-11-05 15:47:10,689 - werkzeug - INFO - 127.0.0.1 - - [05/Nov/2025 15:47:10] "GET /api/screenshot/peoplesoft HTTP/1.1" 200 -
2025-11-05 15:47:10,956 - werkzeug - INFO - 127.0.0.1 - - [05/Nov/2025 15:47:10] "GET /api/screenshot/google HTTP/1.1" 200 -
2025-11-05 15:47:11,016 - werkzeug - INFO - 127.0.0.1 - - [05/Nov/2025 15:47:11] "GET /api/screenshot/peoplesoft HTTP/1.1" 200 -
2025-11-05 15:47:11,016 - werkzeug - INFO - 127.0.0.1 - - [05/Nov/2025 15:47:11] "GET /storage/screenshots/google/screenshot_20251105_154358.png?t=1762368430698 HTTP/1.1" 200 -
2025-11-05 15:47:11,016 - werkzeug - INFO - 127.0.0.1 - - [05/Nov/2025 15:47:11] "GET /storage/screenshots/peoplesoft/screenshot_20251105_125932.png?t=1762368430699 HTTP/1.1" 200 -
2025-11-05 15:47:11,016 - werkzeug - INFO - 127.0.0.1 - - [05/Nov/2025 15:47:11] "GET /storage/screenshots/google/screenshot_20251105_154358.png?t=1762368430958 HTTP/1.1" 200 -
2025-11-05 15:47:11,263 - werkzeug - INFO - 127.0.0.1 - - [05/Nov/2025 15:47:11] "GET /storage/screenshots/peoplesoft/screenshot_20251105_125932.png?t=1762368431020 HTTP/1.1" 200 -
2025-11-05 15:48:10,385 - werkzeug - INFO - 127.0.0.1 - - [05/Nov/2025 15:48:10] "GET /api/systems/all HTTP/1.1" 200 -
2025-11-05 15:48:10,693 - werkzeug - INFO - 127.0.0.1 - - [05/Nov/2025 15:48:10] "GET /api/screenshot/google HTTP/1.1" 200 -
2025-11-05 15:48:10,694 - werkzeug - INFO - 127.0.0.1 - - [05/Nov/2025 15:48:10] "GET /api/screenshot/peoplesoft HTTP/1.1" 200 -
2025-11-05 15:48:10,699 - werkzeug - INFO - 127.0.0.1 - - [05/Nov/2025 15:48:10] "GET /api/screenshot/peoplesoft HTTP/1.1" 200 -
2025-11-05 15:48:10,700 - werkzeug - INFO - 127.0.0.1 - - [05/Nov/2025 15:48:10] "GET /api/screenshot/google HTTP/1.1" 200 -
2025-11-05 15:48:11,016 - werkzeug - INFO - 127.0.0.1 - - [05/Nov/2025 15:48:11] "GET /storage/screenshots/google/screenshot_20251105_154358.png?t=1762368490698 HTTP/1.1" 200 -
2025-11-05 15:48:11,016 - werkzeug - INFO - 127.0.0.1 - - [05/Nov/2025 15:48:11] "GET /storage/screenshots/peoplesoft/screenshot_20251105_125932.png?t=1762368490698 HTTP/1.1" 200 -
2025-11-05 15:48:11,017 - werkzeug - INFO - 127.0.0.1 - - [05/Nov/2025 15:48:11] "GET /storage/screenshots/peoplesoft/screenshot_20251105_125932.png?t=1762368490702 HTTP/1.1" 200 -
2025-11-05 15:48:11,340 - werkzeug - INFO - 127.0.0.1 - - [05/Nov/2025 15:48:11] "GET /storage/screenshots/google/screenshot_20251105_154358.png?t=1762368490703 HTTP/1.1" 200 -
2025-11-05 15:48:42,824 - apscheduler.executors.default - INFO - Running job "Coleta google (trigger: interval[0:05:00], next run at: 2025-11-05 15:53:42 -03)" (scheduled at 2025-11-05 15:48:42.814413-03:00)
2025-11-05 15:48:42,825 - apscheduler.executors.default - INFO - Running job "Coleta peoplesoft (trigger: interval[0:05:00], next run at: 2025-11-05 15:53:42 -03)" (scheduled at 2025-11-05 15:48:42.814413-03:00)
2025-11-05 15:48:42,825 - orchestrator.orchestrator - INFO - 🔄 Coletando: google
2025-11-05 15:48:42,825 - orchestrator.orchestrator - INFO - 🔄 Coletando: peoplesoft
2025-11-05 15:48:42,825 - collectors.google_collector - INFO - 📸 Coletando dados: Google
2025-11-05 15:48:42,825 - collectors.peoplesoft_collector - INFO - 📸 Coletando dados: PeopleSoft
2025-11-05 15:48:42,825 - collectors.google_collector - INFO - 🎭 Modo HEADLESS ativado
2025-11-05 15:48:42,826 - collectors.peoplesoft_collector - INFO - 👀 Modo VISUAL ativado (com interface)
2025-11-05 15:48:44,821 - collectors.google_collector - INFO - ✓ WebDriver inicializado
2025-11-05 15:48:44,822 - collectors.peoplesoft_collector - INFO - ✓ WebDriver inicializado
2025-11-05 15:48:44,822 - collectors.google_collector - INFO - Navegando para: https://www.google.com
2025-11-05 15:48:44,823 - collectors.peoplesoft_collector - INFO - 🔐 Fazendo login...
2025-11-05 15:48:45,381 - collectors.peoplesoft_collector - ERROR - ❌ Erro ao capturar: Message: unknown error: net::ERR_NAME_NOT_RESOLVED
  (Session info: chrome=141.0.7390.123)
Stacktrace:
	GetHandleVerifier [0x0x7ff7095de8e5+80021]
	GetHandleVerifier [0x0x7ff7095de940+80112]
	(No symbol) [0x0x7ff70936060f]
	(No symbol) [0x0x7ff70935d0bf]
	(No symbol) [0x0x7ff70934dae9]
	(No symbol) [0x0x7ff70934f94e]
	(No symbol) [0x0x7ff70934e0d2]
	(No symbol) [0x0x7ff70934d859]
	(No symbol) [0x0x7ff70934d51d]
	(No symbol) [0x0x7ff70934b08c]
	(No symbol) [0x0x7ff70934b91c]
	(No symbol) [0x0x7ff7093646da]
	(No symbol) [0x0x7ff70940a47e]
	(No symbol) [0x0x7ff7093e122a]
	(No symbol) [0x0x7ff70940968a]
	(No symbol) [0x0x7ff7093e1003]
	(No symbol) [0x0x7ff7093a95d1]
	(No symbol) [0x0x7ff7093aa3f3]
	GetHandleVerifier [0x0x7ff70989dc7d+2960429]
	GetHandleVerifier [0x0x7ff709897f3a+2936554]
	GetHandleVerifier [0x0x7ff7098b8977+3070247]
	GetHandleVerifier [0x0x7ff7095f83ce+185214]
	GetHandleVerifier [0x0x7ff7095ffe1f+216527]
	GetHandleVerifier [0x0x7ff7095e7b24+117460]
	GetHandleVerifier [0x0x7ff7095e7cdf+117903]
	GetHandleVerifier [0x0x7ff7095cdbb8+11112]
	BaseThreadInitThunk [0x0x7ff96f65e8d7+23]
	RtlUserThreadStart [0x0x7ff96ffac53c+44]

Traceback (most recent call last):
  File "C:\Users\ferib\OneDrive\Documentos\Projetos\process_screen_monitoring\process_screen_monitoring\collectors\peoplesoft_collector.py", line 150, in _capture_and_extract
    self.driver.get(self.base_url)
  File "C:\Users\ferib\AppData\Roaming\Python\Python312\site-packages\selenium\webdriver\remote\webdriver.py", line 356, in get
    self.execute(Command.GET, {"url": url})
  File "C:\Users\ferib\AppData\Roaming\Python\Python312\site-packages\selenium\webdriver\remote\webdriver.py", line 347, in execute
    self.error_handler.check_response(response)
  File "C:\Users\ferib\AppData\Roaming\Python\Python312\site-packages\selenium\webdriver\remote\errorhandler.py", line 229, in check_response
    raise exception_class(message, screen, stacktrace)
selenium.common.exceptions.WebDriverException: Message: unknown error: net::ERR_NAME_NOT_RESOLVED
  (Session info: chrome=141.0.7390.123)
Stacktrace:
	GetHandleVerifier [0x0x7ff7095de8e5+80021]
	GetHandleVerifier [0x0x7ff7095de940+80112]
	(No symbol) [0x0x7ff70936060f]
	(No symbol) [0x0x7ff70935d0bf]
	(No symbol) [0x0x7ff70934dae9]
	(No symbol) [0x0x7ff70934f94e]
	(No symbol) [0x0x7ff70934e0d2]
	(No symbol) [0x0x7ff70934d859]
	(No symbol) [0x0x7ff70934d51d]
	(No symbol) [0x0x7ff70934b08c]
	(No symbol) [0x0x7ff70934b91c]
	(No symbol) [0x0x7ff7093646da]
	(No symbol) [0x0x7ff70940a47e]
	(No symbol) [0x0x7ff7093e122a]
	(No symbol) [0x0x7ff70940968a]
	(No symbol) [0x0x7ff7093e1003]
	(No symbol) [0x0x7ff7093a95d1]
	(No symbol) [0x0x7ff7093aa3f3]
	GetHandleVerifier [0x0x7ff70989dc7d+2960429]
	GetHandleVerifier [0x0x7ff709897f3a+2936554]
	GetHandleVerifier [0x0x7ff7098b8977+3070247]
	GetHandleVerifier [0x0x7ff7095f83ce+185214]
	GetHandleVerifier [0x0x7ff7095ffe1f+216527]
	GetHandleVerifier [0x0x7ff7095e7b24+117460]
	GetHandleVerifier [0x0x7ff7095e7cdf+117903]
	GetHandleVerifier [0x0x7ff7095cdbb8+11112]
	BaseThreadInitThunk [0x0x7ff96f65e8d7+23]
	RtlUserThreadStart [0x0x7ff96ffac53c+44]


2025-11-05 15:48:51,685 - collectors.base_collector - ERROR - ❌ Erro em PeopleSoft: Falha ao capturar dados
2025-11-05 15:48:51,685 - processors.data_processors - INFO - ✓ Dados de peoplesoft processados
2025-11-05 15:48:51,701 - backend.websocket_handlers - INFO - 📡 Broadcasting update: peoplesoft
2025-11-05 15:48:51,701 - orchestrator.orchestrator - INFO - ✓ Coleta concluída: peoplesoft
2025-11-05 15:48:51,701 - apscheduler.executors.default - INFO - Job "Coleta peoplesoft (trigger: interval[0:05:00], next run at: 2025-11-05 15:53:42 -03)" executed successfully
2025-11-05 15:48:54,781 - werkzeug - INFO - 127.0.0.1 - - [05/Nov/2025 15:48:54] "GET /api/systems/all HTTP/1.1" 200 -
2025-11-05 15:48:55,088 - werkzeug - INFO - 127.0.0.1 - - [05/Nov/2025 15:48:55] "GET /api/screenshot/google HTTP/1.1" 200 -
2025-11-05 15:48:55,088 - werkzeug - INFO - 127.0.0.1 - - [05/Nov/2025 15:48:55] "GET /api/screenshot/peoplesoft HTTP/1.1" 200 -
2025-11-05 15:48:55,098 - werkzeug - INFO - 127.0.0.1 - - [05/Nov/2025 15:48:55] "GET /api/screenshot/google HTTP/1.1" 200 -
2025-11-05 15:48:55,100 - werkzeug - INFO - 127.0.0.1 - - [05/Nov/2025 15:48:55] "GET /api/screenshot/peoplesoft HTTP/1.1" 200 -
2025-11-05 15:48:55,404 - werkzeug - INFO - 127.0.0.1 - - [05/Nov/2025 15:48:55] "GET /storage/screenshots/google/screenshot_20251105_154358.png?t=1762368535092 HTTP/1.1" 200 -
2025-11-05 15:48:55,405 - werkzeug - INFO - 127.0.0.1 - - [05/Nov/2025 15:48:55] "GET /storage/screenshots/peoplesoft/screenshot_20251105_125932.png?t=1762368535093 HTTP/1.1" 200 -
2025-11-05 15:48:55,413 - werkzeug - INFO - 127.0.0.1 - - [05/Nov/2025 15:48:55] "GET /storage/screenshots/google/screenshot_20251105_154358.png?t=1762368535104 HTTP/1.1" 200 -
2025-11-05 15:48:55,413 - werkzeug - INFO - 127.0.0.1 - - [05/Nov/2025 15:48:55] "GET /storage/screenshots/peoplesoft/screenshot_20251105_125932.png?t=1762368535105 HTTP/1.1" 200 -
2025-11-05 15:48:56,071 - werkzeug - INFO - 127.0.0.1 - - [05/Nov/2025 15:48:56] "GET /api/systems/all HTTP/1.1" 200 -
2025-11-05 15:48:56,071 - werkzeug - INFO - 127.0.0.1 - - [05/Nov/2025 15:48:56] "GET /api/screenshot/google HTTP/1.1" 200 -
2025-11-05 15:48:56,071 - werkzeug - INFO - 127.0.0.1 - - [05/Nov/2025 15:48:56] "GET /api/screenshot/peoplesoft HTTP/1.1" 200 -
2025-11-05 15:48:56,339 - werkzeug - INFO - 127.0.0.1 - - [05/Nov/2025 15:48:56] "GET /api/screenshot/google HTTP/1.1" 200 -
2025-11-05 15:48:56,395 - werkzeug - INFO - 127.0.0.1 - - [05/Nov/2025 15:48:56] "GET /api/screenshot/peoplesoft HTTP/1.1" 200 -
2025-11-05 15:48:56,396 - werkzeug - INFO - 127.0.0.1 - - [05/Nov/2025 15:48:56] "GET /storage/screenshots/peoplesoft/screenshot_20251105_125932.png?t=1762368536081 HTTP/1.1" 200 -
2025-11-05 15:48:56,397 - werkzeug - INFO - 127.0.0.1 - - [05/Nov/2025 15:48:56] "GET /storage/screenshots/google/screenshot_20251105_154358.png?t=1762368536081 HTTP/1.1" 200 -
2025-11-05 15:48:56,397 - werkzeug - INFO - 127.0.0.1 - - [05/Nov/2025 15:48:56] "GET /storage/screenshots/google/screenshot_20251105_154358.png?t=1762368536342 HTTP/1.1" 200 -
2025-11-05 15:48:56,659 - werkzeug - INFO - 127.0.0.1 - - [05/Nov/2025 15:48:56] "GET /storage/screenshots/peoplesoft/screenshot_20251105_125932.png?t=1762368536401 HTTP/1.1" 200 -
2025-11-05 15:48:58,031 - collectors.google_collector - WARNING - ⚠ Logo do Google não encontrado
2025-11-05 15:48:58,078 - collectors.google_collector - INFO - ✓ Screenshot salvo: storage/screenshots/google/screenshot_20251105_154858.png
2025-11-05 15:49:04,321 - processors.data_processors - INFO - ✓ Dados de google processados
2025-11-05 15:49:04,337 - backend.websocket_handlers - INFO - 📡 Broadcasting update: google
2025-11-05 15:49:04,337 - orchestrator.orchestrator - INFO - ✓ Coleta concluída: google
2025-11-05 15:49:04,337 - apscheduler.executors.default - INFO - Job "Coleta google (trigger: interval[0:05:00], next run at: 2025-11-05 15:53:42 -03)" executed successfully
2025-11-05 15:49:06,384 - werkzeug - INFO - 127.0.0.1 - - [05/Nov/2025 15:49:06] "GET /api/systems/all HTTP/1.1" 200 -
2025-11-05 15:49:06,689 - werkzeug - INFO - 127.0.0.1 - - [05/Nov/2025 15:49:06] "GET /api/screenshot/google HTTP/1.1" 200 -
2025-11-05 15:49:06,689 - werkzeug - INFO - 127.0.0.1 - - [05/Nov/2025 15:49:06] "GET /api/screenshot/peoplesoft HTTP/1.1" 200 -
2025-11-05 15:49:06,981 - werkzeug - INFO - 127.0.0.1 - - [05/Nov/2025 15:49:06] "GET /storage/screenshots/google/screenshot_20251105_154858.png?t=1762368546696 HTTP/1.1" 200 -
2025-11-05 15:49:06,999 - werkzeug - INFO - 127.0.0.1 - - [05/Nov/2025 15:49:06] "GET /storage/screenshots/peoplesoft/screenshot_20251105_125932.png?t=1762368546696 HTTP/1.1" 200 -
2025-11-05 15:49:10,915 - werkzeug - INFO - 127.0.0.1 - - [05/Nov/2025 15:49:10] "GET /api/screenshot/google HTTP/1.1" 200 -
2025-11-05 15:49:11,234 - werkzeug - INFO - 127.0.0.1 - - [05/Nov/2025 15:49:11] "GET /api/screenshot/peoplesoft HTTP/1.1" 200 -
2025-11-05 15:49:11,244 - werkzeug - INFO - 127.0.0.1 - - [05/Nov/2025 15:49:11] "GET /storage/screenshots/google/screenshot_20251105_154858.png?t=1762368550924 HTTP/1.1" 200 -
2025-11-05 15:49:11,559 - werkzeug - INFO - 127.0.0.1 - - [05/Nov/2025 15:49:11] "GET /storage/screenshots/peoplesoft/screenshot_20251105_125932.png?t=1762368551243 HTTP/1.1" 200 -
2025-11-05 15:49:16,075 - werkzeug - INFO - 127.0.0.1 - - [05/Nov/2025 15:49:16] "GET /api/systems/all HTTP/1.1" 200 -
2025-11-05 15:49:16,329 - werkzeug - INFO - 127.0.0.1 - - [05/Nov/2025 15:49:16] "GET /api/screenshot/google HTTP/1.1" 200 -
2025-11-05 15:49:16,389 - werkzeug - INFO - 127.0.0.1 - - [05/Nov/2025 15:49:16] "GET /api/screenshot/peoplesoft HTTP/1.1" 200 -
2025-11-05 15:49:16,389 - werkzeug - INFO - 127.0.0.1 - - [05/Nov/2025 15:49:16] "GET /storage/screenshots/google/screenshot_20251105_154858.png?t=1762368556335 HTTP/1.1" 200 -
2025-11-05 15:49:16,647 - werkzeug - INFO - 127.0.0.1 - - [05/Nov/2025 15:49:16] "GET /storage/screenshots/peoplesoft/screenshot_20251105_125932.png?t=1762368556397 HTTP/1.1" 200 -
2025-11-05 15:49:25,782 - werkzeug - INFO - 127.0.0.1 - - [05/Nov/2025 15:49:25] "GET /api/systems/all HTTP/1.1" 200 -
2025-11-05 15:49:26,086 - werkzeug - INFO - 127.0.0.1 - - [05/Nov/2025 15:49:26] "GET /api/screenshot/peoplesoft HTTP/1.1" 200 -
2025-11-05 15:49:26,086 - werkzeug - INFO - 127.0.0.1 - - [05/Nov/2025 15:49:26] "GET /api/screenshot/google HTTP/1.1" 200 -
2025-11-05 15:49:26,088 - werkzeug - INFO - 127.0.0.1 - - [05/Nov/2025 15:49:26] "GET /api/screenshot/google HTTP/1.1" 200 -
2025-11-05 15:49:26,088 - werkzeug - INFO - 127.0.0.1 - - [05/Nov/2025 15:49:26] "GET /api/screenshot/peoplesoft HTTP/1.1" 200 -
2025-11-05 15:49:26,401 - werkzeug - INFO - 127.0.0.1 - - [05/Nov/2025 15:49:26] "GET /storage/screenshots/peoplesoft/screenshot_20251105_125932.png?t=1762368566089 HTTP/1.1" 200 -
2025-11-05 15:49:26,401 - werkzeug - INFO - 127.0.0.1 - - [05/Nov/2025 15:49:26] "GET /storage/screenshots/google/screenshot_20251105_154858.png?t=1762368566097 HTTP/1.1" 200 -
2025-11-05 15:49:26,401 - werkzeug - INFO - 127.0.0.1 - - [05/Nov/2025 15:49:26] "GET /storage/screenshots/google/screenshot_20251105_154858.png?t=1762368566090 HTTP/1.1" 200 -
2025-11-05 15:49:26,401 - werkzeug - INFO - 127.0.0.1 - - [05/Nov/2025 15:49:26] "GET /storage/screenshots/peoplesoft/screenshot_20251105_125932.png?t=1762368566098 HTTP/1.1" 200 -
2025-11-05 15:49:36,085 - werkzeug - INFO - 127.0.0.1 - - [05/Nov/2025 15:49:36] "GET /api/systems/all HTTP/1.1" 200 -
2025-11-05 15:49:36,342 - werkzeug - INFO - 127.0.0.1 - - [05/Nov/2025 15:49:36] "GET /api/screenshot/google HTTP/1.1" 200 -
2025-11-05 15:49:36,395 - werkzeug - INFO - 127.0.0.1 - - [05/Nov/2025 15:49:36] "GET /api/screenshot/peoplesoft HTTP/1.1" 200 -
2025-11-05 15:49:36,395 - werkzeug - INFO - 127.0.0.1 - - [05/Nov/2025 15:49:36] "GET /storage/screenshots/google/screenshot_20251105_154858.png?t=1762368576346 HTTP/1.1" 200 -
2025-11-05 15:49:36,654 - werkzeug - INFO - 127.0.0.1 - - [05/Nov/2025 15:49:36] "GET /storage/screenshots/peoplesoft/screenshot_20251105_125932.png?t=1762368576401 HTTP/1.1" 200 -
2025-11-05 15:49:40,771 - werkzeug - INFO - 127.0.0.1 - - [05/Nov/2025 15:49:40] "GET /api/screenshot/google HTTP/1.1" 200 -
2025-11-05 15:49:41,079 - werkzeug - INFO - 127.0.0.1 - - [05/Nov/2025 15:49:41] "GET /api/screenshot/peoplesoft HTTP/1.1" 200 -
2025-11-05 15:49:41,079 - werkzeug - INFO - 127.0.0.1 - - [05/Nov/2025 15:49:41] "GET /storage/screenshots/google/screenshot_20251105_154858.png?t=1762368580773 HTTP/1.1" 200 -
2025-11-05 15:49:41,399 - werkzeug - INFO - 127.0.0.1 - - [05/Nov/2025 15:49:41] "GET /storage/screenshots/peoplesoft/screenshot_20251105_125932.png?t=1762368581086 HTTP/1.1" 200 -
2025-11-05 15:49:45,774 - werkzeug - INFO - 127.0.0.1 - - [05/Nov/2025 15:49:45] "GET /api/systems/all HTTP/1.1" 200 -
2025-11-05 15:49:46,080 - werkzeug - INFO - 127.0.0.1 - - [05/Nov/2025 15:49:46] "GET /api/screenshot/peoplesoft HTTP/1.1" 200 -
2025-11-05 15:49:46,080 - werkzeug - INFO - 127.0.0.1 - - [05/Nov/2025 15:49:46] "GET /api/screenshot/google HTTP/1.1" 200 -
2025-11-05 15:49:46,342 - werkzeug - INFO - 127.0.0.1 - - [05/Nov/2025 15:49:46] "GET /storage/screenshots/peoplesoft/screenshot_20251105_125932.png?t=1762368586086 HTTP/1.1" 200 -
2025-11-05 15:49:46,401 - werkzeug - INFO - 127.0.0.1 - - [05/Nov/2025 15:49:46] "GET /storage/screenshots/google/screenshot_20251105_154858.png?t=1762368586086 HTTP/1.1" 200 -
2025-11-05 15:49:55,768 - werkzeug - INFO - 127.0.0.1 - - [05/Nov/2025 15:49:55] "GET /api/systems/all HTTP/1.1" 200 -
2025-11-05 15:49:56,070 - werkzeug - INFO - 127.0.0.1 - - [05/Nov/2025 15:49:56] "GET /api/screenshot/peoplesoft HTTP/1.1" 200 -
2025-11-05 15:49:56,070 - werkzeug - INFO - 127.0.0.1 - - [05/Nov/2025 15:49:56] "GET /api/screenshot/google HTTP/1.1" 200 -
2025-11-05 15:49:56,070 - werkzeug - INFO - 127.0.0.1 - - [05/Nov/2025 15:49:56] "GET /api/screenshot/peoplesoft HTTP/1.1" 200 -
2025-11-05 15:49:56,080 - werkzeug - INFO - 127.0.0.1 - - [05/Nov/2025 15:49:56] "GET /api/screenshot/google HTTP/1.1" 200 -
2025-11-05 15:49:56,394 - werkzeug - INFO - 127.0.0.1 - - [05/Nov/2025 15:49:56] "GET /storage/screenshots/google/screenshot_20251105_154858.png?t=1762368596078 HTTP/1.1" 200 -
2025-11-05 15:49:56,394 - werkzeug - INFO - 127.0.0.1 - - [05/Nov/2025 15:49:56] "GET /storage/screenshots/google/screenshot_20251105_154858.png?t=1762368596084 HTTP/1.1" 200 -
2025-11-05 15:49:56,394 - werkzeug - INFO - 127.0.0.1 - - [05/Nov/2025 15:49:56] "GET /storage/screenshots/peoplesoft/screenshot_20251105_125932.png?t=1762368596078 HTTP/1.1" 200 -
2025-11-05 15:49:56,394 - werkzeug - INFO - 127.0.0.1 - - [05/Nov/2025 15:49:56] "GET /storage/screenshots/peoplesoft/screenshot_20251105_125932.png?t=1762368596084 HTTP/1.1" 200 -
2025-11-05 15:50:06,083 - werkzeug - INFO - 127.0.0.1 - - [05/Nov/2025 15:50:06] "GET /api/systems/all HTTP/1.1" 200 -
2025-11-05 15:50:06,341 - werkzeug - INFO - 127.0.0.1 - - [05/Nov/2025 15:50:06] "GET /api/screenshot/google HTTP/1.1" 200 -
2025-11-05 15:50:06,395 - werkzeug - INFO - 127.0.0.1 - - [05/Nov/2025 15:50:06] "GET /api/screenshot/peoplesoft HTTP/1.1" 200 -
2025-11-05 15:50:06,395 - werkzeug - INFO - 127.0.0.1 - - [05/Nov/2025 15:50:06] "GET /storage/screenshots/google/screenshot_20251105_154858.png?t=1762368606346 HTTP/1.1" 200 -
2025-11-05 15:50:06,652 - werkzeug - INFO - 127.0.0.1 - - [05/Nov/2025 15:50:06] "GET /storage/screenshots/peoplesoft/screenshot_20251105_125932.png?t=1762368606401 HTTP/1.1" 200 -
2025-11-05 15:50:10,771 - werkzeug - INFO - 127.0.0.1 - - [05/Nov/2025 15:50:10] "GET /api/screenshot/google HTTP/1.1" 200 -
2025-11-05 15:50:11,081 - werkzeug - INFO - 127.0.0.1 - - [05/Nov/2025 15:50:11] "GET /api/screenshot/peoplesoft HTTP/1.1" 200 -
2025-11-05 15:50:11,081 - werkzeug - INFO - 127.0.0.1 - - [05/Nov/2025 15:50:11] "GET /storage/screenshots/google/screenshot_20251105_154858.png?t=1762368610774 HTTP/1.1" 200 -
2025-11-05 15:50:11,395 - werkzeug - INFO - 127.0.0.1 - - [05/Nov/2025 15:50:11] "GET /storage/screenshots/peoplesoft/screenshot_20251105_125932.png?t=1762368611085 HTTP/1.1" 200 -
2025-11-05 15:50:16,079 - werkzeug - INFO - 127.0.0.1 - - [05/Nov/2025 15:50:16] "GET /api/systems/all HTTP/1.1" 200 -
2025-11-05 15:50:16,332 - werkzeug - INFO - 127.0.0.1 - - [05/Nov/2025 15:50:16] "GET /api/screenshot/google HTTP/1.1" 200 -
2025-11-05 15:50:16,386 - werkzeug - INFO - 127.0.0.1 - - [05/Nov/2025 15:50:16] "GET /api/screenshot/peoplesoft HTTP/1.1" 200 -
2025-11-05 15:50:16,386 - werkzeug - INFO - 127.0.0.1 - - [05/Nov/2025 15:50:16] "GET /storage/screenshots/google/screenshot_20251105_154858.png?t=1762368616337 HTTP/1.1" 200 -
2025-11-05 15:50:16,640 - werkzeug - INFO - 127.0.0.1 - - [05/Nov/2025 15:50:16] "GET /storage/screenshots/peoplesoft/screenshot_20251105_125932.png?t=1762368616394 HTTP/1.1" 200 -
2025-11-05 15:53:42,824 - apscheduler.executors.default - INFO - Running job "Coleta google (trigger: interval[0:05:00], next run at: 2025-11-05 15:58:42 -03)" (scheduled at 2025-11-05 15:53:42.814413-03:00)
2025-11-05 15:53:42,824 - apscheduler.executors.default - INFO - Running job "Coleta peoplesoft (trigger: interval[0:05:00], next run at: 2025-11-05 15:58:42 -03)" (scheduled at 2025-11-05 15:53:42.814413-03:00)
2025-11-05 15:53:42,824 - orchestrator.orchestrator - INFO - 🔄 Coletando: google
2025-11-05 15:53:42,824 - orchestrator.orchestrator - INFO - 🔄 Coletando: peoplesoft
2025-11-05 15:53:42,824 - collectors.google_collector - INFO - 📸 Coletando dados: Google
2025-11-05 15:53:42,824 - collectors.peoplesoft_collector - INFO - 📸 Coletando dados: PeopleSoft
2025-11-05 15:53:42,824 - collectors.google_collector - INFO - 🎭 Modo HEADLESS ativado
2025-11-05 15:53:42,824 - collectors.peoplesoft_collector - INFO - 👀 Modo VISUAL ativado (com interface)
2025-11-05 15:53:44,736 - collectors.google_collector - INFO - ✓ WebDriver inicializado
2025-11-05 15:53:44,737 - collectors.google_collector - INFO - Navegando para: https://www.google.com
2025-11-05 15:53:44,765 - collectors.peoplesoft_collector - INFO - ✓ WebDriver inicializado
2025-11-05 15:53:44,766 - collectors.peoplesoft_collector - INFO - 🔐 Fazendo login...
2025-11-05 15:53:45,290 - collectors.peoplesoft_collector - ERROR - ❌ Erro ao capturar: Message: unknown error: net::ERR_NAME_NOT_RESOLVED
  (Session info: chrome=141.0.7390.123)
Stacktrace:
	GetHandleVerifier [0x0x7ff7095de8e5+80021]
	GetHandleVerifier [0x0x7ff7095de940+80112]
	(No symbol) [0x0x7ff70936060f]
	(No symbol) [0x0x7ff70935d0bf]
	(No symbol) [0x0x7ff70934dae9]
	(No symbol) [0x0x7ff70934f94e]
	(No symbol) [0x0x7ff70934e0d2]
	(No symbol) [0x0x7ff70934d859]
	(No symbol) [0x0x7ff70934d51d]
	(No symbol) [0x0x7ff70934b08c]
	(No symbol) [0x0x7ff70934b91c]
	(No symbol) [0x0x7ff7093646da]
	(No symbol) [0x0x7ff70940a47e]
	(No symbol) [0x0x7ff7093e122a]
	(No symbol) [0x0x7ff70940968a]
	(No symbol) [0x0x7ff7093e1003]
	(No symbol) [0x0x7ff7093a95d1]
	(No symbol) [0x0x7ff7093aa3f3]
	GetHandleVerifier [0x0x7ff70989dc7d+2960429]
	GetHandleVerifier [0x0x7ff709897f3a+2936554]
	GetHandleVerifier [0x0x7ff7098b8977+3070247]
	GetHandleVerifier [0x0x7ff7095f83ce+185214]
	GetHandleVerifier [0x0x7ff7095ffe1f+216527]
	GetHandleVerifier [0x0x7ff7095e7b24+117460]
	GetHandleVerifier [0x0x7ff7095e7cdf+117903]
	GetHandleVerifier [0x0x7ff7095cdbb8+11112]
	BaseThreadInitThunk [0x0x7ff96f65e8d7+23]
	RtlUserThreadStart [0x0x7ff96ffac53c+44]

Traceback (most recent call last):
  File "C:\Users\ferib\OneDrive\Documentos\Projetos\process_screen_monitoring\process_screen_monitoring\collectors\peoplesoft_collector.py", line 150, in _capture_and_extract
    self.driver.get(self.base_url)
  File "C:\Users\ferib\AppData\Roaming\Python\Python312\site-packages\selenium\webdriver\remote\webdriver.py", line 356, in get
    self.execute(Command.GET, {"url": url})
  File "C:\Users\ferib\AppData\Roaming\Python\Python312\site-packages\selenium\webdriver\remote\webdriver.py", line 347, in execute
    self.error_handler.check_response(response)
  File "C:\Users\ferib\AppData\Roaming\Python\Python312\site-packages\selenium\webdriver\remote\errorhandler.py", line 229, in check_response
    raise exception_class(message, screen, stacktrace)
selenium.common.exceptions.WebDriverException: Message: unknown error: net::ERR_NAME_NOT_RESOLVED
  (Session info: chrome=141.0.7390.123)
Stacktrace:
	GetHandleVerifier [0x0x7ff7095de8e5+80021]
	GetHandleVerifier [0x0x7ff7095de940+80112]
	(No symbol) [0x0x7ff70936060f]
	(No symbol) [0x0x7ff70935d0bf]
	(No symbol) [0x0x7ff70934dae9]
	(No symbol) [0x0x7ff70934f94e]
	(No symbol) [0x0x7ff70934e0d2]
	(No symbol) [0x0x7ff70934d859]
	(No symbol) [0x0x7ff70934d51d]
	(No symbol) [0x0x7ff70934b08c]
	(No symbol) [0x0x7ff70934b91c]
	(No symbol) [0x0x7ff7093646da]
	(No symbol) [0x0x7ff70940a47e]
	(No symbol) [0x0x7ff7093e122a]
	(No symbol) [0x0x7ff70940968a]
	(No symbol) [0x0x7ff7093e1003]
	(No symbol) [0x0x7ff7093a95d1]
	(No symbol) [0x0x7ff7093aa3f3]
	GetHandleVerifier [0x0x7ff70989dc7d+2960429]
	GetHandleVerifier [0x0x7ff709897f3a+2936554]
	GetHandleVerifier [0x0x7ff7098b8977+3070247]
	GetHandleVerifier [0x0x7ff7095f83ce+185214]
	GetHandleVerifier [0x0x7ff7095ffe1f+216527]
	GetHandleVerifier [0x0x7ff7095e7b24+117460]
	GetHandleVerifier [0x0x7ff7095e7cdf+117903]
	GetHandleVerifier [0x0x7ff7095cdbb8+11112]
	BaseThreadInitThunk [0x0x7ff96f65e8d7+23]
	RtlUserThreadStart [0x0x7ff96ffac53c+44]


2025-11-05 15:53:51,691 - collectors.base_collector - ERROR - ❌ Erro em PeopleSoft: Falha ao capturar dados
2025-11-05 15:53:51,691 - processors.data_processors - INFO - ✓ Dados de peoplesoft processados
2025-11-05 15:53:51,691 - backend.websocket_handlers - INFO - 📡 Broadcasting update: peoplesoft
2025-11-05 15:53:51,691 - orchestrator.orchestrator - INFO - ✓ Coleta concluída: peoplesoft
2025-11-05 15:53:51,691 - apscheduler.executors.default - INFO - Job "Coleta peoplesoft (trigger: interval[0:05:00], next run at: 2025-11-05 15:58:42 -03)" executed successfully
2025-11-05 15:53:58,091 - collectors.google_collector - WARNING - ⚠ Logo do Google não encontrado
2025-11-05 15:53:58,127 - collectors.google_collector - INFO - ✓ Screenshot salvo: storage/screenshots/google/screenshot_20251105_155358.png
2025-11-05 15:54:04,340 - processors.data_processors - INFO - ✓ Dados de google processados
2025-11-05 15:54:04,356 - backend.websocket_handlers - INFO - 📡 Broadcasting update: google
2025-11-05 15:54:04,356 - orchestrator.orchestrator - INFO - ✓ Coleta concluída: google
2025-11-05 15:54:04,356 - apscheduler.executors.default - INFO - Job "Coleta google (trigger: interval[0:05:00], next run at: 2025-11-05 15:58:42 -03)" executed successfully
2025-11-05 15:58:42,818 - apscheduler.executors.default - INFO - Running job "Coleta google (trigger: interval[0:05:00], next run at: 2025-11-05 16:03:42 -03)" (scheduled at 2025-11-05 15:58:42.814413-03:00)
2025-11-05 15:58:42,818 - apscheduler.executors.default - INFO - Running job "Coleta peoplesoft (trigger: interval[0:05:00], next run at: 2025-11-05 16:03:42 -03)" (scheduled at 2025-11-05 15:58:42.814413-03:00)
2025-11-05 15:58:42,818 - orchestrator.orchestrator - INFO - 🔄 Coletando: google
2025-11-05 15:58:42,818 - orchestrator.orchestrator - INFO - 🔄 Coletando: peoplesoft
2025-11-05 15:58:42,818 - collectors.google_collector - INFO - 📸 Coletando dados: Google
2025-11-05 15:58:42,818 - collectors.peoplesoft_collector - INFO - 📸 Coletando dados: PeopleSoft
2025-11-05 15:58:42,818 - collectors.google_collector - INFO - 🎭 Modo HEADLESS ativado
2025-11-05 15:58:42,818 - collectors.peoplesoft_collector - INFO - 👀 Modo VISUAL ativado (com interface)
2025-11-05 15:58:44,629 - collectors.google_collector - INFO - ✓ WebDriver inicializado
2025-11-05 15:58:44,630 - collectors.google_collector - INFO - Navegando para: https://www.google.com
2025-11-05 15:58:44,682 - collectors.peoplesoft_collector - INFO - ✓ WebDriver inicializado
2025-11-05 15:58:44,685 - collectors.peoplesoft_collector - INFO - 🔐 Fazendo login...
2025-11-05 15:58:45,049 - collectors.peoplesoft_collector - ERROR - ❌ Erro ao capturar: Message: unknown error: net::ERR_NAME_NOT_RESOLVED
  (Session info: chrome=141.0.7390.123)
Stacktrace:
	GetHandleVerifier [0x0x7ff7095de8e5+80021]
	GetHandleVerifier [0x0x7ff7095de940+80112]
	(No symbol) [0x0x7ff70936060f]
	(No symbol) [0x0x7ff70935d0bf]
	(No symbol) [0x0x7ff70934dae9]
	(No symbol) [0x0x7ff70934f94e]
	(No symbol) [0x0x7ff70934e0d2]
	(No symbol) [0x0x7ff70934d859]
	(No symbol) [0x0x7ff70934d51d]
	(No symbol) [0x0x7ff70934b08c]
	(No symbol) [0x0x7ff70934b91c]
	(No symbol) [0x0x7ff7093646da]
	(No symbol) [0x0x7ff70940a47e]
	(No symbol) [0x0x7ff7093e122a]
	(No symbol) [0x0x7ff70940968a]
	(No symbol) [0x0x7ff7093e1003]
	(No symbol) [0x0x7ff7093a95d1]
	(No symbol) [0x0x7ff7093aa3f3]
	GetHandleVerifier [0x0x7ff70989dc7d+2960429]
	GetHandleVerifier [0x0x7ff709897f3a+2936554]
	GetHandleVerifier [0x0x7ff7098b8977+3070247]
	GetHandleVerifier [0x0x7ff7095f83ce+185214]
	GetHandleVerifier [0x0x7ff7095ffe1f+216527]
	GetHandleVerifier [0x0x7ff7095e7b24+117460]
	GetHandleVerifier [0x0x7ff7095e7cdf+117903]
	GetHandleVerifier [0x0x7ff7095cdbb8+11112]
	BaseThreadInitThunk [0x0x7ff96f65e8d7+23]
	RtlUserThreadStart [0x0x7ff96ffac53c+44]

Traceback (most recent call last):
  File "C:\Users\ferib\OneDrive\Documentos\Projetos\process_screen_monitoring\process_screen_monitoring\collectors\peoplesoft_collector.py", line 150, in _capture_and_extract
    self.driver.get(self.base_url)
  File "C:\Users\ferib\AppData\Roaming\Python\Python312\site-packages\selenium\webdriver\remote\webdriver.py", line 356, in get
    self.execute(Command.GET, {"url": url})
  File "C:\Users\ferib\AppData\Roaming\Python\Python312\site-packages\selenium\webdriver\remote\webdriver.py", line 347, in execute
    self.error_handler.check_response(response)
  File "C:\Users\ferib\AppData\Roaming\Python\Python312\site-packages\selenium\webdriver\remote\errorhandler.py", line 229, in check_response
    raise exception_class(message, screen, stacktrace)
selenium.common.exceptions.WebDriverException: Message: unknown error: net::ERR_NAME_NOT_RESOLVED
  (Session info: chrome=141.0.7390.123)
Stacktrace:
	GetHandleVerifier [0x0x7ff7095de8e5+80021]
	GetHandleVerifier [0x0x7ff7095de940+80112]
	(No symbol) [0x0x7ff70936060f]
	(No symbol) [0x0x7ff70935d0bf]
	(No symbol) [0x0x7ff70934dae9]
	(No symbol) [0x0x7ff70934f94e]
	(No symbol) [0x0x7ff70934e0d2]
	(No symbol) [0x0x7ff70934d859]
	(No symbol) [0x0x7ff70934d51d]
	(No symbol) [0x0x7ff70934b08c]
	(No symbol) [0x0x7ff70934b91c]
	(No symbol) [0x0x7ff7093646da]
	(No symbol) [0x0x7ff70940a47e]
	(No symbol) [0x0x7ff7093e122a]
	(No symbol) [0x0x7ff70940968a]
	(No symbol) [0x0x7ff7093e1003]
	(No symbol) [0x0x7ff7093a95d1]
	(No symbol) [0x0x7ff7093aa3f3]
	GetHandleVerifier [0x0x7ff70989dc7d+2960429]
	GetHandleVerifier [0x0x7ff709897f3a+2936554]
	GetHandleVerifier [0x0x7ff7098b8977+3070247]
	GetHandleVerifier [0x0x7ff7095f83ce+185214]
	GetHandleVerifier [0x0x7ff7095ffe1f+216527]
	GetHandleVerifier [0x0x7ff7095e7b24+117460]
	GetHandleVerifier [0x0x7ff7095e7cdf+117903]
	GetHandleVerifier [0x0x7ff7095cdbb8+11112]
	BaseThreadInitThunk [0x0x7ff96f65e8d7+23]
	RtlUserThreadStart [0x0x7ff96ffac53c+44]


2025-11-05 15:58:51,302 - collectors.base_collector - ERROR - ❌ Erro em PeopleSoft: Falha ao capturar dados
2025-11-05 15:58:51,303 - processors.data_processors - INFO - ✓ Dados de peoplesoft processados
2025-11-05 15:58:51,317 - backend.websocket_handlers - INFO - 📡 Broadcasting update: peoplesoft
2025-11-05 15:58:51,317 - orchestrator.orchestrator - INFO - ✓ Coleta concluída: peoplesoft
2025-11-05 15:58:51,317 - apscheduler.executors.default - INFO - Job "Coleta peoplesoft (trigger: interval[0:05:00], next run at: 2025-11-05 16:03:42 -03)" executed successfully
2025-11-05 15:58:57,044 - collectors.google_collector - WARNING - ⚠ Logo do Google não encontrado
2025-11-05 15:58:57,086 - collectors.google_collector - INFO - ✓ Screenshot salvo: storage/screenshots/google/screenshot_20251105_155857.png
2025-11-05 15:59:03,352 - processors.data_processors - INFO - ✓ Dados de google processados
2025-11-05 15:59:03,368 - backend.websocket_handlers - INFO - 📡 Broadcasting update: google
2025-11-05 15:59:03,368 - orchestrator.orchestrator - INFO - ✓ Coleta concluída: google
2025-11-05 15:59:03,368 - apscheduler.executors.default - INFO - Job "Coleta google (trigger: interval[0:05:00], next run at: 2025-11-05 16:03:42 -03)" executed successfully
2025-11-05 16:03:42,830 - apscheduler.executors.default - INFO - Running job "Coleta google (trigger: interval[0:05:00], next run at: 2025-11-05 16:08:42 -03)" (scheduled at 2025-11-05 16:03:42.814413-03:00)
2025-11-05 16:03:42,830 - apscheduler.executors.default - INFO - Running job "Coleta peoplesoft (trigger: interval[0:05:00], next run at: 2025-11-05 16:08:42 -03)" (scheduled at 2025-11-05 16:03:42.814413-03:00)
2025-11-05 16:03:42,830 - orchestrator.orchestrator - INFO - 🔄 Coletando: google
2025-11-05 16:03:42,830 - orchestrator.orchestrator - INFO - 🔄 Coletando: peoplesoft
2025-11-05 16:03:42,830 - collectors.google_collector - INFO - 📸 Coletando dados: Google
2025-11-05 16:03:42,830 - collectors.peoplesoft_collector - INFO - 📸 Coletando dados: PeopleSoft
2025-11-05 16:03:42,830 - collectors.google_collector - INFO - 🎭 Modo HEADLESS ativado
2025-11-05 16:03:42,830 - collectors.peoplesoft_collector - INFO - 👀 Modo VISUAL ativado (com interface)
2025-11-05 16:03:44,617 - collectors.google_collector - INFO - ✓ WebDriver inicializado
2025-11-05 16:03:44,619 - collectors.google_collector - INFO - Navegando para: https://www.google.com
2025-11-05 16:03:44,641 - collectors.peoplesoft_collector - INFO - ✓ WebDriver inicializado
2025-11-05 16:03:44,642 - collectors.peoplesoft_collector - INFO - 🔐 Fazendo login...
2025-11-05 16:03:45,256 - collectors.peoplesoft_collector - ERROR - ❌ Erro ao capturar: Message: unknown error: net::ERR_NAME_NOT_RESOLVED
  (Session info: chrome=141.0.7390.123)
Stacktrace:
	GetHandleVerifier [0x0x7ff7095de8e5+80021]
	GetHandleVerifier [0x0x7ff7095de940+80112]
	(No symbol) [0x0x7ff70936060f]
	(No symbol) [0x0x7ff70935d0bf]
	(No symbol) [0x0x7ff70934dae9]
	(No symbol) [0x0x7ff70934f94e]
	(No symbol) [0x0x7ff70934e0d2]
	(No symbol) [0x0x7ff70934d859]
	(No symbol) [0x0x7ff70934d51d]
	(No symbol) [0x0x7ff70934b08c]
	(No symbol) [0x0x7ff70934b91c]
	(No symbol) [0x0x7ff7093646da]
	(No symbol) [0x0x7ff70940a47e]
	(No symbol) [0x0x7ff7093e122a]
	(No symbol) [0x0x7ff70940968a]
	(No symbol) [0x0x7ff7093e1003]
	(No symbol) [0x0x7ff7093a95d1]
	(No symbol) [0x0x7ff7093aa3f3]
	GetHandleVerifier [0x0x7ff70989dc7d+2960429]
	GetHandleVerifier [0x0x7ff709897f3a+2936554]
	GetHandleVerifier [0x0x7ff7098b8977+3070247]
	GetHandleVerifier [0x0x7ff7095f83ce+185214]
	GetHandleVerifier [0x0x7ff7095ffe1f+216527]
	GetHandleVerifier [0x0x7ff7095e7b24+117460]
	GetHandleVerifier [0x0x7ff7095e7cdf+117903]
	GetHandleVerifier [0x0x7ff7095cdbb8+11112]
	BaseThreadInitThunk [0x0x7ff96f65e8d7+23]
	RtlUserThreadStart [0x0x7ff96ffac53c+44]

Traceback (most recent call last):
  File "C:\Users\ferib\OneDrive\Documentos\Projetos\process_screen_monitoring\process_screen_monitoring\collectors\peoplesoft_collector.py", line 150, in _capture_and_extract
    self.driver.get(self.base_url)
  File "C:\Users\ferib\AppData\Roaming\Python\Python312\site-packages\selenium\webdriver\remote\webdriver.py", line 356, in get
    self.execute(Command.GET, {"url": url})
  File "C:\Users\ferib\AppData\Roaming\Python\Python312\site-packages\selenium\webdriver\remote\webdriver.py", line 347, in execute
    self.error_handler.check_response(response)
  File "C:\Users\ferib\AppData\Roaming\Python\Python312\site-packages\selenium\webdriver\remote\errorhandler.py", line 229, in check_response
    raise exception_class(message, screen, stacktrace)
selenium.common.exceptions.WebDriverException: Message: unknown error: net::ERR_NAME_NOT_RESOLVED
  (Session info: chrome=141.0.7390.123)
Stacktrace:
	GetHandleVerifier [0x0x7ff7095de8e5+80021]
	GetHandleVerifier [0x0x7ff7095de940+80112]
	(No symbol) [0x0x7ff70936060f]
	(No symbol) [0x0x7ff70935d0bf]
	(No symbol) [0x0x7ff70934dae9]
	(No symbol) [0x0x7ff70934f94e]
	(No symbol) [0x0x7ff70934e0d2]
	(No symbol) [0x0x7ff70934d859]
	(No symbol) [0x0x7ff70934d51d]
	(No symbol) [0x0x7ff70934b08c]
	(No symbol) [0x0x7ff70934b91c]
	(No symbol) [0x0x7ff7093646da]
	(No symbol) [0x0x7ff70940a47e]
	(No symbol) [0x0x7ff7093e122a]
	(No symbol) [0x0x7ff70940968a]
	(No symbol) [0x0x7ff7093e1003]
	(No symbol) [0x0x7ff7093a95d1]
	(No symbol) [0x0x7ff7093aa3f3]
	GetHandleVerifier [0x0x7ff70989dc7d+2960429]
	GetHandleVerifier [0x0x7ff709897f3a+2936554]
	GetHandleVerifier [0x0x7ff7098b8977+3070247]
	GetHandleVerifier [0x0x7ff7095f83ce+185214]
	GetHandleVerifier [0x0x7ff7095ffe1f+216527]
	GetHandleVerifier [0x0x7ff7095e7b24+117460]
	GetHandleVerifier [0x0x7ff7095e7cdf+117903]
	GetHandleVerifier [0x0x7ff7095cdbb8+11112]
	BaseThreadInitThunk [0x0x7ff96f65e8d7+23]
	RtlUserThreadStart [0x0x7ff96ffac53c+44]


2025-11-05 16:03:51,517 - collectors.base_collector - ERROR - ❌ Erro em PeopleSoft: Falha ao capturar dados
2025-11-05 16:03:51,517 - processors.data_processors - INFO - ✓ Dados de peoplesoft processados
2025-11-05 16:03:51,523 - backend.websocket_handlers - INFO - 📡 Broadcasting update: peoplesoft
2025-11-05 16:03:51,533 - orchestrator.orchestrator - INFO - ✓ Coleta concluída: peoplesoft
2025-11-05 16:03:51,533 - apscheduler.executors.default - INFO - Job "Coleta peoplesoft (trigger: interval[0:05:00], next run at: 2025-11-05 16:08:42 -03)" executed successfully
2025-11-05 16:03:57,099 - collectors.google_collector - WARNING - ⚠ Logo do Google não encontrado
2025-11-05 16:03:57,137 - collectors.google_collector - INFO - ✓ Screenshot salvo: storage/screenshots/google/screenshot_20251105_160357.png
2025-11-05 16:04:03,335 - processors.data_processors - INFO - ✓ Dados de google processados
2025-11-05 16:04:03,351 - backend.websocket_handlers - INFO - 📡 Broadcasting update: google
2025-11-05 16:04:03,351 - orchestrator.orchestrator - INFO - ✓ Coleta concluída: google
2025-11-05 16:04:03,351 - apscheduler.executors.default - INFO - Job "Coleta google (trigger: interval[0:05:00], next run at: 2025-11-05 16:08:42 -03)" executed successfully
2025-11-05 16:08:42,824 - apscheduler.executors.default - INFO - Running job "Coleta google (trigger: interval[0:05:00], next run at: 2025-11-05 16:13:42 -03)" (scheduled at 2025-11-05 16:08:42.814413-03:00)
2025-11-05 16:08:42,825 - apscheduler.executors.default - INFO - Running job "Coleta peoplesoft (trigger: interval[0:05:00], next run at: 2025-11-05 16:13:42 -03)" (scheduled at 2025-11-05 16:08:42.814413-03:00)
2025-11-05 16:08:42,825 - orchestrator.orchestrator - INFO - 🔄 Coletando: google
2025-11-05 16:08:42,825 - orchestrator.orchestrator - INFO - 🔄 Coletando: peoplesoft
2025-11-05 16:08:42,825 - collectors.google_collector - INFO - 📸 Coletando dados: Google
2025-11-05 16:08:42,826 - collectors.peoplesoft_collector - INFO - 📸 Coletando dados: PeopleSoft
2025-11-05 16:08:42,826 - collectors.google_collector - INFO - 🎭 Modo HEADLESS ativado
2025-11-05 16:08:42,826 - collectors.peoplesoft_collector - INFO - 👀 Modo VISUAL ativado (com interface)
2025-11-05 16:08:44,790 - collectors.peoplesoft_collector - INFO - ✓ WebDriver inicializado
2025-11-05 16:08:44,792 - collectors.peoplesoft_collector - INFO - 🔐 Fazendo login...
2025-11-05 16:08:44,880 - collectors.google_collector - INFO - ✓ WebDriver inicializado
2025-11-05 16:08:44,881 - collectors.google_collector - INFO - Navegando para: https://www.google.com
2025-11-05 16:08:45,256 - collectors.peoplesoft_collector - ERROR - ❌ Erro ao capturar: Message: unknown error: net::ERR_NAME_NOT_RESOLVED
  (Session info: chrome=141.0.7390.123)
Stacktrace:
	GetHandleVerifier [0x0x7ff7095de8e5+80021]
	GetHandleVerifier [0x0x7ff7095de940+80112]
	(No symbol) [0x0x7ff70936060f]
	(No symbol) [0x0x7ff70935d0bf]
	(No symbol) [0x0x7ff70934dae9]
	(No symbol) [0x0x7ff70934f94e]
	(No symbol) [0x0x7ff70934e0d2]
	(No symbol) [0x0x7ff70934d859]
	(No symbol) [0x0x7ff70934d51d]
	(No symbol) [0x0x7ff70934b08c]
	(No symbol) [0x0x7ff70934b91c]
	(No symbol) [0x0x7ff7093646da]
	(No symbol) [0x0x7ff70940a47e]
	(No symbol) [0x0x7ff7093e122a]
	(No symbol) [0x0x7ff70940968a]
	(No symbol) [0x0x7ff7093e1003]
	(No symbol) [0x0x7ff7093a95d1]
	(No symbol) [0x0x7ff7093aa3f3]
	GetHandleVerifier [0x0x7ff70989dc7d+2960429]
	GetHandleVerifier [0x0x7ff709897f3a+2936554]
	GetHandleVerifier [0x0x7ff7098b8977+3070247]
	GetHandleVerifier [0x0x7ff7095f83ce+185214]
	GetHandleVerifier [0x0x7ff7095ffe1f+216527]
	GetHandleVerifier [0x0x7ff7095e7b24+117460]
	GetHandleVerifier [0x0x7ff7095e7cdf+117903]
	GetHandleVerifier [0x0x7ff7095cdbb8+11112]
	BaseThreadInitThunk [0x0x7ff96f65e8d7+23]
	RtlUserThreadStart [0x0x7ff96ffac53c+44]

Traceback (most recent call last):
  File "C:\Users\ferib\OneDrive\Documentos\Projetos\process_screen_monitoring\process_screen_monitoring\collectors\peoplesoft_collector.py", line 150, in _capture_and_extract
    self.driver.get(self.base_url)
  File "C:\Users\ferib\AppData\Roaming\Python\Python312\site-packages\selenium\webdriver\remote\webdriver.py", line 356, in get
    self.execute(Command.GET, {"url": url})
  File "C:\Users\ferib\AppData\Roaming\Python\Python312\site-packages\selenium\webdriver\remote\webdriver.py", line 347, in execute
    self.error_handler.check_response(response)
  File "C:\Users\ferib\AppData\Roaming\Python\Python312\site-packages\selenium\webdriver\remote\errorhandler.py", line 229, in check_response
    raise exception_class(message, screen, stacktrace)
selenium.common.exceptions.WebDriverException: Message: unknown error: net::ERR_NAME_NOT_RESOLVED
  (Session info: chrome=141.0.7390.123)
Stacktrace:
	GetHandleVerifier [0x0x7ff7095de8e5+80021]
	GetHandleVerifier [0x0x7ff7095de940+80112]
	(No symbol) [0x0x7ff70936060f]
	(No symbol) [0x0x7ff70935d0bf]
	(No symbol) [0x0x7ff70934dae9]
	(No symbol) [0x0x7ff70934f94e]
	(No symbol) [0x0x7ff70934e0d2]
	(No symbol) [0x0x7ff70934d859]
	(No symbol) [0x0x7ff70934d51d]
	(No symbol) [0x0x7ff70934b08c]
	(No symbol) [0x0x7ff70934b91c]
	(No symbol) [0x0x7ff7093646da]
	(No symbol) [0x0x7ff70940a47e]
	(No symbol) [0x0x7ff7093e122a]
	(No symbol) [0x0x7ff70940968a]
	(No symbol) [0x0x7ff7093e1003]
	(No symbol) [0x0x7ff7093a95d1]
	(No symbol) [0x0x7ff7093aa3f3]
	GetHandleVerifier [0x0x7ff70989dc7d+2960429]
	GetHandleVerifier [0x0x7ff709897f3a+2936554]
	GetHandleVerifier [0x0x7ff7098b8977+3070247]
	GetHandleVerifier [0x0x7ff7095f83ce+185214]
	GetHandleVerifier [0x0x7ff7095ffe1f+216527]
	GetHandleVerifier [0x0x7ff7095e7b24+117460]
	GetHandleVerifier [0x0x7ff7095e7cdf+117903]
	GetHandleVerifier [0x0x7ff7095cdbb8+11112]
	BaseThreadInitThunk [0x0x7ff96f65e8d7+23]
	RtlUserThreadStart [0x0x7ff96ffac53c+44]


2025-11-05 16:08:51,546 - collectors.base_collector - ERROR - ❌ Erro em PeopleSoft: Falha ao capturar dados
2025-11-05 16:08:51,547 - processors.data_processors - INFO - ✓ Dados de peoplesoft processados
2025-11-05 16:08:51,562 - backend.websocket_handlers - INFO - 📡 Broadcasting update: peoplesoft
2025-11-05 16:08:51,562 - orchestrator.orchestrator - INFO - ✓ Coleta concluída: peoplesoft
2025-11-05 16:08:51,563 - apscheduler.executors.default - INFO - Job "Coleta peoplesoft (trigger: interval[0:05:00], next run at: 2025-11-05 16:13:42 -03)" executed successfully
2025-11-05 16:08:57,267 - collectors.google_collector - WARNING - ⚠ Logo do Google não encontrado
2025-11-05 16:08:57,291 - collectors.google_collector - INFO - ✓ Screenshot salvo: storage/screenshots/google/screenshot_20251105_160857.png
2025-11-05 16:09:03,480 - processors.data_processors - INFO - ✓ Dados de google processados
2025-11-05 16:09:03,498 - backend.websocket_handlers - INFO - 📡 Broadcasting update: google
2025-11-05 16:09:03,499 - orchestrator.orchestrator - INFO - ✓ Coleta concluída: google
2025-11-05 16:09:03,499 - apscheduler.executors.default - INFO - Job "Coleta google (trigger: interval[0:05:00], next run at: 2025-11-05 16:13:42 -03)" executed successfully
2025-11-05 16:13:42,824 - apscheduler.executors.default - INFO - Running job "Coleta google (trigger: interval[0:05:00], next run at: 2025-11-05 16:18:42 -03)" (scheduled at 2025-11-05 16:13:42.814413-03:00)
2025-11-05 16:13:42,824 - apscheduler.executors.default - INFO - Running job "Coleta peoplesoft (trigger: interval[0:05:00], next run at: 2025-11-05 16:18:42 -03)" (scheduled at 2025-11-05 16:13:42.814413-03:00)
2025-11-05 16:13:42,824 - orchestrator.orchestrator - INFO - 🔄 Coletando: google
2025-11-05 16:13:42,825 - orchestrator.orchestrator - INFO - 🔄 Coletando: peoplesoft
2025-11-05 16:13:42,825 - collectors.google_collector - INFO - 📸 Coletando dados: Google
2025-11-05 16:13:42,825 - collectors.peoplesoft_collector - INFO - 📸 Coletando dados: PeopleSoft
2025-11-05 16:13:42,826 - collectors.google_collector - INFO - 🎭 Modo HEADLESS ativado
2025-11-05 16:13:42,826 - collectors.peoplesoft_collector - INFO - 👀 Modo VISUAL ativado (com interface)
2025-11-05 16:13:44,875 - collectors.google_collector - INFO - ✓ WebDriver inicializado
2025-11-05 16:13:44,876 - collectors.google_collector - INFO - Navegando para: https://www.google.com
2025-11-05 16:13:44,878 - collectors.peoplesoft_collector - INFO - ✓ WebDriver inicializado
2025-11-05 16:13:44,878 - collectors.peoplesoft_collector - INFO - 🔐 Fazendo login...
2025-11-05 16:13:45,493 - collectors.peoplesoft_collector - ERROR - ❌ Erro ao capturar: Message: unknown error: net::ERR_NAME_NOT_RESOLVED
  (Session info: chrome=141.0.7390.123)
Stacktrace:
	GetHandleVerifier [0x0x7ff7095de8e5+80021]
	GetHandleVerifier [0x0x7ff7095de940+80112]
	(No symbol) [0x0x7ff70936060f]
	(No symbol) [0x0x7ff70935d0bf]
	(No symbol) [0x0x7ff70934dae9]
	(No symbol) [0x0x7ff70934f94e]
	(No symbol) [0x0x7ff70934e0d2]
	(No symbol) [0x0x7ff70934d859]
	(No symbol) [0x0x7ff70934d51d]
	(No symbol) [0x0x7ff70934b08c]
	(No symbol) [0x0x7ff70934b91c]
	(No symbol) [0x0x7ff7093646da]
	(No symbol) [0x0x7ff70940a47e]
	(No symbol) [0x0x7ff7093e122a]
	(No symbol) [0x0x7ff70940968a]
	(No symbol) [0x0x7ff7093e1003]
	(No symbol) [0x0x7ff7093a95d1]
	(No symbol) [0x0x7ff7093aa3f3]
	GetHandleVerifier [0x0x7ff70989dc7d+2960429]
	GetHandleVerifier [0x0x7ff709897f3a+2936554]
	GetHandleVerifier [0x0x7ff7098b8977+3070247]
	GetHandleVerifier [0x0x7ff7095f83ce+185214]
	GetHandleVerifier [0x0x7ff7095ffe1f+216527]
	GetHandleVerifier [0x0x7ff7095e7b24+117460]
	GetHandleVerifier [0x0x7ff7095e7cdf+117903]
	GetHandleVerifier [0x0x7ff7095cdbb8+11112]
	BaseThreadInitThunk [0x0x7ff96f65e8d7+23]
	RtlUserThreadStart [0x0x7ff96ffac53c+44]

Traceback (most recent call last):
  File "C:\Users\ferib\OneDrive\Documentos\Projetos\process_screen_monitoring\process_screen_monitoring\collectors\peoplesoft_collector.py", line 150, in _capture_and_extract
    self.driver.get(self.base_url)
  File "C:\Users\ferib\AppData\Roaming\Python\Python312\site-packages\selenium\webdriver\remote\webdriver.py", line 356, in get
    self.execute(Command.GET, {"url": url})
  File "C:\Users\ferib\AppData\Roaming\Python\Python312\site-packages\selenium\webdriver\remote\webdriver.py", line 347, in execute
    self.error_handler.check_response(response)
  File "C:\Users\ferib\AppData\Roaming\Python\Python312\site-packages\selenium\webdriver\remote\errorhandler.py", line 229, in check_response
    raise exception_class(message, screen, stacktrace)
selenium.common.exceptions.WebDriverException: Message: unknown error: net::ERR_NAME_NOT_RESOLVED
  (Session info: chrome=141.0.7390.123)
Stacktrace:
	GetHandleVerifier [0x0x7ff7095de8e5+80021]
	GetHandleVerifier [0x0x7ff7095de940+80112]
	(No symbol) [0x0x7ff70936060f]
	(No symbol) [0x0x7ff70935d0bf]
	(No symbol) [0x0x7ff70934dae9]
	(No symbol) [0x0x7ff70934f94e]
	(No symbol) [0x0x7ff70934e0d2]
	(No symbol) [0x0x7ff70934d859]
	(No symbol) [0x0x7ff70934d51d]
	(No symbol) [0x0x7ff70934b08c]
	(No symbol) [0x0x7ff70934b91c]
	(No symbol) [0x0x7ff7093646da]
	(No symbol) [0x0x7ff70940a47e]
	(No symbol) [0x0x7ff7093e122a]
	(No symbol) [0x0x7ff70940968a]
	(No symbol) [0x0x7ff7093e1003]
	(No symbol) [0x0x7ff7093a95d1]
	(No symbol) [0x0x7ff7093aa3f3]
	GetHandleVerifier [0x0x7ff70989dc7d+2960429]
	GetHandleVerifier [0x0x7ff709897f3a+2936554]
	GetHandleVerifier [0x0x7ff7098b8977+3070247]
	GetHandleVerifier [0x0x7ff7095f83ce+185214]
	GetHandleVerifier [0x0x7ff7095ffe1f+216527]
	GetHandleVerifier [0x0x7ff7095e7b24+117460]
	GetHandleVerifier [0x0x7ff7095e7cdf+117903]
	GetHandleVerifier [0x0x7ff7095cdbb8+11112]
	BaseThreadInitThunk [0x0x7ff96f65e8d7+23]
	RtlUserThreadStart [0x0x7ff96ffac53c+44]


2025-11-05 16:13:51,963 - collectors.base_collector - ERROR - ❌ Erro em PeopleSoft: Falha ao capturar dados
2025-11-05 16:13:51,963 - processors.data_processors - INFO - ✓ Dados de peoplesoft processados
2025-11-05 16:13:51,976 - backend.websocket_handlers - INFO - 📡 Broadcasting update: peoplesoft
2025-11-05 16:13:51,976 - orchestrator.orchestrator - INFO - ✓ Coleta concluída: peoplesoft
2025-11-05 16:13:51,977 - apscheduler.executors.default - INFO - Job "Coleta peoplesoft (trigger: interval[0:05:00], next run at: 2025-11-05 16:18:42 -03)" executed successfully
2025-11-05 16:13:58,290 - collectors.google_collector - WARNING - ⚠ Logo do Google não encontrado
2025-11-05 16:13:58,311 - collectors.google_collector - INFO - ✓ Screenshot salvo: storage/screenshots/google/screenshot_20251105_161358.png
2025-11-05 16:14:04,575 - processors.data_processors - INFO - ✓ Dados de google processados
2025-11-05 16:14:04,589 - backend.websocket_handlers - INFO - 📡 Broadcasting update: google
2025-11-05 16:14:04,589 - orchestrator.orchestrator - INFO - ✓ Coleta concluída: google
2025-11-05 16:14:04,589 - apscheduler.executors.default - INFO - Job "Coleta google (trigger: interval[0:05:00], next run at: 2025-11-05 16:18:42 -03)" executed successfully
2025-11-05 16:18:42,825 - apscheduler.executors.default - INFO - Running job "Coleta google (trigger: interval[0:05:00], next run at: 2025-11-05 16:23:42 -03)" (scheduled at 2025-11-05 16:18:42.814413-03:00)
2025-11-05 16:18:42,825 - apscheduler.executors.default - INFO - Running job "Coleta peoplesoft (trigger: interval[0:05:00], next run at: 2025-11-05 16:23:42 -03)" (scheduled at 2025-11-05 16:18:42.814413-03:00)
2025-11-05 16:18:42,825 - orchestrator.orchestrator - INFO - 🔄 Coletando: google
2025-11-05 16:18:42,825 - orchestrator.orchestrator - INFO - 🔄 Coletando: peoplesoft
2025-11-05 16:18:42,826 - collectors.google_collector - INFO - 📸 Coletando dados: Google
2025-11-05 16:18:42,826 - collectors.peoplesoft_collector - INFO - 📸 Coletando dados: PeopleSoft
2025-11-05 16:18:42,826 - collectors.google_collector - INFO - 🎭 Modo HEADLESS ativado
2025-11-05 16:18:42,827 - collectors.peoplesoft_collector - INFO - 👀 Modo VISUAL ativado (com interface)
2025-11-05 16:18:44,648 - collectors.peoplesoft_collector - INFO - ✓ WebDriver inicializado
2025-11-05 16:18:44,649 - collectors.peoplesoft_collector - INFO - 🔐 Fazendo login...
2025-11-05 16:18:44,795 - collectors.google_collector - INFO - ✓ WebDriver inicializado
2025-11-05 16:18:44,795 - collectors.google_collector - INFO - Navegando para: https://www.google.com
2025-11-05 16:18:45,347 - collectors.peoplesoft_collector - ERROR - ❌ Erro ao capturar: Message: unknown error: net::ERR_NAME_NOT_RESOLVED
  (Session info: chrome=141.0.7390.123)
Stacktrace:
	GetHandleVerifier [0x0x7ff7095de8e5+80021]
	GetHandleVerifier [0x0x7ff7095de940+80112]
	(No symbol) [0x0x7ff70936060f]
	(No symbol) [0x0x7ff70935d0bf]
	(No symbol) [0x0x7ff70934dae9]
	(No symbol) [0x0x7ff70934f94e]
	(No symbol) [0x0x7ff70934e0d2]
	(No symbol) [0x0x7ff70934d859]
	(No symbol) [0x0x7ff70934d51d]
	(No symbol) [0x0x7ff70934b08c]
	(No symbol) [0x0x7ff70934b91c]
	(No symbol) [0x0x7ff7093646da]
	(No symbol) [0x0x7ff70940a47e]
	(No symbol) [0x0x7ff7093e122a]
	(No symbol) [0x0x7ff70940968a]
	(No symbol) [0x0x7ff7093e1003]
	(No symbol) [0x0x7ff7093a95d1]
	(No symbol) [0x0x7ff7093aa3f3]
	GetHandleVerifier [0x0x7ff70989dc7d+2960429]
	GetHandleVerifier [0x0x7ff709897f3a+2936554]
	GetHandleVerifier [0x0x7ff7098b8977+3070247]
	GetHandleVerifier [0x0x7ff7095f83ce+185214]
	GetHandleVerifier [0x0x7ff7095ffe1f+216527]
	GetHandleVerifier [0x0x7ff7095e7b24+117460]
	GetHandleVerifier [0x0x7ff7095e7cdf+117903]
	GetHandleVerifier [0x0x7ff7095cdbb8+11112]
	BaseThreadInitThunk [0x0x7ff96f65e8d7+23]
	RtlUserThreadStart [0x0x7ff96ffac53c+44]

Traceback (most recent call last):
  File "C:\Users\ferib\OneDrive\Documentos\Projetos\process_screen_monitoring\process_screen_monitoring\collectors\peoplesoft_collector.py", line 150, in _capture_and_extract
    self.driver.get(self.base_url)
  File "C:\Users\ferib\AppData\Roaming\Python\Python312\site-packages\selenium\webdriver\remote\webdriver.py", line 356, in get
    self.execute(Command.GET, {"url": url})
  File "C:\Users\ferib\AppData\Roaming\Python\Python312\site-packages\selenium\webdriver\remote\webdriver.py", line 347, in execute
    self.error_handler.check_response(response)
  File "C:\Users\ferib\AppData\Roaming\Python\Python312\site-packages\selenium\webdriver\remote\errorhandler.py", line 229, in check_response
    raise exception_class(message, screen, stacktrace)
selenium.common.exceptions.WebDriverException: Message: unknown error: net::ERR_NAME_NOT_RESOLVED
  (Session info: chrome=141.0.7390.123)
Stacktrace:
	GetHandleVerifier [0x0x7ff7095de8e5+80021]
	GetHandleVerifier [0x0x7ff7095de940+80112]
	(No symbol) [0x0x7ff70936060f]
	(No symbol) [0x0x7ff70935d0bf]
	(No symbol) [0x0x7ff70934dae9]
	(No symbol) [0x0x7ff70934f94e]
	(No symbol) [0x0x7ff70934e0d2]
	(No symbol) [0x0x7ff70934d859]
	(No symbol) [0x0x7ff70934d51d]
	(No symbol) [0x0x7ff70934b08c]
	(No symbol) [0x0x7ff70934b91c]
	(No symbol) [0x0x7ff7093646da]
	(No symbol) [0x0x7ff70940a47e]
	(No symbol) [0x0x7ff7093e122a]
	(No symbol) [0x0x7ff70940968a]
	(No symbol) [0x0x7ff7093e1003]
	(No symbol) [0x0x7ff7093a95d1]
	(No symbol) [0x0x7ff7093aa3f3]
	GetHandleVerifier [0x0x7ff70989dc7d+2960429]
	GetHandleVerifier [0x0x7ff709897f3a+2936554]
	GetHandleVerifier [0x0x7ff7098b8977+3070247]
	GetHandleVerifier [0x0x7ff7095f83ce+185214]
	GetHandleVerifier [0x0x7ff7095ffe1f+216527]
	GetHandleVerifier [0x0x7ff7095e7b24+117460]
	GetHandleVerifier [0x0x7ff7095e7cdf+117903]
	GetHandleVerifier [0x0x7ff7095cdbb8+11112]
	BaseThreadInitThunk [0x0x7ff96f65e8d7+23]
	RtlUserThreadStart [0x0x7ff96ffac53c+44]


2025-11-05 16:18:51,647 - collectors.base_collector - ERROR - ❌ Erro em PeopleSoft: Falha ao capturar dados
2025-11-05 16:18:51,647 - processors.data_processors - INFO - ✓ Dados de peoplesoft processados
2025-11-05 16:18:51,662 - backend.websocket_handlers - INFO - 📡 Broadcasting update: peoplesoft
2025-11-05 16:18:51,663 - orchestrator.orchestrator - INFO - ✓ Coleta concluída: peoplesoft
2025-11-05 16:18:51,663 - apscheduler.executors.default - INFO - Job "Coleta peoplesoft (trigger: interval[0:05:00], next run at: 2025-11-05 16:23:42 -03)" executed successfully
2025-11-05 16:18:58,022 - collectors.google_collector - WARNING - ⚠ Logo do Google não encontrado
2025-11-05 16:18:58,055 - collectors.google_collector - INFO - ✓ Screenshot salvo: storage/screenshots/google/screenshot_20251105_161858.png
2025-11-05 16:19:04,293 - processors.data_processors - INFO - ✓ Dados de google processados
2025-11-05 16:19:04,305 - backend.websocket_handlers - INFO - 📡 Broadcasting update: google
2025-11-05 16:19:04,305 - orchestrator.orchestrator - INFO - ✓ Coleta concluída: google
2025-11-05 16:19:04,305 - apscheduler.executors.default - INFO - Job "Coleta google (trigger: interval[0:05:00], next run at: 2025-11-05 16:23:42 -03)" executed successfully
2025-11-05 16:23:42,823 - apscheduler.executors.default - INFO - Running job "Coleta google (trigger: interval[0:05:00], next run at: 2025-11-05 16:28:42 -03)" (scheduled at 2025-11-05 16:23:42.814413-03:00)
2025-11-05 16:23:42,823 - apscheduler.executors.default - INFO - Running job "Coleta peoplesoft (trigger: interval[0:05:00], next run at: 2025-11-05 16:28:42 -03)" (scheduled at 2025-11-05 16:23:42.814413-03:00)
2025-11-05 16:23:42,823 - orchestrator.orchestrator - INFO - 🔄 Coletando: google
2025-11-05 16:23:42,824 - orchestrator.orchestrator - INFO - 🔄 Coletando: peoplesoft
2025-11-05 16:23:42,824 - collectors.google_collector - INFO - 📸 Coletando dados: Google
2025-11-05 16:23:42,824 - collectors.peoplesoft_collector - INFO - 📸 Coletando dados: PeopleSoft
2025-11-05 16:23:42,824 - collectors.peoplesoft_collector - INFO - 👀 Modo VISUAL ativado (com interface)
2025-11-05 16:23:42,824 - collectors.google_collector - INFO - 🎭 Modo HEADLESS ativado
2025-11-05 16:23:44,633 - collectors.google_collector - INFO - ✓ WebDriver inicializado
2025-11-05 16:23:44,633 - collectors.google_collector - INFO - Navegando para: https://www.google.com
2025-11-05 16:23:44,635 - collectors.peoplesoft_collector - INFO - ✓ WebDriver inicializado
2025-11-05 16:23:44,636 - collectors.peoplesoft_collector - INFO - 🔐 Fazendo login...
2025-11-05 16:23:45,156 - collectors.peoplesoft_collector - ERROR - ❌ Erro ao capturar: Message: unknown error: net::ERR_NAME_NOT_RESOLVED
  (Session info: chrome=141.0.7390.123)
Stacktrace:
	GetHandleVerifier [0x0x7ff7095de8e5+80021]
	GetHandleVerifier [0x0x7ff7095de940+80112]
	(No symbol) [0x0x7ff70936060f]
	(No symbol) [0x0x7ff70935d0bf]
	(No symbol) [0x0x7ff70934dae9]
	(No symbol) [0x0x7ff70934f94e]
	(No symbol) [0x0x7ff70934e0d2]
	(No symbol) [0x0x7ff70934d859]
	(No symbol) [0x0x7ff70934d51d]
	(No symbol) [0x0x7ff70934b08c]
	(No symbol) [0x0x7ff70934b91c]
	(No symbol) [0x0x7ff7093646da]
	(No symbol) [0x0x7ff70940a47e]
	(No symbol) [0x0x7ff7093e122a]
	(No symbol) [0x0x7ff70940968a]
	(No symbol) [0x0x7ff7093e1003]
	(No symbol) [0x0x7ff7093a95d1]
	(No symbol) [0x0x7ff7093aa3f3]
	GetHandleVerifier [0x0x7ff70989dc7d+2960429]
	GetHandleVerifier [0x0x7ff709897f3a+2936554]
	GetHandleVerifier [0x0x7ff7098b8977+3070247]
	GetHandleVerifier [0x0x7ff7095f83ce+185214]
	GetHandleVerifier [0x0x7ff7095ffe1f+216527]
	GetHandleVerifier [0x0x7ff7095e7b24+117460]
	GetHandleVerifier [0x0x7ff7095e7cdf+117903]
	GetHandleVerifier [0x0x7ff7095cdbb8+11112]
	BaseThreadInitThunk [0x0x7ff96f65e8d7+23]
	RtlUserThreadStart [0x0x7ff96ffac53c+44]

Traceback (most recent call last):
  File "C:\Users\ferib\OneDrive\Documentos\Projetos\process_screen_monitoring\process_screen_monitoring\collectors\peoplesoft_collector.py", line 150, in _capture_and_extract
    self.driver.get(self.base_url)
  File "C:\Users\ferib\AppData\Roaming\Python\Python312\site-packages\selenium\webdriver\remote\webdriver.py", line 356, in get
    self.execute(Command.GET, {"url": url})
  File "C:\Users\ferib\AppData\Roaming\Python\Python312\site-packages\selenium\webdriver\remote\webdriver.py", line 347, in execute
    self.error_handler.check_response(response)
  File "C:\Users\ferib\AppData\Roaming\Python\Python312\site-packages\selenium\webdriver\remote\errorhandler.py", line 229, in check_response
    raise exception_class(message, screen, stacktrace)
selenium.common.exceptions.WebDriverException: Message: unknown error: net::ERR_NAME_NOT_RESOLVED
  (Session info: chrome=141.0.7390.123)
Stacktrace:
	GetHandleVerifier [0x0x7ff7095de8e5+80021]
	GetHandleVerifier [0x0x7ff7095de940+80112]
	(No symbol) [0x0x7ff70936060f]
	(No symbol) [0x0x7ff70935d0bf]
	(No symbol) [0x0x7ff70934dae9]
	(No symbol) [0x0x7ff70934f94e]
	(No symbol) [0x0x7ff70934e0d2]
	(No symbol) [0x0x7ff70934d859]
	(No symbol) [0x0x7ff70934d51d]
	(No symbol) [0x0x7ff70934b08c]
	(No symbol) [0x0x7ff70934b91c]
	(No symbol) [0x0x7ff7093646da]
	(No symbol) [0x0x7ff70940a47e]
	(No symbol) [0x0x7ff7093e122a]
	(No symbol) [0x0x7ff70940968a]
	(No symbol) [0x0x7ff7093e1003]
	(No symbol) [0x0x7ff7093a95d1]
	(No symbol) [0x0x7ff7093aa3f3]
	GetHandleVerifier [0x0x7ff70989dc7d+2960429]
	GetHandleVerifier [0x0x7ff709897f3a+2936554]
	GetHandleVerifier [0x0x7ff7098b8977+3070247]
	GetHandleVerifier [0x0x7ff7095f83ce+185214]
	GetHandleVerifier [0x0x7ff7095ffe1f+216527]
	GetHandleVerifier [0x0x7ff7095e7b24+117460]
	GetHandleVerifier [0x0x7ff7095e7cdf+117903]
	GetHandleVerifier [0x0x7ff7095cdbb8+11112]
	BaseThreadInitThunk [0x0x7ff96f65e8d7+23]
	RtlUserThreadStart [0x0x7ff96ffac53c+44]


2025-11-05 16:23:51,444 - collectors.base_collector - ERROR - ❌ Erro em PeopleSoft: Falha ao capturar dados
2025-11-05 16:23:51,444 - processors.data_processors - INFO - ✓ Dados de peoplesoft processados
2025-11-05 16:23:51,460 - backend.websocket_handlers - INFO - 📡 Broadcasting update: peoplesoft
2025-11-05 16:23:51,460 - orchestrator.orchestrator - INFO - ✓ Coleta concluída: peoplesoft
2025-11-05 16:23:51,460 - apscheduler.executors.default - INFO - Job "Coleta peoplesoft (trigger: interval[0:05:00], next run at: 2025-11-05 16:28:42 -03)" executed successfully
2025-11-05 16:23:57,883 - collectors.google_collector - WARNING - ⚠ Logo do Google não encontrado
2025-11-05 16:23:57,906 - collectors.google_collector - INFO - ✓ Screenshot salvo: storage/screenshots/google/screenshot_20251105_162357.png
2025-11-05 16:24:04,179 - processors.data_processors - INFO - ✓ Dados de google processados
2025-11-05 16:24:04,197 - backend.websocket_handlers - INFO - 📡 Broadcasting update: google
2025-11-05 16:24:04,197 - orchestrator.orchestrator - INFO - ✓ Coleta concluída: google
2025-11-05 16:24:04,197 - apscheduler.executors.default - INFO - Job "Coleta google (trigger: interval[0:05:00], next run at: 2025-11-05 16:28:42 -03)" executed successfully
2025-11-05 16:28:42,821 - apscheduler.executors.default - INFO - Running job "Coleta google (trigger: interval[0:05:00], next run at: 2025-11-05 16:33:42 -03)" (scheduled at 2025-11-05 16:28:42.814413-03:00)
2025-11-05 16:28:42,821 - apscheduler.executors.default - INFO - Running job "Coleta peoplesoft (trigger: interval[0:05:00], next run at: 2025-11-05 16:33:42 -03)" (scheduled at 2025-11-05 16:28:42.814413-03:00)
2025-11-05 16:28:42,822 - orchestrator.orchestrator - INFO - 🔄 Coletando: google
2025-11-05 16:28:42,822 - orchestrator.orchestrator - INFO - 🔄 Coletando: peoplesoft
2025-11-05 16:28:42,822 - collectors.google_collector - INFO - 📸 Coletando dados: Google
2025-11-05 16:28:42,822 - collectors.peoplesoft_collector - INFO - 📸 Coletando dados: PeopleSoft
2025-11-05 16:28:42,823 - collectors.google_collector - INFO - 🎭 Modo HEADLESS ativado
2025-11-05 16:28:42,823 - collectors.peoplesoft_collector - INFO - 👀 Modo VISUAL ativado (com interface)
2025-11-05 16:28:44,666 - collectors.peoplesoft_collector - INFO - ✓ WebDriver inicializado
2025-11-05 16:28:44,667 - collectors.peoplesoft_collector - INFO - 🔐 Fazendo login...
2025-11-05 16:28:44,688 - collectors.google_collector - INFO - ✓ WebDriver inicializado
2025-11-05 16:28:44,689 - collectors.google_collector - INFO - Navegando para: https://www.google.com
2025-11-05 16:28:45,264 - collectors.peoplesoft_collector - ERROR - ❌ Erro ao capturar: Message: unknown error: net::ERR_NAME_NOT_RESOLVED
  (Session info: chrome=141.0.7390.123)
Stacktrace:
	GetHandleVerifier [0x0x7ff7095de8e5+80021]
	GetHandleVerifier [0x0x7ff7095de940+80112]
	(No symbol) [0x0x7ff70936060f]
	(No symbol) [0x0x7ff70935d0bf]
	(No symbol) [0x0x7ff70934dae9]
	(No symbol) [0x0x7ff70934f94e]
	(No symbol) [0x0x7ff70934e0d2]
	(No symbol) [0x0x7ff70934d859]
	(No symbol) [0x0x7ff70934d51d]
	(No symbol) [0x0x7ff70934b08c]
	(No symbol) [0x0x7ff70934b91c]
	(No symbol) [0x0x7ff7093646da]
	(No symbol) [0x0x7ff70940a47e]
	(No symbol) [0x0x7ff7093e122a]
	(No symbol) [0x0x7ff70940968a]
	(No symbol) [0x0x7ff7093e1003]
	(No symbol) [0x0x7ff7093a95d1]
	(No symbol) [0x0x7ff7093aa3f3]
	GetHandleVerifier [0x0x7ff70989dc7d+2960429]
	GetHandleVerifier [0x0x7ff709897f3a+2936554]
	GetHandleVerifier [0x0x7ff7098b8977+3070247]
	GetHandleVerifier [0x0x7ff7095f83ce+185214]
	GetHandleVerifier [0x0x7ff7095ffe1f+216527]
	GetHandleVerifier [0x0x7ff7095e7b24+117460]
	GetHandleVerifier [0x0x7ff7095e7cdf+117903]
	GetHandleVerifier [0x0x7ff7095cdbb8+11112]
	BaseThreadInitThunk [0x0x7ff96f65e8d7+23]
	RtlUserThreadStart [0x0x7ff96ffac53c+44]

Traceback (most recent call last):
  File "C:\Users\ferib\OneDrive\Documentos\Projetos\process_screen_monitoring\process_screen_monitoring\collectors\peoplesoft_collector.py", line 150, in _capture_and_extract
    self.driver.get(self.base_url)
  File "C:\Users\ferib\AppData\Roaming\Python\Python312\site-packages\selenium\webdriver\remote\webdriver.py", line 356, in get
    self.execute(Command.GET, {"url": url})
  File "C:\Users\ferib\AppData\Roaming\Python\Python312\site-packages\selenium\webdriver\remote\webdriver.py", line 347, in execute
    self.error_handler.check_response(response)
  File "C:\Users\ferib\AppData\Roaming\Python\Python312\site-packages\selenium\webdriver\remote\errorhandler.py", line 229, in check_response
    raise exception_class(message, screen, stacktrace)
selenium.common.exceptions.WebDriverException: Message: unknown error: net::ERR_NAME_NOT_RESOLVED
  (Session info: chrome=141.0.7390.123)
Stacktrace:
	GetHandleVerifier [0x0x7ff7095de8e5+80021]
	GetHandleVerifier [0x0x7ff7095de940+80112]
	(No symbol) [0x0x7ff70936060f]
	(No symbol) [0x0x7ff70935d0bf]
	(No symbol) [0x0x7ff70934dae9]
	(No symbol) [0x0x7ff70934f94e]
	(No symbol) [0x0x7ff70934e0d2]
	(No symbol) [0x0x7ff70934d859]
	(No symbol) [0x0x7ff70934d51d]
	(No symbol) [0x0x7ff70934b08c]
	(No symbol) [0x0x7ff70934b91c]
	(No symbol) [0x0x7ff7093646da]
	(No symbol) [0x0x7ff70940a47e]
	(No symbol) [0x0x7ff7093e122a]
	(No symbol) [0x0x7ff70940968a]
	(No symbol) [0x0x7ff7093e1003]
	(No symbol) [0x0x7ff7093a95d1]
	(No symbol) [0x0x7ff7093aa3f3]
	GetHandleVerifier [0x0x7ff70989dc7d+2960429]
	GetHandleVerifier [0x0x7ff709897f3a+2936554]
	GetHandleVerifier [0x0x7ff7098b8977+3070247]
	GetHandleVerifier [0x0x7ff7095f83ce+185214]
	GetHandleVerifier [0x0x7ff7095ffe1f+216527]
	GetHandleVerifier [0x0x7ff7095e7b24+117460]
	GetHandleVerifier [0x0x7ff7095e7cdf+117903]
	GetHandleVerifier [0x0x7ff7095cdbb8+11112]
	BaseThreadInitThunk [0x0x7ff96f65e8d7+23]
	RtlUserThreadStart [0x0x7ff96ffac53c+44]


2025-11-05 16:28:51,548 - collectors.base_collector - ERROR - ❌ Erro em PeopleSoft: Falha ao capturar dados
2025-11-05 16:28:51,548 - processors.data_processors - INFO - ✓ Dados de peoplesoft processados
2025-11-05 16:28:51,563 - backend.websocket_handlers - INFO - 📡 Broadcasting update: peoplesoft
2025-11-05 16:28:51,563 - orchestrator.orchestrator - INFO - ✓ Coleta concluída: peoplesoft
2025-11-05 16:28:51,564 - apscheduler.executors.default - INFO - Job "Coleta peoplesoft (trigger: interval[0:05:00], next run at: 2025-11-05 16:33:42 -03)" executed successfully
2025-11-05 16:28:57,249 - collectors.google_collector - WARNING - ⚠ Logo do Google não encontrado
2025-11-05 16:28:57,279 - collectors.google_collector - INFO - ✓ Screenshot salvo: storage/screenshots/google/screenshot_20251105_162857.png
2025-11-05 16:29:03,544 - processors.data_processors - INFO - ✓ Dados de google processados
2025-11-05 16:29:03,557 - backend.websocket_handlers - INFO - 📡 Broadcasting update: google
2025-11-05 16:29:03,557 - orchestrator.orchestrator - INFO - ✓ Coleta concluída: google
2025-11-05 16:29:03,557 - apscheduler.executors.default - INFO - Job "Coleta google (trigger: interval[0:05:00], next run at: 2025-11-05 16:33:42 -03)" executed successfully
2025-11-05 16:33:42,829 - apscheduler.executors.default - INFO - Running job "Coleta google (trigger: interval[0:05:00], next run at: 2025-11-05 16:38:42 -03)" (scheduled at 2025-11-05 16:33:42.814413-03:00)
2025-11-05 16:33:42,830 - apscheduler.executors.default - INFO - Running job "Coleta peoplesoft (trigger: interval[0:05:00], next run at: 2025-11-05 16:38:42 -03)" (scheduled at 2025-11-05 16:33:42.814413-03:00)
2025-11-05 16:33:42,831 - orchestrator.orchestrator - INFO - 🔄 Coletando: google
2025-11-05 16:33:42,832 - orchestrator.orchestrator - INFO - 🔄 Coletando: peoplesoft
2025-11-05 16:33:42,832 - collectors.google_collector - INFO - 📸 Coletando dados: Google
2025-11-05 16:33:42,833 - collectors.peoplesoft_collector - INFO - 📸 Coletando dados: PeopleSoft
2025-11-05 16:33:42,833 - collectors.google_collector - INFO - 🎭 Modo HEADLESS ativado
2025-11-05 16:33:42,834 - collectors.peoplesoft_collector - INFO - 👀 Modo VISUAL ativado (com interface)
2025-11-05 16:33:46,551 - collectors.peoplesoft_collector - INFO - ✓ WebDriver inicializado
2025-11-05 16:33:46,553 - collectors.peoplesoft_collector - INFO - 🔐 Fazendo login...
2025-11-05 16:33:46,562 - collectors.google_collector - INFO - ✓ WebDriver inicializado
2025-11-05 16:33:46,564 - collectors.google_collector - INFO - Navegando para: https://www.google.com
2025-11-05 16:33:48,596 - collectors.peoplesoft_collector - ERROR - ❌ Erro ao capturar: Message: unknown error: net::ERR_NAME_NOT_RESOLVED
  (Session info: chrome=141.0.7390.123)
Stacktrace:
	GetHandleVerifier [0x0x7ff7095de8e5+80021]
	GetHandleVerifier [0x0x7ff7095de940+80112]
	(No symbol) [0x0x7ff70936060f]
	(No symbol) [0x0x7ff70935d0bf]
	(No symbol) [0x0x7ff70934dae9]
	(No symbol) [0x0x7ff70934f94e]
	(No symbol) [0x0x7ff70934e0d2]
	(No symbol) [0x0x7ff70934d859]
	(No symbol) [0x0x7ff70934d51d]
	(No symbol) [0x0x7ff70934b08c]
	(No symbol) [0x0x7ff70934b91c]
	(No symbol) [0x0x7ff7093646da]
	(No symbol) [0x0x7ff70940a47e]
	(No symbol) [0x0x7ff7093e122a]
	(No symbol) [0x0x7ff70940968a]
	(No symbol) [0x0x7ff7093e1003]
	(No symbol) [0x0x7ff7093a95d1]
	(No symbol) [0x0x7ff7093aa3f3]
	GetHandleVerifier [0x0x7ff70989dc7d+2960429]
	GetHandleVerifier [0x0x7ff709897f3a+2936554]
	GetHandleVerifier [0x0x7ff7098b8977+3070247]
	GetHandleVerifier [0x0x7ff7095f83ce+185214]
	GetHandleVerifier [0x0x7ff7095ffe1f+216527]
	GetHandleVerifier [0x0x7ff7095e7b24+117460]
	GetHandleVerifier [0x0x7ff7095e7cdf+117903]
	GetHandleVerifier [0x0x7ff7095cdbb8+11112]
	BaseThreadInitThunk [0x0x7ff96f65e8d7+23]
	RtlUserThreadStart [0x0x7ff96ffac53c+44]

Traceback (most recent call last):
  File "C:\Users\ferib\OneDrive\Documentos\Projetos\process_screen_monitoring\process_screen_monitoring\collectors\peoplesoft_collector.py", line 150, in _capture_and_extract
    self.driver.get(self.base_url)
  File "C:\Users\ferib\AppData\Roaming\Python\Python312\site-packages\selenium\webdriver\remote\webdriver.py", line 356, in get
    self.execute(Command.GET, {"url": url})
  File "C:\Users\ferib\AppData\Roaming\Python\Python312\site-packages\selenium\webdriver\remote\webdriver.py", line 347, in execute
    self.error_handler.check_response(response)
  File "C:\Users\ferib\AppData\Roaming\Python\Python312\site-packages\selenium\webdriver\remote\errorhandler.py", line 229, in check_response
    raise exception_class(message, screen, stacktrace)
selenium.common.exceptions.WebDriverException: Message: unknown error: net::ERR_NAME_NOT_RESOLVED
  (Session info: chrome=141.0.7390.123)
Stacktrace:
	GetHandleVerifier [0x0x7ff7095de8e5+80021]
	GetHandleVerifier [0x0x7ff7095de940+80112]
	(No symbol) [0x0x7ff70936060f]
	(No symbol) [0x0x7ff70935d0bf]
	(No symbol) [0x0x7ff70934dae9]
	(No symbol) [0x0x7ff70934f94e]
	(No symbol) [0x0x7ff70934e0d2]
	(No symbol) [0x0x7ff70934d859]
	(No symbol) [0x0x7ff70934d51d]
	(No symbol) [0x0x7ff70934b08c]
	(No symbol) [0x0x7ff70934b91c]
	(No symbol) [0x0x7ff7093646da]
	(No symbol) [0x0x7ff70940a47e]
	(No symbol) [0x0x7ff7093e122a]
	(No symbol) [0x0x7ff70940968a]
	(No symbol) [0x0x7ff7093e1003]
	(No symbol) [0x0x7ff7093a95d1]
	(No symbol) [0x0x7ff7093aa3f3]
	GetHandleVerifier [0x0x7ff70989dc7d+2960429]
	GetHandleVerifier [0x0x7ff709897f3a+2936554]
	GetHandleVerifier [0x0x7ff7098b8977+3070247]
	GetHandleVerifier [0x0x7ff7095f83ce+185214]
	GetHandleVerifier [0x0x7ff7095ffe1f+216527]
	GetHandleVerifier [0x0x7ff7095e7b24+117460]
	GetHandleVerifier [0x0x7ff7095e7cdf+117903]
	GetHandleVerifier [0x0x7ff7095cdbb8+11112]
	BaseThreadInitThunk [0x0x7ff96f65e8d7+23]
	RtlUserThreadStart [0x0x7ff96ffac53c+44]


2025-11-05 16:33:55,133 - collectors.base_collector - ERROR - ❌ Erro em PeopleSoft: Falha ao capturar dados
2025-11-05 16:33:55,139 - processors.data_processors - INFO - ✓ Dados de peoplesoft processados
2025-11-05 16:33:55,161 - backend.websocket_handlers - INFO - 📡 Broadcasting update: peoplesoft
2025-11-05 16:33:55,162 - orchestrator.orchestrator - INFO - ✓ Coleta concluída: peoplesoft
2025-11-05 16:33:55,208 - apscheduler.executors.default - INFO - Job "Coleta peoplesoft (trigger: interval[0:05:00], next run at: 2025-11-05 16:38:42 -03)" executed successfully
2025-11-05 16:33:59,295 - collectors.google_collector - WARNING - ⚠ Logo do Google não encontrado
2025-11-05 16:33:59,337 - collectors.google_collector - INFO - ✓ Screenshot salvo: storage/screenshots/google/screenshot_20251105_163359.png
2025-11-05 16:34:05,612 - processors.data_processors - INFO - ✓ Dados de google processados
2025-11-05 16:34:05,624 - backend.websocket_handlers - INFO - 📡 Broadcasting update: google
2025-11-05 16:34:05,625 - orchestrator.orchestrator - INFO - ✓ Coleta concluída: google
2025-11-05 16:34:05,625 - apscheduler.executors.default - INFO - Job "Coleta google (trigger: interval[0:05:00], next run at: 2025-11-05 16:38:42 -03)" executed successfully
2025-11-05 16:38:42,829 - apscheduler.executors.default - INFO - Running job "Coleta google (trigger: interval[0:05:00], next run at: 2025-11-05 16:43:42 -03)" (scheduled at 2025-11-05 16:38:42.814413-03:00)
2025-11-05 16:38:42,835 - apscheduler.executors.default - INFO - Running job "Coleta peoplesoft (trigger: interval[0:05:00], next run at: 2025-11-05 16:43:42 -03)" (scheduled at 2025-11-05 16:38:42.814413-03:00)
2025-11-05 16:38:42,835 - orchestrator.orchestrator - INFO - 🔄 Coletando: google
2025-11-05 16:38:42,835 - orchestrator.orchestrator - INFO - 🔄 Coletando: peoplesoft
2025-11-05 16:38:42,836 - collectors.google_collector - INFO - 📸 Coletando dados: Google
2025-11-05 16:38:42,836 - collectors.peoplesoft_collector - INFO - 📸 Coletando dados: PeopleSoft
2025-11-05 16:38:42,836 - collectors.google_collector - INFO - 🎭 Modo HEADLESS ativado
2025-11-05 16:38:42,836 - collectors.peoplesoft_collector - INFO - 👀 Modo VISUAL ativado (com interface)
2025-11-05 16:38:44,916 - collectors.peoplesoft_collector - INFO - ✓ WebDriver inicializado
2025-11-05 16:38:44,917 - collectors.google_collector - INFO - ✓ WebDriver inicializado
2025-11-05 16:38:44,917 - collectors.peoplesoft_collector - INFO - 🔐 Fazendo login...
2025-11-05 16:38:44,918 - collectors.google_collector - INFO - Navegando para: https://www.google.com
2025-11-05 16:38:45,535 - collectors.peoplesoft_collector - ERROR - ❌ Erro ao capturar: Message: unknown error: net::ERR_NAME_NOT_RESOLVED
  (Session info: chrome=141.0.7390.123)
Stacktrace:
	GetHandleVerifier [0x0x7ff7095de8e5+80021]
	GetHandleVerifier [0x0x7ff7095de940+80112]
	(No symbol) [0x0x7ff70936060f]
	(No symbol) [0x0x7ff70935d0bf]
	(No symbol) [0x0x7ff70934dae9]
	(No symbol) [0x0x7ff70934f94e]
	(No symbol) [0x0x7ff70934e0d2]
	(No symbol) [0x0x7ff70934d859]
	(No symbol) [0x0x7ff70934d51d]
	(No symbol) [0x0x7ff70934b08c]
	(No symbol) [0x0x7ff70934b91c]
	(No symbol) [0x0x7ff7093646da]
	(No symbol) [0x0x7ff70940a47e]
	(No symbol) [0x0x7ff7093e122a]
	(No symbol) [0x0x7ff70940968a]
	(No symbol) [0x0x7ff7093e1003]
	(No symbol) [0x0x7ff7093a95d1]
	(No symbol) [0x0x7ff7093aa3f3]
	GetHandleVerifier [0x0x7ff70989dc7d+2960429]
	GetHandleVerifier [0x0x7ff709897f3a+2936554]
	GetHandleVerifier [0x0x7ff7098b8977+3070247]
	GetHandleVerifier [0x0x7ff7095f83ce+185214]
	GetHandleVerifier [0x0x7ff7095ffe1f+216527]
	GetHandleVerifier [0x0x7ff7095e7b24+117460]
	GetHandleVerifier [0x0x7ff7095e7cdf+117903]
	GetHandleVerifier [0x0x7ff7095cdbb8+11112]
	BaseThreadInitThunk [0x0x7ff96f65e8d7+23]
	RtlUserThreadStart [0x0x7ff96ffac53c+44]

Traceback (most recent call last):
  File "C:\Users\ferib\OneDrive\Documentos\Projetos\process_screen_monitoring\process_screen_monitoring\collectors\peoplesoft_collector.py", line 150, in _capture_and_extract
    self.driver.get(self.base_url)
  File "C:\Users\ferib\AppData\Roaming\Python\Python312\site-packages\selenium\webdriver\remote\webdriver.py", line 356, in get
    self.execute(Command.GET, {"url": url})
  File "C:\Users\ferib\AppData\Roaming\Python\Python312\site-packages\selenium\webdriver\remote\webdriver.py", line 347, in execute
    self.error_handler.check_response(response)
  File "C:\Users\ferib\AppData\Roaming\Python\Python312\site-packages\selenium\webdriver\remote\errorhandler.py", line 229, in check_response
    raise exception_class(message, screen, stacktrace)
selenium.common.exceptions.WebDriverException: Message: unknown error: net::ERR_NAME_NOT_RESOLVED
  (Session info: chrome=141.0.7390.123)
Stacktrace:
	GetHandleVerifier [0x0x7ff7095de8e5+80021]
	GetHandleVerifier [0x0x7ff7095de940+80112]
	(No symbol) [0x0x7ff70936060f]
	(No symbol) [0x0x7ff70935d0bf]
	(No symbol) [0x0x7ff70934dae9]
	(No symbol) [0x0x7ff70934f94e]
	(No symbol) [0x0x7ff70934e0d2]
	(No symbol) [0x0x7ff70934d859]
	(No symbol) [0x0x7ff70934d51d]
	(No symbol) [0x0x7ff70934b08c]
	(No symbol) [0x0x7ff70934b91c]
	(No symbol) [0x0x7ff7093646da]
	(No symbol) [0x0x7ff70940a47e]
	(No symbol) [0x0x7ff7093e122a]
	(No symbol) [0x0x7ff70940968a]
	(No symbol) [0x0x7ff7093e1003]
	(No symbol) [0x0x7ff7093a95d1]
	(No symbol) [0x0x7ff7093aa3f3]
	GetHandleVerifier [0x0x7ff70989dc7d+2960429]
	GetHandleVerifier [0x0x7ff709897f3a+2936554]
	GetHandleVerifier [0x0x7ff7098b8977+3070247]
	GetHandleVerifier [0x0x7ff7095f83ce+185214]
	GetHandleVerifier [0x0x7ff7095ffe1f+216527]
	GetHandleVerifier [0x0x7ff7095e7b24+117460]
	GetHandleVerifier [0x0x7ff7095e7cdf+117903]
	GetHandleVerifier [0x0x7ff7095cdbb8+11112]
	BaseThreadInitThunk [0x0x7ff96f65e8d7+23]
	RtlUserThreadStart [0x0x7ff96ffac53c+44]


2025-11-05 16:38:51,754 - collectors.base_collector - ERROR - ❌ Erro em PeopleSoft: Falha ao capturar dados
2025-11-05 16:38:51,754 - processors.data_processors - INFO - ✓ Dados de peoplesoft processados
2025-11-05 16:38:51,765 - backend.websocket_handlers - INFO - 📡 Broadcasting update: peoplesoft
2025-11-05 16:38:51,765 - orchestrator.orchestrator - INFO - ✓ Coleta concluída: peoplesoft
2025-11-05 16:38:51,765 - apscheduler.executors.default - INFO - Job "Coleta peoplesoft (trigger: interval[0:05:00], next run at: 2025-11-05 16:43:42 -03)" executed successfully
2025-11-05 16:38:58,124 - collectors.google_collector - WARNING - ⚠ Logo do Google não encontrado
2025-11-05 16:38:58,167 - collectors.google_collector - INFO - ✓ Screenshot salvo: storage/screenshots/google/screenshot_20251105_163858.png
2025-11-05 16:39:04,371 - processors.data_processors - INFO - ✓ Dados de google processados
2025-11-05 16:39:04,383 - backend.websocket_handlers - INFO - 📡 Broadcasting update: google
2025-11-05 16:39:04,383 - orchestrator.orchestrator - INFO - ✓ Coleta concluída: google
2025-11-05 16:39:04,383 - apscheduler.executors.default - INFO - Job "Coleta google (trigger: interval[0:05:00], next run at: 2025-11-05 16:43:42 -03)" executed successfully
2025-11-05 16:43:42,824 - apscheduler.executors.default - INFO - Running job "Coleta google (trigger: interval[0:05:00], next run at: 2025-11-05 16:48:42 -03)" (scheduled at 2025-11-05 16:43:42.814413-03:00)
2025-11-05 16:43:42,825 - apscheduler.executors.default - INFO - Running job "Coleta peoplesoft (trigger: interval[0:05:00], next run at: 2025-11-05 16:48:42 -03)" (scheduled at 2025-11-05 16:43:42.814413-03:00)
2025-11-05 16:43:42,825 - orchestrator.orchestrator - INFO - 🔄 Coletando: google
2025-11-05 16:43:42,825 - orchestrator.orchestrator - INFO - 🔄 Coletando: peoplesoft
2025-11-05 16:43:42,825 - collectors.google_collector - INFO - 📸 Coletando dados: Google
2025-11-05 16:43:42,825 - collectors.peoplesoft_collector - INFO - 📸 Coletando dados: PeopleSoft
2025-11-05 16:43:42,826 - collectors.google_collector - INFO - 🎭 Modo HEADLESS ativado
2025-11-05 16:43:42,826 - collectors.peoplesoft_collector - INFO - 👀 Modo VISUAL ativado (com interface)
2025-11-05 16:43:45,096 - collectors.peoplesoft_collector - INFO - ✓ WebDriver inicializado
2025-11-05 16:43:45,097 - collectors.peoplesoft_collector - INFO - 🔐 Fazendo login...
2025-11-05 16:43:45,112 - collectors.google_collector - INFO - ✓ WebDriver inicializado
2025-11-05 16:43:45,113 - collectors.google_collector - INFO - Navegando para: https://www.google.com
2025-11-05 16:43:45,407 - collectors.peoplesoft_collector - ERROR - ❌ Erro ao capturar: Message: unknown error: net::ERR_NAME_NOT_RESOLVED
  (Session info: chrome=141.0.7390.123)
Stacktrace:
	GetHandleVerifier [0x0x7ff7095de8e5+80021]
	GetHandleVerifier [0x0x7ff7095de940+80112]
	(No symbol) [0x0x7ff70936060f]
	(No symbol) [0x0x7ff70935d0bf]
	(No symbol) [0x0x7ff70934dae9]
	(No symbol) [0x0x7ff70934f94e]
	(No symbol) [0x0x7ff70934e0d2]
	(No symbol) [0x0x7ff70934d859]
	(No symbol) [0x0x7ff70934d51d]
	(No symbol) [0x0x7ff70934b08c]
	(No symbol) [0x0x7ff70934b91c]
	(No symbol) [0x0x7ff7093646da]
	(No symbol) [0x0x7ff70940a47e]
	(No symbol) [0x0x7ff7093e122a]
	(No symbol) [0x0x7ff70940968a]
	(No symbol) [0x0x7ff7093e1003]
	(No symbol) [0x0x7ff7093a95d1]
	(No symbol) [0x0x7ff7093aa3f3]
	GetHandleVerifier [0x0x7ff70989dc7d+2960429]
	GetHandleVerifier [0x0x7ff709897f3a+2936554]
	GetHandleVerifier [0x0x7ff7098b8977+3070247]
	GetHandleVerifier [0x0x7ff7095f83ce+185214]
	GetHandleVerifier [0x0x7ff7095ffe1f+216527]
	GetHandleVerifier [0x0x7ff7095e7b24+117460]
	GetHandleVerifier [0x0x7ff7095e7cdf+117903]
	GetHandleVerifier [0x0x7ff7095cdbb8+11112]
	BaseThreadInitThunk [0x0x7ff96f65e8d7+23]
	RtlUserThreadStart [0x0x7ff96ffac53c+44]

Traceback (most recent call last):
  File "C:\Users\ferib\OneDrive\Documentos\Projetos\process_screen_monitoring\process_screen_monitoring\collectors\peoplesoft_collector.py", line 150, in _capture_and_extract
    self.driver.get(self.base_url)
  File "C:\Users\ferib\AppData\Roaming\Python\Python312\site-packages\selenium\webdriver\remote\webdriver.py", line 356, in get
    self.execute(Command.GET, {"url": url})
  File "C:\Users\ferib\AppData\Roaming\Python\Python312\site-packages\selenium\webdriver\remote\webdriver.py", line 347, in execute
    self.error_handler.check_response(response)
  File "C:\Users\ferib\AppData\Roaming\Python\Python312\site-packages\selenium\webdriver\remote\errorhandler.py", line 229, in check_response
    raise exception_class(message, screen, stacktrace)
selenium.common.exceptions.WebDriverException: Message: unknown error: net::ERR_NAME_NOT_RESOLVED
  (Session info: chrome=141.0.7390.123)
Stacktrace:
	GetHandleVerifier [0x0x7ff7095de8e5+80021]
	GetHandleVerifier [0x0x7ff7095de940+80112]
	(No symbol) [0x0x7ff70936060f]
	(No symbol) [0x0x7ff70935d0bf]
	(No symbol) [0x0x7ff70934dae9]
	(No symbol) [0x0x7ff70934f94e]
	(No symbol) [0x0x7ff70934e0d2]
	(No symbol) [0x0x7ff70934d859]
	(No symbol) [0x0x7ff70934d51d]
	(No symbol) [0x0x7ff70934b08c]
	(No symbol) [0x0x7ff70934b91c]
	(No symbol) [0x0x7ff7093646da]
	(No symbol) [0x0x7ff70940a47e]
	(No symbol) [0x0x7ff7093e122a]
	(No symbol) [0x0x7ff70940968a]
	(No symbol) [0x0x7ff7093e1003]
	(No symbol) [0x0x7ff7093a95d1]
	(No symbol) [0x0x7ff7093aa3f3]
	GetHandleVerifier [0x0x7ff70989dc7d+2960429]
	GetHandleVerifier [0x0x7ff709897f3a+2936554]
	GetHandleVerifier [0x0x7ff7098b8977+3070247]
	GetHandleVerifier [0x0x7ff7095f83ce+185214]
	GetHandleVerifier [0x0x7ff7095ffe1f+216527]
	GetHandleVerifier [0x0x7ff7095e7b24+117460]
	GetHandleVerifier [0x0x7ff7095e7cdf+117903]
	GetHandleVerifier [0x0x7ff7095cdbb8+11112]
	BaseThreadInitThunk [0x0x7ff96f65e8d7+23]
	RtlUserThreadStart [0x0x7ff96ffac53c+44]


2025-11-05 16:43:51,709 - collectors.base_collector - ERROR - ❌ Erro em PeopleSoft: Falha ao capturar dados
2025-11-05 16:43:51,710 - processors.data_processors - INFO - ✓ Dados de peoplesoft processados
2025-11-05 16:43:51,720 - backend.websocket_handlers - INFO - 📡 Broadcasting update: peoplesoft
2025-11-05 16:43:51,721 - orchestrator.orchestrator - INFO - ✓ Coleta concluída: peoplesoft
2025-11-05 16:43:51,721 - apscheduler.executors.default - INFO - Job "Coleta peoplesoft (trigger: interval[0:05:00], next run at: 2025-11-05 16:48:42 -03)" executed successfully
2025-11-05 16:43:58,057 - collectors.google_collector - WARNING - ⚠ Logo do Google não encontrado
2025-11-05 16:43:58,091 - collectors.google_collector - INFO - ✓ Screenshot salvo: storage/screenshots/google/screenshot_20251105_164358.png
2025-11-05 16:44:04,303 - processors.data_processors - INFO - ✓ Dados de google processados
2025-11-05 16:44:04,324 - backend.websocket_handlers - INFO - 📡 Broadcasting update: google
2025-11-05 16:44:04,325 - orchestrator.orchestrator - INFO - ✓ Coleta concluída: google
2025-11-05 16:44:04,325 - apscheduler.executors.default - INFO - Job "Coleta google (trigger: interval[0:05:00], next run at: 2025-11-05 16:48:42 -03)" executed successfully
2025-11-05 16:48:42,830 - apscheduler.executors.default - INFO - Running job "Coleta google (trigger: interval[0:05:00], next run at: 2025-11-05 16:53:42 -03)" (scheduled at 2025-11-05 16:48:42.814413-03:00)
2025-11-05 16:48:42,831 - apscheduler.executors.default - INFO - Running job "Coleta peoplesoft (trigger: interval[0:05:00], next run at: 2025-11-05 16:53:42 -03)" (scheduled at 2025-11-05 16:48:42.814413-03:00)
2025-11-05 16:48:42,832 - orchestrator.orchestrator - INFO - 🔄 Coletando: google
2025-11-05 16:48:42,832 - orchestrator.orchestrator - INFO - 🔄 Coletando: peoplesoft
2025-11-05 16:48:42,832 - collectors.google_collector - INFO - 📸 Coletando dados: Google
2025-11-05 16:48:42,832 - collectors.peoplesoft_collector - INFO - 📸 Coletando dados: PeopleSoft
2025-11-05 16:48:42,832 - collectors.google_collector - INFO - 🎭 Modo HEADLESS ativado
2025-11-05 16:48:42,833 - collectors.peoplesoft_collector - INFO - 👀 Modo VISUAL ativado (com interface)
2025-11-05 16:48:44,666 - collectors.peoplesoft_collector - INFO - ✓ WebDriver inicializado
2025-11-05 16:48:44,667 - collectors.peoplesoft_collector - INFO - 🔐 Fazendo login...
2025-11-05 16:48:44,738 - collectors.google_collector - INFO - ✓ WebDriver inicializado
2025-11-05 16:48:44,739 - collectors.google_collector - INFO - Navegando para: https://www.google.com
2025-11-05 16:48:45,106 - collectors.peoplesoft_collector - ERROR - ❌ Erro ao capturar: Message: unknown error: net::ERR_NAME_NOT_RESOLVED
  (Session info: chrome=141.0.7390.123)
Stacktrace:
	GetHandleVerifier [0x0x7ff7095de8e5+80021]
	GetHandleVerifier [0x0x7ff7095de940+80112]
	(No symbol) [0x0x7ff70936060f]
	(No symbol) [0x0x7ff70935d0bf]
	(No symbol) [0x0x7ff70934dae9]
	(No symbol) [0x0x7ff70934f94e]
	(No symbol) [0x0x7ff70934e0d2]
	(No symbol) [0x0x7ff70934d859]
	(No symbol) [0x0x7ff70934d51d]
	(No symbol) [0x0x7ff70934b08c]
	(No symbol) [0x0x7ff70934b91c]
	(No symbol) [0x0x7ff7093646da]
	(No symbol) [0x0x7ff70940a47e]
	(No symbol) [0x0x7ff7093e122a]
	(No symbol) [0x0x7ff70940968a]
	(No symbol) [0x0x7ff7093e1003]
	(No symbol) [0x0x7ff7093a95d1]
	(No symbol) [0x0x7ff7093aa3f3]
	GetHandleVerifier [0x0x7ff70989dc7d+2960429]
	GetHandleVerifier [0x0x7ff709897f3a+2936554]
	GetHandleVerifier [0x0x7ff7098b8977+3070247]
	GetHandleVerifier [0x0x7ff7095f83ce+185214]
	GetHandleVerifier [0x0x7ff7095ffe1f+216527]
	GetHandleVerifier [0x0x7ff7095e7b24+117460]
	GetHandleVerifier [0x0x7ff7095e7cdf+117903]
	GetHandleVerifier [0x0x7ff7095cdbb8+11112]
	BaseThreadInitThunk [0x0x7ff96f65e8d7+23]
	RtlUserThreadStart [0x0x7ff96ffac53c+44]

Traceback (most recent call last):
  File "C:\Users\ferib\OneDrive\Documentos\Projetos\process_screen_monitoring\process_screen_monitoring\collectors\peoplesoft_collector.py", line 150, in _capture_and_extract
    self.driver.get(self.base_url)
  File "C:\Users\ferib\AppData\Roaming\Python\Python312\site-packages\selenium\webdriver\remote\webdriver.py", line 356, in get
    self.execute(Command.GET, {"url": url})
  File "C:\Users\ferib\AppData\Roaming\Python\Python312\site-packages\selenium\webdriver\remote\webdriver.py", line 347, in execute
    self.error_handler.check_response(response)
  File "C:\Users\ferib\AppData\Roaming\Python\Python312\site-packages\selenium\webdriver\remote\errorhandler.py", line 229, in check_response
    raise exception_class(message, screen, stacktrace)
selenium.common.exceptions.WebDriverException: Message: unknown error: net::ERR_NAME_NOT_RESOLVED
  (Session info: chrome=141.0.7390.123)
Stacktrace:
	GetHandleVerifier [0x0x7ff7095de8e5+80021]
	GetHandleVerifier [0x0x7ff7095de940+80112]
	(No symbol) [0x0x7ff70936060f]
	(No symbol) [0x0x7ff70935d0bf]
	(No symbol) [0x0x7ff70934dae9]
	(No symbol) [0x0x7ff70934f94e]
	(No symbol) [0x0x7ff70934e0d2]
	(No symbol) [0x0x7ff70934d859]
	(No symbol) [0x0x7ff70934d51d]
	(No symbol) [0x0x7ff70934b08c]
	(No symbol) [0x0x7ff70934b91c]
	(No symbol) [0x0x7ff7093646da]
	(No symbol) [0x0x7ff70940a47e]
	(No symbol) [0x0x7ff7093e122a]
	(No symbol) [0x0x7ff70940968a]
	(No symbol) [0x0x7ff7093e1003]
	(No symbol) [0x0x7ff7093a95d1]
	(No symbol) [0x0x7ff7093aa3f3]
	GetHandleVerifier [0x0x7ff70989dc7d+2960429]
	GetHandleVerifier [0x0x7ff709897f3a+2936554]
	GetHandleVerifier [0x0x7ff7098b8977+3070247]
	GetHandleVerifier [0x0x7ff7095f83ce+185214]
	GetHandleVerifier [0x0x7ff7095ffe1f+216527]
	GetHandleVerifier [0x0x7ff7095e7b24+117460]
	GetHandleVerifier [0x0x7ff7095e7cdf+117903]
	GetHandleVerifier [0x0x7ff7095cdbb8+11112]
	BaseThreadInitThunk [0x0x7ff96f65e8d7+23]
	RtlUserThreadStart [0x0x7ff96ffac53c+44]


2025-11-05 16:48:51,368 - collectors.base_collector - ERROR - ❌ Erro em PeopleSoft: Falha ao capturar dados
2025-11-05 16:48:51,368 - processors.data_processors - INFO - ✓ Dados de peoplesoft processados
2025-11-05 16:48:51,384 - backend.websocket_handlers - INFO - 📡 Broadcasting update: peoplesoft
2025-11-05 16:48:51,385 - orchestrator.orchestrator - INFO - ✓ Coleta concluída: peoplesoft
2025-11-05 16:48:51,385 - apscheduler.executors.default - INFO - Job "Coleta peoplesoft (trigger: interval[0:05:00], next run at: 2025-11-05 16:53:42 -03)" executed successfully
2025-11-05 16:48:57,852 - collectors.google_collector - WARNING - ⚠ Logo do Google não encontrado
2025-11-05 16:48:57,881 - collectors.google_collector - INFO - ✓ Screenshot salvo: storage/screenshots/google/screenshot_20251105_164857.png
2025-11-05 16:49:04,139 - processors.data_processors - INFO - ✓ Dados de google processados
2025-11-05 16:49:04,157 - backend.websocket_handlers - INFO - 📡 Broadcasting update: google
2025-11-05 16:49:04,158 - orchestrator.orchestrator - INFO - ✓ Coleta concluída: google
2025-11-05 16:49:04,158 - apscheduler.executors.default - INFO - Job "Coleta google (trigger: interval[0:05:00], next run at: 2025-11-05 16:53:42 -03)" executed successfully
2025-11-05 16:53:42,823 - apscheduler.executors.default - INFO - Running job "Coleta google (trigger: interval[0:05:00], next run at: 2025-11-05 16:58:42 -03)" (scheduled at 2025-11-05 16:53:42.814413-03:00)
2025-11-05 16:53:42,824 - apscheduler.executors.default - INFO - Running job "Coleta peoplesoft (trigger: interval[0:05:00], next run at: 2025-11-05 16:58:42 -03)" (scheduled at 2025-11-05 16:53:42.814413-03:00)
2025-11-05 16:53:42,825 - orchestrator.orchestrator - INFO - 🔄 Coletando: google
2025-11-05 16:53:42,825 - orchestrator.orchestrator - INFO - 🔄 Coletando: peoplesoft
2025-11-05 16:53:42,825 - collectors.google_collector - INFO - 📸 Coletando dados: Google
2025-11-05 16:53:42,825 - collectors.peoplesoft_collector - INFO - 📸 Coletando dados: PeopleSoft
2025-11-05 16:53:42,826 - collectors.google_collector - INFO - 🎭 Modo HEADLESS ativado
2025-11-05 16:53:42,826 - collectors.peoplesoft_collector - INFO - 👀 Modo VISUAL ativado (com interface)
2025-11-05 16:53:44,639 - collectors.peoplesoft_collector - INFO - ✓ WebDriver inicializado
2025-11-05 16:53:44,646 - collectors.peoplesoft_collector - INFO - 🔐 Fazendo login...
2025-11-05 16:53:44,718 - collectors.google_collector - INFO - ✓ WebDriver inicializado
2025-11-05 16:53:44,719 - collectors.google_collector - INFO - Navegando para: https://www.google.com
2025-11-05 16:53:45,080 - collectors.peoplesoft_collector - ERROR - ❌ Erro ao capturar: Message: unknown error: net::ERR_NAME_NOT_RESOLVED
  (Session info: chrome=141.0.7390.123)
Stacktrace:
	GetHandleVerifier [0x0x7ff7095de8e5+80021]
	GetHandleVerifier [0x0x7ff7095de940+80112]
	(No symbol) [0x0x7ff70936060f]
	(No symbol) [0x0x7ff70935d0bf]
	(No symbol) [0x0x7ff70934dae9]
	(No symbol) [0x0x7ff70934f94e]
	(No symbol) [0x0x7ff70934e0d2]
	(No symbol) [0x0x7ff70934d859]
	(No symbol) [0x0x7ff70934d51d]
	(No symbol) [0x0x7ff70934b08c]
	(No symbol) [0x0x7ff70934b91c]
	(No symbol) [0x0x7ff7093646da]
	(No symbol) [0x0x7ff70940a47e]
	(No symbol) [0x0x7ff7093e122a]
	(No symbol) [0x0x7ff70940968a]
	(No symbol) [0x0x7ff7093e1003]
	(No symbol) [0x0x7ff7093a95d1]
	(No symbol) [0x0x7ff7093aa3f3]
	GetHandleVerifier [0x0x7ff70989dc7d+2960429]
	GetHandleVerifier [0x0x7ff709897f3a+2936554]
	GetHandleVerifier [0x0x7ff7098b8977+3070247]
	GetHandleVerifier [0x0x7ff7095f83ce+185214]
	GetHandleVerifier [0x0x7ff7095ffe1f+216527]
	GetHandleVerifier [0x0x7ff7095e7b24+117460]
	GetHandleVerifier [0x0x7ff7095e7cdf+117903]
	GetHandleVerifier [0x0x7ff7095cdbb8+11112]
	BaseThreadInitThunk [0x0x7ff96f65e8d7+23]
	RtlUserThreadStart [0x0x7ff96ffac53c+44]

Traceback (most recent call last):
  File "C:\Users\ferib\OneDrive\Documentos\Projetos\process_screen_monitoring\process_screen_monitoring\collectors\peoplesoft_collector.py", line 150, in _capture_and_extract
    self.driver.get(self.base_url)
  File "C:\Users\ferib\AppData\Roaming\Python\Python312\site-packages\selenium\webdriver\remote\webdriver.py", line 356, in get
    self.execute(Command.GET, {"url": url})
  File "C:\Users\ferib\AppData\Roaming\Python\Python312\site-packages\selenium\webdriver\remote\webdriver.py", line 347, in execute
    self.error_handler.check_response(response)
  File "C:\Users\ferib\AppData\Roaming\Python\Python312\site-packages\selenium\webdriver\remote\errorhandler.py", line 229, in check_response
    raise exception_class(message, screen, stacktrace)
selenium.common.exceptions.WebDriverException: Message: unknown error: net::ERR_NAME_NOT_RESOLVED
  (Session info: chrome=141.0.7390.123)
Stacktrace:
	GetHandleVerifier [0x0x7ff7095de8e5+80021]
	GetHandleVerifier [0x0x7ff7095de940+80112]
	(No symbol) [0x0x7ff70936060f]
	(No symbol) [0x0x7ff70935d0bf]
	(No symbol) [0x0x7ff70934dae9]
	(No symbol) [0x0x7ff70934f94e]
	(No symbol) [0x0x7ff70934e0d2]
	(No symbol) [0x0x7ff70934d859]
	(No symbol) [0x0x7ff70934d51d]
	(No symbol) [0x0x7ff70934b08c]
	(No symbol) [0x0x7ff70934b91c]
	(No symbol) [0x0x7ff7093646da]
	(No symbol) [0x0x7ff70940a47e]
	(No symbol) [0x0x7ff7093e122a]
	(No symbol) [0x0x7ff70940968a]
	(No symbol) [0x0x7ff7093e1003]
	(No symbol) [0x0x7ff7093a95d1]
	(No symbol) [0x0x7ff7093aa3f3]
	GetHandleVerifier [0x0x7ff70989dc7d+2960429]
	GetHandleVerifier [0x0x7ff709897f3a+2936554]
	GetHandleVerifier [0x0x7ff7098b8977+3070247]
	GetHandleVerifier [0x0x7ff7095f83ce+185214]
	GetHandleVerifier [0x0x7ff7095ffe1f+216527]
	GetHandleVerifier [0x0x7ff7095e7b24+117460]
	GetHandleVerifier [0x0x7ff7095e7cdf+117903]
	GetHandleVerifier [0x0x7ff7095cdbb8+11112]
	BaseThreadInitThunk [0x0x7ff96f65e8d7+23]
	RtlUserThreadStart [0x0x7ff96ffac53c+44]


2025-11-05 16:53:51,358 - collectors.base_collector - ERROR - ❌ Erro em PeopleSoft: Falha ao capturar dados
2025-11-05 16:53:51,359 - processors.data_processors - INFO - ✓ Dados de peoplesoft processados
2025-11-05 16:53:51,374 - backend.websocket_handlers - INFO - 📡 Broadcasting update: peoplesoft
2025-11-05 16:53:51,375 - orchestrator.orchestrator - INFO - ✓ Coleta concluída: peoplesoft
2025-11-05 16:53:51,375 - apscheduler.executors.default - INFO - Job "Coleta peoplesoft (trigger: interval[0:05:00], next run at: 2025-11-05 16:58:42 -03)" executed successfully
2025-11-05 16:53:57,721 - collectors.google_collector - WARNING - ⚠ Logo do Google não encontrado
2025-11-05 16:53:57,751 - collectors.google_collector - INFO - ✓ Screenshot salvo: storage/screenshots/google/screenshot_20251105_165357.png
2025-11-05 16:54:04,013 - processors.data_processors - INFO - ✓ Dados de google processados
2025-11-05 16:54:04,031 - backend.websocket_handlers - INFO - 📡 Broadcasting update: google
2025-11-05 16:54:04,031 - orchestrator.orchestrator - INFO - ✓ Coleta concluída: google
2025-11-05 16:54:04,031 - apscheduler.executors.default - INFO - Job "Coleta google (trigger: interval[0:05:00], next run at: 2025-11-05 16:58:42 -03)" executed successfully
2025-11-05 16:58:42,815 - apscheduler.executors.default - INFO - Running job "Coleta google (trigger: interval[0:05:00], next run at: 2025-11-05 17:03:42 -03)" (scheduled at 2025-11-05 16:58:42.814413-03:00)
2025-11-05 16:58:42,815 - apscheduler.executors.default - INFO - Running job "Coleta peoplesoft (trigger: interval[0:05:00], next run at: 2025-11-05 17:03:42 -03)" (scheduled at 2025-11-05 16:58:42.814413-03:00)
2025-11-05 16:58:42,815 - orchestrator.orchestrator - INFO - 🔄 Coletando: google
2025-11-05 16:58:42,816 - orchestrator.orchestrator - INFO - 🔄 Coletando: peoplesoft
2025-11-05 16:58:42,816 - collectors.google_collector - INFO - 📸 Coletando dados: Google
2025-11-05 16:58:42,816 - collectors.peoplesoft_collector - INFO - 📸 Coletando dados: PeopleSoft
2025-11-05 16:58:42,816 - collectors.google_collector - INFO - 🎭 Modo HEADLESS ativado
2025-11-05 16:58:42,816 - collectors.peoplesoft_collector - INFO - 👀 Modo VISUAL ativado (com interface)
2025-11-05 16:58:44,624 - collectors.peoplesoft_collector - INFO - ✓ WebDriver inicializado
2025-11-05 16:58:44,625 - collectors.peoplesoft_collector - INFO - 🔐 Fazendo login...
2025-11-05 16:58:44,633 - collectors.google_collector - INFO - ✓ WebDriver inicializado
2025-11-05 16:58:44,634 - collectors.google_collector - INFO - Navegando para: https://www.google.com
2025-11-05 16:58:45,130 - collectors.peoplesoft_collector - ERROR - ❌ Erro ao capturar: Message: unknown error: net::ERR_NAME_NOT_RESOLVED
  (Session info: chrome=141.0.7390.123)
Stacktrace:
	GetHandleVerifier [0x0x7ff7095de8e5+80021]
	GetHandleVerifier [0x0x7ff7095de940+80112]
	(No symbol) [0x0x7ff70936060f]
	(No symbol) [0x0x7ff70935d0bf]
	(No symbol) [0x0x7ff70934dae9]
	(No symbol) [0x0x7ff70934f94e]
	(No symbol) [0x0x7ff70934e0d2]
	(No symbol) [0x0x7ff70934d859]
	(No symbol) [0x0x7ff70934d51d]
	(No symbol) [0x0x7ff70934b08c]
	(No symbol) [0x0x7ff70934b91c]
	(No symbol) [0x0x7ff7093646da]
	(No symbol) [0x0x7ff70940a47e]
	(No symbol) [0x0x7ff7093e122a]
	(No symbol) [0x0x7ff70940968a]
	(No symbol) [0x0x7ff7093e1003]
	(No symbol) [0x0x7ff7093a95d1]
	(No symbol) [0x0x7ff7093aa3f3]
	GetHandleVerifier [0x0x7ff70989dc7d+2960429]
	GetHandleVerifier [0x0x7ff709897f3a+2936554]
	GetHandleVerifier [0x0x7ff7098b8977+3070247]
	GetHandleVerifier [0x0x7ff7095f83ce+185214]
	GetHandleVerifier [0x0x7ff7095ffe1f+216527]
	GetHandleVerifier [0x0x7ff7095e7b24+117460]
	GetHandleVerifier [0x0x7ff7095e7cdf+117903]
	GetHandleVerifier [0x0x7ff7095cdbb8+11112]
	BaseThreadInitThunk [0x0x7ff96f65e8d7+23]
	RtlUserThreadStart [0x0x7ff96ffac53c+44]

Traceback (most recent call last):
  File "C:\Users\ferib\OneDrive\Documentos\Projetos\process_screen_monitoring\process_screen_monitoring\collectors\peoplesoft_collector.py", line 150, in _capture_and_extract
    self.driver.get(self.base_url)
  File "C:\Users\ferib\AppData\Roaming\Python\Python312\site-packages\selenium\webdriver\remote\webdriver.py", line 356, in get
    self.execute(Command.GET, {"url": url})
  File "C:\Users\ferib\AppData\Roaming\Python\Python312\site-packages\selenium\webdriver\remote\webdriver.py", line 347, in execute
    self.error_handler.check_response(response)
  File "C:\Users\ferib\AppData\Roaming\Python\Python312\site-packages\selenium\webdriver\remote\errorhandler.py", line 229, in check_response
    raise exception_class(message, screen, stacktrace)
selenium.common.exceptions.WebDriverException: Message: unknown error: net::ERR_NAME_NOT_RESOLVED
  (Session info: chrome=141.0.7390.123)
Stacktrace:
	GetHandleVerifier [0x0x7ff7095de8e5+80021]
	GetHandleVerifier [0x0x7ff7095de940+80112]
	(No symbol) [0x0x7ff70936060f]
	(No symbol) [0x0x7ff70935d0bf]
	(No symbol) [0x0x7ff70934dae9]
	(No symbol) [0x0x7ff70934f94e]
	(No symbol) [0x0x7ff70934e0d2]
	(No symbol) [0x0x7ff70934d859]
	(No symbol) [0x0x7ff70934d51d]
	(No symbol) [0x0x7ff70934b08c]
	(No symbol) [0x0x7ff70934b91c]
	(No symbol) [0x0x7ff7093646da]
	(No symbol) [0x0x7ff70940a47e]
	(No symbol) [0x0x7ff7093e122a]
	(No symbol) [0x0x7ff70940968a]
	(No symbol) [0x0x7ff7093e1003]
	(No symbol) [0x0x7ff7093a95d1]
	(No symbol) [0x0x7ff7093aa3f3]
	GetHandleVerifier [0x0x7ff70989dc7d+2960429]
	GetHandleVerifier [0x0x7ff709897f3a+2936554]
	GetHandleVerifier [0x0x7ff7098b8977+3070247]
	GetHandleVerifier [0x0x7ff7095f83ce+185214]
	GetHandleVerifier [0x0x7ff7095ffe1f+216527]
	GetHandleVerifier [0x0x7ff7095e7b24+117460]
	GetHandleVerifier [0x0x7ff7095e7cdf+117903]
	GetHandleVerifier [0x0x7ff7095cdbb8+11112]
	BaseThreadInitThunk [0x0x7ff96f65e8d7+23]
	RtlUserThreadStart [0x0x7ff96ffac53c+44]


2025-11-05 16:58:51,477 - collectors.base_collector - ERROR - ❌ Erro em PeopleSoft: Falha ao capturar dados
2025-11-05 16:58:51,477 - processors.data_processors - INFO - ✓ Dados de peoplesoft processados
2025-11-05 16:58:51,493 - backend.websocket_handlers - INFO - 📡 Broadcasting update: peoplesoft
2025-11-05 16:58:51,493 - orchestrator.orchestrator - INFO - ✓ Coleta concluída: peoplesoft
2025-11-05 16:58:51,493 - apscheduler.executors.default - INFO - Job "Coleta peoplesoft (trigger: interval[0:05:00], next run at: 2025-11-05 17:03:42 -03)" executed successfully
2025-11-05 16:58:58,006 - collectors.google_collector - WARNING - ⚠ Logo do Google não encontrado
2025-11-05 16:58:58,039 - collectors.google_collector - INFO - ✓ Screenshot salvo: storage/screenshots/google/screenshot_20251105_165858.png
2025-11-05 16:59:04,277 - processors.data_processors - INFO - ✓ Dados de google processados
2025-11-05 16:59:04,289 - backend.websocket_handlers - INFO - 📡 Broadcasting update: google
2025-11-05 16:59:04,289 - orchestrator.orchestrator - INFO - ✓ Coleta concluída: google
2025-11-05 16:59:04,290 - apscheduler.executors.default - INFO - Job "Coleta google (trigger: interval[0:05:00], next run at: 2025-11-05 17:03:42 -03)" executed successfully
2025-11-05 17:03:42,830 - apscheduler.executors.default - INFO - Running job "Coleta google (trigger: interval[0:05:00], next run at: 2025-11-05 17:08:42 -03)" (scheduled at 2025-11-05 17:03:42.814413-03:00)
2025-11-05 17:03:42,830 - apscheduler.executors.default - INFO - Running job "Coleta peoplesoft (trigger: interval[0:05:00], next run at: 2025-11-05 17:08:42 -03)" (scheduled at 2025-11-05 17:03:42.814413-03:00)
2025-11-05 17:03:42,831 - orchestrator.orchestrator - INFO - 🔄 Coletando: google
2025-11-05 17:03:42,831 - orchestrator.orchestrator - INFO - 🔄 Coletando: peoplesoft
2025-11-05 17:03:42,831 - collectors.google_collector - INFO - 📸 Coletando dados: Google
2025-11-05 17:03:42,831 - collectors.peoplesoft_collector - INFO - 📸 Coletando dados: PeopleSoft
2025-11-05 17:03:42,832 - collectors.google_collector - INFO - 🎭 Modo HEADLESS ativado
2025-11-05 17:03:42,832 - collectors.peoplesoft_collector - INFO - 👀 Modo VISUAL ativado (com interface)
2025-11-05 17:03:44,652 - collectors.google_collector - INFO - ✓ WebDriver inicializado
2025-11-05 17:03:44,654 - collectors.google_collector - INFO - Navegando para: https://www.google.com
2025-11-05 17:03:44,679 - collectors.peoplesoft_collector - INFO - ✓ WebDriver inicializado
2025-11-05 17:03:44,685 - collectors.peoplesoft_collector - INFO - 🔐 Fazendo login...
2025-11-05 17:03:45,233 - collectors.peoplesoft_collector - ERROR - ❌ Erro ao capturar: Message: unknown error: net::ERR_NAME_NOT_RESOLVED
  (Session info: chrome=141.0.7390.123)
Stacktrace:
	GetHandleVerifier [0x0x7ff7095de8e5+80021]
	GetHandleVerifier [0x0x7ff7095de940+80112]
	(No symbol) [0x0x7ff70936060f]
	(No symbol) [0x0x7ff70935d0bf]
	(No symbol) [0x0x7ff70934dae9]
	(No symbol) [0x0x7ff70934f94e]
	(No symbol) [0x0x7ff70934e0d2]
	(No symbol) [0x0x7ff70934d859]
	(No symbol) [0x0x7ff70934d51d]
	(No symbol) [0x0x7ff70934b08c]
	(No symbol) [0x0x7ff70934b91c]
	(No symbol) [0x0x7ff7093646da]
	(No symbol) [0x0x7ff70940a47e]
	(No symbol) [0x0x7ff7093e122a]
	(No symbol) [0x0x7ff70940968a]
	(No symbol) [0x0x7ff7093e1003]
	(No symbol) [0x0x7ff7093a95d1]
	(No symbol) [0x0x7ff7093aa3f3]
	GetHandleVerifier [0x0x7ff70989dc7d+2960429]
	GetHandleVerifier [0x0x7ff709897f3a+2936554]
	GetHandleVerifier [0x0x7ff7098b8977+3070247]
	GetHandleVerifier [0x0x7ff7095f83ce+185214]
	GetHandleVerifier [0x0x7ff7095ffe1f+216527]
	GetHandleVerifier [0x0x7ff7095e7b24+117460]
	GetHandleVerifier [0x0x7ff7095e7cdf+117903]
	GetHandleVerifier [0x0x7ff7095cdbb8+11112]
	BaseThreadInitThunk [0x0x7ff96f65e8d7+23]
	RtlUserThreadStart [0x0x7ff96ffac53c+44]

Traceback (most recent call last):
  File "C:\Users\ferib\OneDrive\Documentos\Projetos\process_screen_monitoring\process_screen_monitoring\collectors\peoplesoft_collector.py", line 150, in _capture_and_extract
    self.driver.get(self.base_url)
  File "C:\Users\ferib\AppData\Roaming\Python\Python312\site-packages\selenium\webdriver\remote\webdriver.py", line 356, in get
    self.execute(Command.GET, {"url": url})
  File "C:\Users\ferib\AppData\Roaming\Python\Python312\site-packages\selenium\webdriver\remote\webdriver.py", line 347, in execute
    self.error_handler.check_response(response)
  File "C:\Users\ferib\AppData\Roaming\Python\Python312\site-packages\selenium\webdriver\remote\errorhandler.py", line 229, in check_response
    raise exception_class(message, screen, stacktrace)
selenium.common.exceptions.WebDriverException: Message: unknown error: net::ERR_NAME_NOT_RESOLVED
  (Session info: chrome=141.0.7390.123)
Stacktrace:
	GetHandleVerifier [0x0x7ff7095de8e5+80021]
	GetHandleVerifier [0x0x7ff7095de940+80112]
	(No symbol) [0x0x7ff70936060f]
	(No symbol) [0x0x7ff70935d0bf]
	(No symbol) [0x0x7ff70934dae9]
	(No symbol) [0x0x7ff70934f94e]
	(No symbol) [0x0x7ff70934e0d2]
	(No symbol) [0x0x7ff70934d859]
	(No symbol) [0x0x7ff70934d51d]
	(No symbol) [0x0x7ff70934b08c]
	(No symbol) [0x0x7ff70934b91c]
	(No symbol) [0x0x7ff7093646da]
	(No symbol) [0x0x7ff70940a47e]
	(No symbol) [0x0x7ff7093e122a]
	(No symbol) [0x0x7ff70940968a]
	(No symbol) [0x0x7ff7093e1003]
	(No symbol) [0x0x7ff7093a95d1]
	(No symbol) [0x0x7ff7093aa3f3]
	GetHandleVerifier [0x0x7ff70989dc7d+2960429]
	GetHandleVerifier [0x0x7ff709897f3a+2936554]
	GetHandleVerifier [0x0x7ff7098b8977+3070247]
	GetHandleVerifier [0x0x7ff7095f83ce+185214]
	GetHandleVerifier [0x0x7ff7095ffe1f+216527]
	GetHandleVerifier [0x0x7ff7095e7b24+117460]
	GetHandleVerifier [0x0x7ff7095e7cdf+117903]
	GetHandleVerifier [0x0x7ff7095cdbb8+11112]
	BaseThreadInitThunk [0x0x7ff96f65e8d7+23]
	RtlUserThreadStart [0x0x7ff96ffac53c+44]


2025-11-05 17:03:51,510 - collectors.base_collector - ERROR - ❌ Erro em PeopleSoft: Falha ao capturar dados
2025-11-05 17:03:51,510 - processors.data_processors - INFO - ✓ Dados de peoplesoft processados
2025-11-05 17:03:51,531 - backend.websocket_handlers - INFO - 📡 Broadcasting update: peoplesoft
2025-11-05 17:03:51,531 - orchestrator.orchestrator - INFO - ✓ Coleta concluída: peoplesoft
2025-11-05 17:03:51,531 - apscheduler.executors.default - INFO - Job "Coleta peoplesoft (trigger: interval[0:05:00], next run at: 2025-11-05 17:08:42 -03)" executed successfully
2025-11-05 17:03:57,138 - collectors.google_collector - WARNING - ⚠ Logo do Google não encontrado
2025-11-05 17:03:57,176 - collectors.google_collector - INFO - ✓ Screenshot salvo: storage/screenshots/google/screenshot_20251105_170357.png
2025-11-05 17:04:03,396 - processors.data_processors - INFO - ✓ Dados de google processados
2025-11-05 17:04:03,410 - backend.websocket_handlers - INFO - 📡 Broadcasting update: google
2025-11-05 17:04:03,410 - orchestrator.orchestrator - INFO - ✓ Coleta concluída: google
2025-11-05 17:04:03,410 - apscheduler.executors.default - INFO - Job "Coleta google (trigger: interval[0:05:00], next run at: 2025-11-05 17:08:42 -03)" executed successfully
2025-11-05 17:08:42,827 - apscheduler.executors.default - INFO - Running job "Coleta google (trigger: interval[0:05:00], next run at: 2025-11-05 17:13:42 -03)" (scheduled at 2025-11-05 17:08:42.814413-03:00)
2025-11-05 17:08:42,827 - apscheduler.executors.default - INFO - Running job "Coleta peoplesoft (trigger: interval[0:05:00], next run at: 2025-11-05 17:13:42 -03)" (scheduled at 2025-11-05 17:08:42.814413-03:00)
2025-11-05 17:08:42,828 - orchestrator.orchestrator - INFO - 🔄 Coletando: google
2025-11-05 17:08:42,828 - orchestrator.orchestrator - INFO - 🔄 Coletando: peoplesoft
2025-11-05 17:08:42,828 - collectors.google_collector - INFO - 📸 Coletando dados: Google
2025-11-05 17:08:42,828 - collectors.peoplesoft_collector - INFO - 📸 Coletando dados: PeopleSoft
2025-11-05 17:08:42,828 - collectors.google_collector - INFO - 🎭 Modo HEADLESS ativado
2025-11-05 17:08:42,829 - collectors.peoplesoft_collector - INFO - 👀 Modo VISUAL ativado (com interface)
2025-11-05 17:08:44,636 - collectors.google_collector - INFO - ✓ WebDriver inicializado
2025-11-05 17:08:44,638 - collectors.peoplesoft_collector - INFO - ✓ WebDriver inicializado
2025-11-05 17:08:44,638 - collectors.google_collector - INFO - Navegando para: https://www.google.com
2025-11-05 17:08:44,639 - collectors.peoplesoft_collector - INFO - 🔐 Fazendo login...
2025-11-05 17:08:44,966 - collectors.peoplesoft_collector - ERROR - ❌ Erro ao capturar: Message: unknown error: net::ERR_NAME_NOT_RESOLVED
  (Session info: chrome=141.0.7390.123)
Stacktrace:
	GetHandleVerifier [0x0x7ff7095de8e5+80021]
	GetHandleVerifier [0x0x7ff7095de940+80112]
	(No symbol) [0x0x7ff70936060f]
	(No symbol) [0x0x7ff70935d0bf]
	(No symbol) [0x0x7ff70934dae9]
	(No symbol) [0x0x7ff70934f94e]
	(No symbol) [0x0x7ff70934e0d2]
	(No symbol) [0x0x7ff70934d859]
	(No symbol) [0x0x7ff70934d51d]
	(No symbol) [0x0x7ff70934b08c]
	(No symbol) [0x0x7ff70934b91c]
	(No symbol) [0x0x7ff7093646da]
	(No symbol) [0x0x7ff70940a47e]
	(No symbol) [0x0x7ff7093e122a]
	(No symbol) [0x0x7ff70940968a]
	(No symbol) [0x0x7ff7093e1003]
	(No symbol) [0x0x7ff7093a95d1]
	(No symbol) [0x0x7ff7093aa3f3]
	GetHandleVerifier [0x0x7ff70989dc7d+2960429]
	GetHandleVerifier [0x0x7ff709897f3a+2936554]
	GetHandleVerifier [0x0x7ff7098b8977+3070247]
	GetHandleVerifier [0x0x7ff7095f83ce+185214]
	GetHandleVerifier [0x0x7ff7095ffe1f+216527]
	GetHandleVerifier [0x0x7ff7095e7b24+117460]
	GetHandleVerifier [0x0x7ff7095e7cdf+117903]
	GetHandleVerifier [0x0x7ff7095cdbb8+11112]
	BaseThreadInitThunk [0x0x7ff96f65e8d7+23]
	RtlUserThreadStart [0x0x7ff96ffac53c+44]

Traceback (most recent call last):
  File "C:\Users\ferib\OneDrive\Documentos\Projetos\process_screen_monitoring\process_screen_monitoring\collectors\peoplesoft_collector.py", line 150, in _capture_and_extract
    self.driver.get(self.base_url)
  File "C:\Users\ferib\AppData\Roaming\Python\Python312\site-packages\selenium\webdriver\remote\webdriver.py", line 356, in get
    self.execute(Command.GET, {"url": url})
  File "C:\Users\ferib\AppData\Roaming\Python\Python312\site-packages\selenium\webdriver\remote\webdriver.py", line 347, in execute
    self.error_handler.check_response(response)
  File "C:\Users\ferib\AppData\Roaming\Python\Python312\site-packages\selenium\webdriver\remote\errorhandler.py", line 229, in check_response
    raise exception_class(message, screen, stacktrace)
selenium.common.exceptions.WebDriverException: Message: unknown error: net::ERR_NAME_NOT_RESOLVED
  (Session info: chrome=141.0.7390.123)
Stacktrace:
	GetHandleVerifier [0x0x7ff7095de8e5+80021]
	GetHandleVerifier [0x0x7ff7095de940+80112]
	(No symbol) [0x0x7ff70936060f]
	(No symbol) [0x0x7ff70935d0bf]
	(No symbol) [0x0x7ff70934dae9]
	(No symbol) [0x0x7ff70934f94e]
	(No symbol) [0x0x7ff70934e0d2]
	(No symbol) [0x0x7ff70934d859]
	(No symbol) [0x0x7ff70934d51d]
	(No symbol) [0x0x7ff70934b08c]
	(No symbol) [0x0x7ff70934b91c]
	(No symbol) [0x0x7ff7093646da]
	(No symbol) [0x0x7ff70940a47e]
	(No symbol) [0x0x7ff7093e122a]
	(No symbol) [0x0x7ff70940968a]
	(No symbol) [0x0x7ff7093e1003]
	(No symbol) [0x0x7ff7093a95d1]
	(No symbol) [0x0x7ff7093aa3f3]
	GetHandleVerifier [0x0x7ff70989dc7d+2960429]
	GetHandleVerifier [0x0x7ff709897f3a+2936554]
	GetHandleVerifier [0x0x7ff7098b8977+3070247]
	GetHandleVerifier [0x0x7ff7095f83ce+185214]
	GetHandleVerifier [0x0x7ff7095ffe1f+216527]
	GetHandleVerifier [0x0x7ff7095e7b24+117460]
	GetHandleVerifier [0x0x7ff7095e7cdf+117903]
	GetHandleVerifier [0x0x7ff7095cdbb8+11112]
	BaseThreadInitThunk [0x0x7ff96f65e8d7+23]
	RtlUserThreadStart [0x0x7ff96ffac53c+44]


2025-11-05 17:08:51,254 - collectors.base_collector - ERROR - ❌ Erro em PeopleSoft: Falha ao capturar dados
2025-11-05 17:08:51,255 - processors.data_processors - INFO - ✓ Dados de peoplesoft processados
2025-11-05 17:08:51,269 - backend.websocket_handlers - INFO - 📡 Broadcasting update: peoplesoft
2025-11-05 17:08:51,270 - orchestrator.orchestrator - INFO - ✓ Coleta concluída: peoplesoft
2025-11-05 17:08:51,270 - apscheduler.executors.default - INFO - Job "Coleta peoplesoft (trigger: interval[0:05:00], next run at: 2025-11-05 17:13:42 -03)" executed successfully
2025-11-05 17:08:57,754 - collectors.google_collector - WARNING - ⚠ Logo do Google não encontrado
2025-11-05 17:08:57,784 - collectors.google_collector - INFO - ✓ Screenshot salvo: storage/screenshots/google/screenshot_20251105_170857.png
2025-11-05 17:09:04,073 - processors.data_processors - INFO - ✓ Dados de google processados
2025-11-05 17:09:04,087 - backend.websocket_handlers - INFO - 📡 Broadcasting update: google
2025-11-05 17:09:04,087 - orchestrator.orchestrator - INFO - ✓ Coleta concluída: google
2025-11-05 17:09:04,088 - apscheduler.executors.default - INFO - Job "Coleta google (trigger: interval[0:05:00], next run at: 2025-11-05 17:13:42 -03)" executed successfully
